date,"grid:transform=sign,vol_span_bars=30,buffer_frac=0.05","grid:transform=sign,vol_span_bars=30,buffer_frac=0.1","grid:transform=sign,vol_span_bars=60,buffer_frac=0.05","grid:transform=sign,vol_span_bars=60,buffer_frac=0.1","grid:transform=clipped_z,vol_span_bars=30,buffer_frac=0.05","grid:transform=clipped_z,vol_span_bars=30,buffer_frac=0.1","grid:transform=clipped_z,vol_span_bars=60,buffer_frac=0.05","grid:transform=clipped_z,vol_span_bars=60,buffer_frac=0.1",C_single_12m
2002-01-02,0.0,0.0,0.0,0.0,0.0,0.0,0.0,0.0,0.0
2002-01-03,-8.58136397615672e-05,-8.31920771131589e-05,-7.7932804492864e-05,-7.7932804492864e-05,-6.58974913376742e-05,-6.328679735168041e-05,-5.589669812244846e-05,-5.589669812244846e-05,-8.658069558398207e-05
2002-01-04,0.0031905419180973116,0.003242246885043043,0.003121235336323691,0.0031224363652524456,0.0033226795036915835,0.003270901160848716,0.0028612643528367343,0.002862465355297994,0.003492695788676059
2002-01-07,0.00014857224175801598,0.0001496466149928377,0.00027244470526399667,0.0003156462046733921,-4.8798869991428795e-05,-4.755228547237422e-05,0.0001281577361289532,0.00017136965512043467,0.0016236345326823276
2002-01-08,0.0013161758821707004,0.0013159993752973609,0.001253101723781791,0.001253046226331822,0.0026179727604267455,0.0026181917154637357,0.0027806704500623614,0.002780547104277442,0.0024053045174470267
2002-01-09,-0.001769894579608411,-0.001760143393945257,-0.002100011129699819,-0.002089963884384538,0.0007032653743264117,0.0007135125570021383,0.0003171561805976886,0.0003270849183496516,-0.0019621604174582252
2002-01-10,-0.0068581078119615,-0.0068176918252297325,-0.005981778725712039,-0.005941553670031907,-0.006356122006647147,-0.006316693880868196,-0.005469646725762556,-0.005429592464908706,-0.005379048260200192
2002-01-11,0.0005492467037813142,0.0005376799715273162,0.000309067191533563,0.00029733121792641093,6.315430692405144e-06,-4.360900079714014e-06,0.00020019767145629253,0.0001908690358600751,0.00027845706270235304
2002-01-14,0.0031429727102751936,0.0031425388341426164,0.003496153944613223,0.003495863994577464,0.0021184795904569675,0.002118622702049322,0.0020279524398170157,0.0020277804618313855,0.00405160783646763
2002-01-15,0.0019290500873676564,0.0019243576059764234,0.001627635721880738,0.001622502829978112,0.0018291210472787256,0.0018286944433565377,0.001765479619888044,0.0017703155986672492,0.0008161626837985825
2002-01-16,-0.000700359105684778,-0.0006654839159141446,-0.001646628278193174,-0.001611568778712158,-0.0014824981131345005,-0.001482392754295514,-0.00132186585798455,-0.0013565856281259059,-0.00218267530893157
2002-01-17,-0.003456990100853541,-0.0034185040956797863,-0.003968095757687862,-0.003929327865658583,-0.002676423048809773,-0.002676229759277282,-0.0033348147139654616,-0.003372839545816131,-0.00839292956823423
2002-01-18,-0.001261050735619218,-0.0012555992071960898,-0.0012791799521698621,-0.001273967465473369,-0.0016999500235800324,-0.0016976128491111853,-0.0016141048300353233,-0.0016190781108798014,-0.0011670434094732673
2002-01-21,-0.003550352975256521,-0.0034787380599627937,-0.004156434364474104,-0.004085439605155061,-0.003471844961548065,-0.0034644498993858797,-0.0040919739093389085,-0.00416204684687449,-0.004478381430921385
2002-01-22,-0.0009502502254569167,-0.0009630883020036451,-0.0014821302196457165,-0.0014952445729201624,0.0016094133470532235,0.001649435505362007,0.0015869361257729864,0.0016004410823073911,-0.0037283179067891803
2002-01-23,-0.0015363554753270448,-0.0015691802725810167,-0.001412561671223056,-0.0014476249162460597,-0.0012150901254132096,-0.001177407276518272,-0.000937600828518681,-0.0009024919600635339,-0.00031073916565560467
2002-01-24,-0.0024530587913628166,-0.0025487452244470354,-0.001967597825714096,-0.001990855802422531,-0.0019470441702050811,-0.00199039427472536,-0.0018177280663792539,-0.0017919287375447457,-0.0019701528417219727
2002-01-25,-0.0013231162526073925,-0.0014639690842729314,-0.001623908071045177,-0.0016743526244256124,-0.0017656605296586525,-0.0018129186490032367,-0.001821317653306398,-0.00187163996832318,-0.00042404080981262027
2002-01-28,-0.0046108579647832215,-0.004552902936471037,-0.00435200273529035,-0.004336304420448189,-0.0035922662568484975,-0.0035364667499269142,-0.0034186539146073835,-0.003403638018698918,-0.00465814167228773
2002-01-29,-0.004030118252117076,-0.004001242311616693,-0.003841863148624447,-0.0038158914876008643,-0.0035103023239736464,-0.0035025926603887703,-0.0034207683788739507,-0.00339552545095545,-0.0031135840476378407
2002-01-30,0.0025869925158197304,0.002519800121529414,0.0020149801633535525,0.0019856684042189876,0.0042306405944976255,0.004204180817935166,0.004298125314065926,0.00426931816601317,0.0008500305156178278
2002-01-31,0.00589683626282933,0.005727239550133767,0.005513306214081304,0.0054922119292355465,0.003779797235148985,0.0036108523598197273,0.003724208636908477,0.003704063161863891,0.007069734839397102
2002-02-01,-0.0003244745336923316,-0.00046673742866953916,1.585217036326192e-05,-2.988751957677671e-05,0.00021438306797283424,0.00011965450117323861,2.632014306502839e-07,-4.50862220171544e-05,5.460319721040108e-06
2002-02-04,0.0005737052986465319,0.0006505509696044243,0.0007019319596242024,0.0007391652973804952,-0.0009987249848995017,-0.0009228712177362652,-0.0006079867431036945,-0.0005710880771384597,0.0029170794765656094
2002-02-05,-0.0011766339437720985,-0.0012801472238973544,-0.00030903435154305825,-0.0003310131122311599,-0.00021073408464267196,-0.00031081581810488146,-0.0002579361822254711,-0.0002797978446902327,-0.00012323443466499828
2002-02-06,-9.730573122479491e-06,-0.00011021832485813565,0.0011313822293093079,0.0011262261797908568,0.0003125403227162149,0.00030533681180267003,0.0003834299064124913,0.000378414388554571,0.0016185331356972643
2002-02-07,0.0007101130239155484,0.0008481760071823441,-8.334773693219333e-05,-0.00015438412968038495,0.00045178316275484853,0.0005893374086496372,0.00014018351041933386,6.961431909768834e-05,0.003158118982898639
2002-02-08,-0.0008754791614445923,-0.0007240009677411674,-0.0006899396984135775,-0.000613817975071318,-0.0013246861652008723,-0.001174568417295685,-0.0008786678077067345,-0.0008031827416494774,-0.0002888350481474733
2002-02-11,0.0018252014566977337,0.001825307391358777,0.002039421590888324,0.0020392849986561323,0.0014311077650943638,0.0014306339523029177,0.0017282703074439354,0.0017283960189611314,0.0005421698116419016
2002-02-12,-0.003978982867836711,-0.003969507469740563,-0.0038258992045783202,-0.003822263611573562,-0.0036773304424191355,-0.003667341706497962,-0.003528596931150374,-0.003523122479556884,-0.004433198894215451
2002-02-13,0.0006769141807323464,0.0005946512222680944,0.0009010774905848784,0.000982412662567933,0.00024330108910253223,0.00016026145560465999,0.00032735219792923154,0.0002465064830246,0.0019103777909357245
2002-02-14,0.0005949763648349649,0.0005746793269403305,0.00045011585240861685,0.00047037755937395787,0.0012567882204788106,0.0012394174083589782,0.0011453115769264333,0.001125269095969994,-0.001231833316374109
2002-02-15,0.0025350916535931134,0.0025873494544697007,0.0026221720869608056,0.002570920481334449,0.00242382505283234,0.0024860603184049257,0.002372533085570838,0.002423404977981214,0.0036342522320762516
2002-02-18,0.0035949207847492115,0.0036328150481628185,0.0036369126718196476,0.0035993149797191037,0.0027645757454026754,0.0028014646239482577,0.0029713526401049517,0.003008625051926783,0.004753519152407293
2002-02-19,-3.0062090042859424e-06,-2.8224293510459297e-05,4.3558613200600504e-05,6.879939371562394e-05,0.0009777698809816382,0.000955062250141081,0.0008843537799423373,0.0008616838506134705,-3.5228414345112036e-05
2002-02-20,0.0016230712007574422,0.0015563480136526753,0.0014794947392351432,0.0015466471088476652,0.0013409957971433073,0.0014109481297783777,0.0009413921602761111,0.0010107305151640933,0.0011898740671751895
2002-02-21,0.0010425044465898203,0.0010405137693645372,0.0009371887310711813,0.0009403847624920303,0.0011107773502541107,0.0011099027192873478,0.000976558236417624,0.00097325072076071,0.001726453388085858
2002-02-22,-0.0037095328067809907,-0.003717747883421385,-0.003530121694047761,-0.0035227741340502217,-0.002284331386332439,-0.002288943639998875,-0.002362305251549124,-0.002369067261689284,-0.0030235518286361174
2002-02-25,0.01286025439836247,0.012915457124790919,0.012109253598073577,0.012058143322755344,0.008009178827047547,0.0077383890146671686,0.007849342340673804,0.007898189934460342,0.014652031741770433
2002-02-26,-0.0007413876218056448,-0.000696464882008363,-0.0009235732371560834,-0.0009101310871079127,-0.0008135758312715069,-0.000768441935485642,-0.0011325737154079807,-0.001145843961582127,-4.946594824706274e-05
2002-02-27,-0.005980854958933857,-0.006041414329543415,-0.006069747313374063,-0.006007196296433537,-0.003970999117901108,-0.004033524754045503,-0.0038383070133658492,-0.003899809864661652,-0.006839274304956122
2002-02-28,0.0031506711041138225,0.0031536531272553514,0.0031912224013519452,0.003194648261894084,0.002515796791466851,0.0025141855669352786,0.0025917826857368986,0.002590297163507893,0.003949476635005222
2002-03-01,-0.00122069288365656,-0.0012751637906318614,-0.001423268319694193,-0.0014771743186484665,-0.0014017797093232032,-0.0014560567451721296,-0.0014220514248669547,-0.0014761191548884334,-0.004379994440749879
2002-03-04,-0.0006093088550476189,-0.0006479432156205611,-0.0006444297048342484,-0.0006828084985505134,-6.0311013519109835e-05,-9.865014730003896e-05,-0.00015228720118343197,-0.00019062527228996817,-0.0008332443812404389
2002-03-05,-0.0016321162939277878,-0.0016761526919506498,-0.001510384220933636,-0.0015537312799388525,-0.001577628228282224,-0.0016214439034394346,-0.0013820687667150944,-0.0014256205106166764,-0.0034055895179578854
2002-03-06,0.0017380319802076105,0.0018006855329457672,0.0016197233966563918,0.0016816424036636413,0.0026952782259637154,0.0027579879144929986,0.002593586252855662,0.0026558667262290836,0.004215505182474599
2002-03-07,0.0025484469046919145,0.0025341801269296305,0.002499783648395759,0.0024843619063561473,0.0025550352859939895,0.0025408039000369698,0.0024474116113184508,0.0024327898546707694,0.0021715909591444316
2002-03-08,-0.00026921379885491703,-0.0002576215463049314,-0.0004046229614375063,-0.00039288129740711053,-0.0009054309379166181,-0.0008929205496328585,-0.0006656830134517122,-0.0006530001924488493,0.0005457634353509544
2002-03-11,-0.0019232770668365928,-0.0018964333880108208,-0.001988066285771417,-0.001960316506869897,-0.0014071507257998883,-0.001406393435882669,-0.0013580343141126328,-0.0013570616139148006,-0.0017579540498343649
2002-03-12,-0.0025521587573795745,-0.0025344940134233163,-0.0023206374953934628,-0.002301838229801456,7.820696226579216e-05,9.653304284529263e-05,7.979231186716618e-05,9.810292628920081e-05,-0.0016813468377807617
2002-03-13,-0.0041730472690333364,-0.004147342412716193,-0.003945521789310624,-0.003917946794631977,-0.004210782292218829,-0.004182976426214902,-0.0039780265716200525,-0.003950752916313194,-0.002886547220929181
2002-03-14,0.007207538980280148,0.007239585648268543,0.00710878309842955,0.0071375923647807316,0.006465202353522104,0.006437912332452278,0.006414435019977738,0.006416267234440776,0.0034869717403667178
2002-03-15,0.0010379100150852416,0.001033113613201575,0.000873185653980757,0.0008679583114865608,0.0013321724303732019,0.0013424986442904796,0.001166216446944368,0.001171310061724995,2.6453401336112847e-05
2002-03-18,-0.0006006411907732989,-0.0005778924603424551,-0.0008470646116165437,-0.0008251394220126773,0.00037626450153949165,0.0003332563402000943,0.0007088596130617741,0.000688545472219193,-0.00033667792756109094
2002-03-19,-0.001258231365076301,-0.0011649201507626383,-0.000998030470507949,-0.0009509448839447598,-0.001067995402143418,-0.0011611364773892463,-0.0007392684876594835,-0.0008321050713149258,-0.00020073247297980323
2002-03-20,0.003222120610265833,0.003322791951606341,0.003165303168128686,0.0032145587974126144,0.0035755966003923056,0.003476304637059613,0.0035593668989457594,0.003460645189973688,0.0009662572946618209
2002-03-21,-0.0037766774413553472,-0.0037766718732231697,-0.003854062842520989,-0.0038526973301714618,-0.004595800035399722,-0.004594620492083257,-0.004205979958727846,-0.004207267153202743,-0.00013674305564259637
2002-03-22,0.002524662005785938,0.0025179649524773584,0.002567317304802863,0.00256305560711656,0.0023657335921296596,0.0024219636226514574,0.0023420642660461066,0.002348251143604152,0.001887482561034881
2002-03-25,-0.0010907949416900653,-0.0010040059956054614,-0.0012073050744431102,-0.0011634371229185536,-0.0013826193043855461,-0.0014694381489436248,-0.0013459310181863637,-0.001388204810490512,-0.001344741222447543
2002-03-26,0.001069026564555653,0.0007381199619673762,0.0005368464932260508,0.00037103250274928,0.0012189092054954997,0.0015481044597733806,0.000730363248512278,0.0010587654108582534,0.00268040258869906
2002-03-27,-0.0032483572144109685,-0.0031833615534485604,-0.0031053424884763814,-0.0030728589220853086,-0.0016756126273685945,-0.001738362221376799,-0.0013792426365477617,-0.001441009279649741,-0.0018130541158611901
2002-03-28,0.005762073626646602,0.005763131851271197,0.005978574459868602,0.005971977116502103,0.004201553766504995,0.004211694542452404,0.004286845991523958,0.004292149753075236,0.003329286119799324
2002-03-29,0.001766098229122104,0.0017664203743483764,0.0018078556990912542,0.0017673786443996864,0.0015498489062926168,0.0015898955585587071,0.0015495710161377296,0.0015893031968163829,0.002475313739870977
2002-04-01,0.000700463601032375,0.0007005898434400137,0.001167168870658486,0.001220180226693568,0.0008813122512960625,0.0008286882411976393,0.00135564511212527,0.0013029437706830738,0.0001006914896777289
2002-04-02,0.0006266513275245966,0.0006267650295703753,0.0007721659901049893,0.0008151812790200275,0.0011834496979734599,0.0011408909058194805,0.0011271625310833588,0.0010844585890592562,0.0016776938187115231
2002-04-03,-0.0024313222637071252,-0.002431765572072364,-0.0028702321894601424,-0.0028693389275344927,-0.0025902690862963373,-0.002591069131120949,-0.002933133232952634,-0.0029335070737752655,-0.0021887052905796844
2002-04-04,0.003504170437556464,0.0035048096988465893,0.0037553055931278667,0.003767461803356964,0.004221808967804774,0.0042099032481728305,0.004042937413559544,0.0040302599821897545,0.004787577081215799
2002-04-05,-0.009362456906576555,-0.00936416075713975,-0.009299755414870714,-0.009266870467579125,-0.008560216365478657,-0.008592566602890317,-0.008253919508776408,-0.008284644244002659,-0.010310598564130302
2002-04-08,-0.0008742707298706742,-0.0008732188845760325,1.3380464873868902e-06,-3.642987969454392e-05,-0.0012605239572489602,-0.001221164425670107,-0.0011217949520944126,-0.0010822378883816874,-0.0004960400721987224
2002-04-09,-0.0015626824480686752,-0.0015739500889692115,-0.0015220955342888365,-0.001532582966827567,-0.001511517054970879,-0.0015252788812155638,-0.0017944257130412256,-0.0018079270078326104,-0.002905810106925366
2002-04-10,0.0025836886290468986,0.0025597646059676293,0.0027881539114134046,0.0027628788892508638,0.003437187238718886,0.003464926467277918,0.003432284115772566,0.003459359442967269,0.006176049371042991
2002-04-11,-0.001364897190648806,-0.0013384126419154763,-0.001146179649294754,-0.0011190846470305882,-0.0015384915018405998,-0.0015124346007848732,-0.0012792251351462225,-0.0012528911602701642,-0.002559362147175448
2002-04-12,-0.0007225869809261987,-0.0007093165584266536,-0.000753602803546416,-0.0007399682059286983,-0.0015700095798397706,-0.0015571610740202635,-0.0016479352843101758,-0.001634827561317942,-0.003335241066674266
2002-04-15,-0.003611163220980429,-0.003595033977721429,-0.004277616729652656,-0.004259464528981849,-0.0008653501900620642,-0.0008489526223920407,-0.000997047751355784,-0.000980525531838472,-0.006963104046237567
2002-04-16,0.0025693750427888684,0.0025226555071526935,0.0021924567013280605,0.0021445725117845704,0.000802928195556829,0.0007565318074032046,0.00014628654047643685,9.976594770089164e-05,0.0004828087879855669
2002-04-17,-0.0011784947906602339,-0.0011753826285472169,-0.001969704889101642,-0.0019657637773814463,-0.0009914201281854274,-0.0009883844368849815,-0.0017214068626113521,-0.001718271136784577,0.0007966694415648679
2002-04-18,0.0002249847003601424,0.000245203786948478,0.0003711150702936372,0.00039120172105189255,0.0002984648598232109,0.00031852306318347345,0.0002949742997520044,0.00031497871402974553,0.0031259813434445505
2002-04-19,-0.0006367311085226923,-0.0006869946995693432,-0.00040948861670098147,-0.00046076697143149214,-0.0004281780203772012,-0.00047800267880482306,-0.0002525500274779269,-0.00030346279157567047,-0.001705079252935282
2002-04-22,0.000293748643235725,0.00029072313788991444,0.00035990472375058147,0.0003588701259493732,0.0002500462342298615,0.0002458108142389115,0.0004541206457027158,0.00045202365632457386,-0.00579950939202567
2002-04-23,0.003165792094598885,0.0031920341767504024,0.0030845085138873074,0.0031079860667990733,0.0025563931401679785,0.002559561973423774,0.002242981806777067,0.0022444674904356088,0.0023516291869252193
2002-04-24,-0.003899178440377238,-0.0038918369642559902,-0.004000031111932256,-0.003994774705951665,-0.0015287754153056055,-0.001525944512010935,-0.00232641201095396,-0.002325071470583695,-0.001876026505555961
2002-04-25,-0.001090528595106166,-0.0009931631539469299,-0.0011141229523343732,-0.0010649546426702017,-0.00020878071540275656,-0.00030410669531499845,-0.00021172727976404015,-0.00026000761051303556,0.0015439658828870773
2002-04-26,0.0014511071140235199,0.0015841191172565328,0.0017602870340129861,0.0018261770998391214,0.0019118140583032073,0.0018505738987941722,0.0020456713797905035,0.0019828053175268145,0.002929954814724134
2002-04-29,-0.0006972320978859692,-0.0006972141307858282,-0.0005398768201883009,-0.0005396519937593824,-0.0012928090640318413,-0.0012934245488620544,-0.0012928517624825053,-0.0012931729336017606,-0.0014788790950919228
2002-04-30,-0.0004481504614284315,-0.0004863429958384957,-0.0006777398405379831,-0.0006959814708515921,5.930792500907778e-05,2.1594435393845757e-05,-0.0002613912858233647,-0.00027975094408516643,-0.002921466150561547
2002-05-01,0.0006416052945981132,0.00057595394492993,0.0003039737552907873,0.0002381448310968537,0.0009668570415826139,0.0009037051205897928,0.0003198052269073326,0.0002550094058983987,0.0024063709756567686
2002-05-02,0.0004137654199485308,0.00045418019289167333,-0.0005911789362104125,-0.0005505573090456295,-0.0005274351678133948,-0.00044921498552008554,-0.0014429232926558289,-0.0014034848669958189,0.0015240663561395529
2002-05-03,-0.0032814936051146493,-0.0032816182024359986,-0.003390111991918854,-0.0033888667588203303,-0.003169167981018184,-0.003170742039180996,-0.0029713513731852714,-0.0029722163339128693,-0.00430987475901079
2002-05-06,0.0024820918343098075,0.002482185997413122,0.002423023514068534,0.0024221342245396293,0.002488330527285587,0.0024895651999323754,0.001988409170677219,0.0019889867915954262,-0.0012388030724965748
2002-05-07,0.0034335948645791703,0.0034067938876396475,0.0032780656375128725,0.0032498693350779817,0.002935292666238043,0.002912513564339969,0.002615484950243996,0.0025919392360920224,0.005968810038734729
2002-05-08,0.00280884848166707,0.002844257226093161,0.0022456426515762296,0.0022801952402915493,0.0024824693617968574,0.002450111997394977,0.00198868154309384,0.00195438665546277,0.0020886704909213183
2002-05-09,0.0007087147434008401,0.0007020445567951228,0.0007417683169115286,0.0007347810158262469,0.0007796392844046096,0.000781230573119629,0.00038605741293973317,0.00039282953102071083,0.0014512260028527457
2002-05-10,0.002506571675918723,0.0025434361488887447,0.0025725021183142793,0.002608443517398973,0.00300908368507935,0.0029772697435008766,0.0030569138521185923,0.0030214617864003923,0.002393955790049196
2002-05-13,-0.0002591288771287559,-0.0002891403674440962,-0.00034899734133908566,-0.0003789527520249303,-0.00036245536759060837,-0.0004234571766824624,-0.0005193119755407816,-0.0004897399854039142,0.0006404447708978633
2002-05-14,-0.005262750489966939,-0.005116138438734041,-0.0040727816290220265,-0.0039240553388252275,-0.003597263600983225,-0.003969842416004177,-0.0036098997226877705,-0.0037567752687601708,-0.0034567679450271394
2002-05-15,-0.0020866334467042336,-0.0020789303155486216,-0.0020916645264998923,-0.002083105203336655,-0.0006721059148255826,-0.0006841601407092668,-0.0007090207172695262,-0.0007143562693590066,-0.003098368522689743
2002-05-16,-0.001088452983713073,-0.0010782365031541952,-0.0007830684681194855,-0.0007725541619932885,0.00012973637463509213,0.0001397139058401109,0.0005515536462268322,0.0005618015448261016,-0.0013026825414841348
2002-05-17,0.0007646880559750713,0.0006334133407841502,0.0008158982569113071,0.000684089958527867,3.7433704490830166e-05,-8.915286732213978e-05,0.0003757871053455819,0.0002463921981514794,-0.007096670063006516
2002-05-20,0.0032013084664510583,0.0031777643332306926,0.0030972317766182478,0.0030724044792873606,0.001455167595965312,0.0013165983566139072,0.0014503352291028726,0.0014279772803211799,-5.7365693769573234e-05
2002-05-21,-0.0003935062002272671,-0.00033655364267215493,0.00011953546183174346,0.00017653926077776383,-0.00021019191055327013,-5.702911552163403e-05,-0.0007381750704508194,-0.0006787781762606082,0.002078417644374886
2002-05-22,-0.008266540014449819,-0.008266222794047318,-0.008411964679428952,-0.008408248940598329,-0.008724716726273285,-0.008734951693272985,-0.008842683531387618,-0.008897117336304161,-0.0071057615286359566
2002-05-23,-0.00023683311200251023,-0.00024189331887081167,-0.0002702002427603656,-0.0002727580840153898,-0.0004983333291005421,-0.0005041584917097053,-0.0006789292973955474,-0.0006844586353832449,-0.000515482138010892
2002-05-24,-0.003537912101868712,-0.003465113026452471,-0.0034496977819823416,-0.00345937254546258,-0.002840041387862313,-0.0027703203270753596,-0.002868678298828753,-0.0027981249869267755,3.314564418954724e-05
2002-05-27,-0.0019473797159573758,-0.001974308883719633,-0.0013987645130015824,-0.0014257674062918557,-0.0007771915133567564,-0.0008039355520447211,-0.0008209390340051526,-0.0008463342506227489,-0.0011792896368121308
2002-05-28,0.0030207526660186446,0.003012164845366927,0.003411526859358638,0.0034002149900937972,0.0030357490546351062,0.003048609292745974,0.0030620860319494625,0.003073851370453351,0.0016500217783810278
2002-05-29,-0.0029439541565703387,-0.003048970429276099,-0.0030674437414468514,-0.003103607072453718,-0.0026117135905210365,-0.0025778459282663757,-0.002650293342059351,-0.002615304718405098,-0.0033685083318527598
2002-05-30,8.129193910200172e-05,0.0001291743046674121,0.0001972347706795663,0.0002414992532981941,-0.00011800106209458594,-0.00011470425385096128,-4.9323101262710445e-05,-9.053706350059532e-05,-0.001153003203791081
2002-05-31,0.0029245927102516944,0.0028559166352397636,0.0027508908050142278,0.002641691574616134,0.0013452791892951677,0.001200972567398706,0.0013588068132313058,0.0012518517626829428,-0.0032736857456311386
2002-06-03,0.002348306556329227,0.0023420043461930273,0.002408442460490212,0.0023924801381320915,0.0033771648439235857,0.0033679186869937094,0.0027918306373848623,0.0027786651174595,0.005563140922810739
2002-06-04,-0.0034233282992848224,-0.003246478969157973,-0.0035280008597509127,-0.0033376081778097033,-0.002405907652330841,-0.00221013468970066,-0.002653576662220991,-0.0024679342557204498,0.004890962257306342
2002-06-05,0.0016170138115125798,0.0017435945376900186,0.0019432850084379893,0.0020131422534521715,0.001334088745539308,0.0013529401235159444,0.0016254267188104965,0.0016975230477616066,0.0024951985091330453
2002-06-06,-0.0009882978412179,-0.000897133054216237,-0.0009264103081279007,-0.0009259098560084889,0.00016219510202697407,0.00016586540047036635,0.00020933187609140091,0.00021110138387747668,-0.0019893011384495285
2002-06-07,-0.0010739433217756833,-0.001219099688084424,-0.0009310031725392465,-0.0009292788654173822,-0.0016995576831317916,-0.0017936921060789368,-0.0017933530292142397,-0.0017432018631533541,-0.0018382356209847295
2002-06-10,0.0005177475046640456,0.0006249852938122746,0.0004599308915909095,0.0005809247901387149,0.0003481692786000412,0.0004539247878982966,5.800058485805337e-05,0.0001778895874784414,-0.0019639236137183325
2002-06-11,-0.0005815066375545186,-0.0007385047497723285,-2.809640875756081e-05,-0.00015913485308161057,-5.282965644548554e-05,-0.00020905942022009238,0.0005377322953332708,0.0004070003177023551,-0.0023846991855799304
2002-06-12,0.0019688574217708865,0.0021064268606421077,0.0020445072131141107,0.00204342359786569,0.001142244444089835,0.001245630109100171,0.001617062541324099,0.0015858601472258371,0.00043983035331041087
2002-06-13,0.0004839419877895601,0.0005240152538041887,0.0002664507760774537,0.00026631110329011776,0.00017666948640848723,0.00016509223166183418,5.436246302115144e-05,4.26628501770665e-05,-3.583682123542431e-05
2002-06-14,-0.0005550706207393397,-0.0005556039569453164,0.00024016255957093335,0.0002400368432964317,-0.00032702875831391864,-0.00025030107249557343,-0.0009404029662298807,-0.0008621276486876495,0.0027002256270185487
2002-06-17,0.0012822365543609937,0.0012835859916382475,2.1316184574571295e-05,2.2536104591575068e-05,0.0007449461333008944,0.0007904748611800017,0.00037229107010805507,0.00035636603995259364,-0.002454102120578505
2002-06-18,-0.004379025658200142,-0.004462911622476251,-0.004495063946100553,-0.004580635656891263,-0.003999171918995459,-0.003960163413034512,-0.004060876216407827,-0.0041484135363382135,-0.003966933367967829
2002-06-19,-1.945149156845627e-05,3.978071315735576e-05,-0.0003244979153720351,-0.00035663887807513284,-0.0012498182558156046,-0.0013041843917025453,-0.0013252650352295614,-0.0013247084488591243,0.0008476120126170716
2002-06-20,0.004036076359665186,0.004149544105132907,0.0038270156271118516,0.003813538700917496,0.0027386557344903917,0.002852480555631365,0.0027545834906352873,0.002744113522367586,0.0014934094707022005
2002-06-21,-0.0006654964266665786,-0.0005575773885581059,-0.00020148332982716788,-0.00015398559642831877,0.00021761405916742582,0.00036972675403501576,0.00037746172801189637,0.0004246864098846892,-0.0020502398353108298
2002-06-24,-0.0005826434495711519,-0.000586639031093239,-0.0004289176936299599,-0.0004354972555250525,-0.0005370529848298666,-0.0005512725931741125,-0.0005809742698082987,-0.0005867679421782679,-0.0032839759925036294
2002-06-25,0.001256784779050113,0.0012594989853618177,0.0013837342858133983,0.0014237930598530735,0.0012625621056048253,0.0014437251130290374,0.0012512631104393268,0.0012530100208447692,0.0038282285476483047
2002-06-26,0.003229457863862528,0.003239352123142858,0.0030536484551255683,0.0030606441195308864,0.0013192734220270896,0.0013893601643946152,0.0022239824565541966,0.002216586268306342,-0.002442168856436777
2002-06-27,-0.0007250111906000889,-0.0007234644861316974,-0.0008328622598771096,-0.0009071739874244589,-0.0006301123614160797,-0.0004598166874991705,-0.0006592435989963841,-0.0005841932307799613,0.0014413151412528968
2002-06-28,0.0032781152843501804,0.003279113282669721,0.0033824421668511295,0.0033810475733155876,0.001997514181606652,0.0018713249564148438,0.002097815658660851,0.002040679809779844,-0.00020008803868809544
2002-07-01,-0.0008735270871388368,-0.0008830633277904232,-0.000595560783992144,-0.0005953124803017573,-0.0010062549646736585,-0.0009688525118941582,-0.0009259361820105338,-0.00088838019403914,-0.0017990364255429103
2002-07-02,0.002976082181557649,0.0029744908683957405,0.003151522685814978,0.003150226971095016,0.0028749545670361254,0.0028771362619122165,0.002804327101212589,0.0028066271277822352,0.0032934516653317925
2002-07-03,-0.0014029031982424334,-0.0014021792721685689,-0.0015947808899209326,-0.0015929416063267254,-0.0005871250632143443,-0.0005441327550135266,-0.0007143445369154344,-0.0006712392345797902,0.005001912790963736
2002-07-04,0.0017124548106219883,0.001711531971295921,0.0015505609212775884,0.0015431987516871803,0.0011036215392288273,0.0011117790581978149,0.0007385367090184669,0.0007478393545048423,0.0008436283844128756
2002-07-05,0.0007771486637941916,0.0007768274053043811,0.0008401180784292084,0.0007922858707416491,-0.0007827656024192997,-0.0007829987140469674,-0.000596100210917383,-0.0006446997234854646,0.0024256947668741535
2002-07-08,0.000670180864072556,0.0006698176826001045,0.0002482555398781727,0.0002481698650087516,0.0007209693827987529,0.0007223605159742963,0.0004886920125526384,0.0004070607591486475,0.0027273831739400567
2002-07-09,0.00021163057389794737,0.00021159066818876582,-0.00014105005083575595,-0.00013981654615424777,0.0008280088218177717,0.0008083255272655077,0.0005529571354714324,0.0005331890596174116,-0.002002719218750726
2002-07-10,-0.0017956053133050265,-0.001794636896405799,-0.0018972720558684264,-0.0018903785439514653,-0.0018404774499755083,-0.0018360807947993552,-0.0018392452827782346,-0.001833976073107313,-0.001885450438762759
2002-07-11,0.00017252115737553808,0.0001735631934844939,-0.00028741536903553744,-0.0002873094693157663,0.0014998855217565055,0.0015325531232985856,0.0011998236731916023,0.0012004097158127003,0.0015948526771494276
2002-07-12,0.0011177178118881859,0.0010953765603842758,0.0009527409833292033,0.000952394154831282,0.0017895486676793304,0.0017347676804833068,0.0011409939593460816,0.0011415505347889265,-0.0018612673670238555
2002-07-15,0.0009278134420283024,0.0009508607696260274,-2.5723947404188152e-05,-2.5711567132047364e-05,0.0013302644756105764,0.0013089474636118759,0.0009779372786087315,0.0009814249430992739,0.0035168341015408
2002-07-16,-0.0088135238455882,-0.008753886960636947,-0.008633993974363374,-0.00863084374172196,-0.0060739919303597345,-0.00607689878134976,-0.005951060213980175,-0.005917925416402903,-0.006278343760817817
2002-07-17,-0.0010194239102435665,-0.0009985275248858283,-0.0007426154144836161,-0.000742341179954753,0.0004204231863200736,0.00042100352067175884,0.0005827901244483957,0.0005840735645699091,-0.00039402333424753966
2002-07-18,0.0019152125688608468,0.0018363342092879709,0.0011449300878281221,0.0011445095344939649,0.002245976083720791,0.002248696915556403,0.002113737462767551,0.0021915983481417545,-2.252391079315963e-05
2002-07-19,0.0011384883887533004,0.0012088172714388445,0.001508942070869379,0.0015083881211732653,0.0005454923734997674,0.00047646525656253047,0.0006581480449125987,0.0005880652396506036,0.0015632456110665771
2002-07-22,0.0003813295698871233,0.00044169858773690507,0.0007901536082017824,0.0007898664614258699,0.0002846226220123427,0.00028639813215525223,0.0005793288991362555,0.0005198166520201664,0.0010155818718831089
2002-07-23,-0.0013034885004776786,-0.0013036695144615917,-0.0013791860348304485,-0.0013774531670880386,-0.001612461488432415,-0.0016097161850924246,-0.0010861693051034127,-0.001082997933405161,-0.003242507581805665
2002-07-24,0.00296010856029838,0.002978475622294363,0.002987492918486989,0.0030066903430410186,0.002637068353934735,0.0026577162600074367,0.0025937300851377465,0.0026149316103938336,0.0032832941135818583
2002-07-25,-0.0017163945318550144,-0.0017784592654679354,-0.001580877118334656,-0.0016435915705963478,-0.0016302236948951832,-0.0016956831638281766,-0.0015415428915828144,-0.001607111865059574,0.0004360758831354339
2002-07-26,0.0043200262031339864,0.0043165338475998904,0.0018915255081606297,0.0018899773592617741,0.002686415055029423,0.0026908301162291703,0.0025598392739467624,0.0025643797041734473,3.343111444786828e-06
2002-07-29,-0.002252210611427108,-0.002196468787317496,-0.0022462395474198704,-0.002190803848726719,-0.0012430988479940064,-0.001191891821459956,-0.0012704909920174812,-0.0012193602620573785,-0.004014829546936216
2002-07-30,-0.0007719036852512628,-0.0007966488229065316,-0.0008153204762301192,-0.0008403560231838858,-0.00042063666079095174,-0.00039331829313626887,-0.0011192547811614828,-0.0010911184453176181,-0.0032559524820195973
2002-07-31,0.00314538013836696,0.003119953698538902,0.0032992788133880957,0.0032744361789540655,0.0016382847972993275,0.001616203107745351,0.002620238723192614,0.002573081697281543,0.0030227127452167046
2002-08-01,-8.674151208076797e-05,-6.991177589665831e-05,-0.00022408539094875835,-0.00020715463528708788,-0.000607414018195862,-0.0005888571254289987,-0.00024873975751971145,-0.00023222099435238341,-0.0003540008322120425
2002-08-02,-0.0003362439276674012,-0.00033710888343663203,-0.0002019496269569654,-0.00020525069150700848,-0.0005687894768391377,-0.0005370195016944912,-0.00030341239608400183,-0.00030689245416104516,-0.0005606782455406245
2002-08-05,0.002371989088027382,0.002260566700148514,0.001713236543782637,0.0016755533212182705,0.0007924667602370317,0.000694044381724046,0.0002426454854629334,0.00020611986307406127,0.004840310142150139
2002-08-06,-0.001321186435924715,-0.001423561699382958,-0.0013177184696104849,-0.0013796042946651044,-0.0005933296878837258,-0.0006351913951698762,-0.0007057509219294822,-0.000767737881038455,0.002773334327115906
2002-08-07,3.0780615107861564e-06,5.643198770788338e-05,-0.0002982651865538477,-0.0003201074715104557,-2.2910119434449427e-05,-6.451324513501167e-05,0.0010177541037137416,0.0009966913291017399,-4.9796793714418364e-05
2002-08-08,-0.003471175373602864,-0.0034973693164026542,-0.00330331215093449,-0.003262107719889884,-0.0017477520071350616,-0.0017779068221567274,-0.001266400187767136,-0.0012272234850952968,-0.003935348559199081
2002-08-09,-0.003290244053868685,-0.0033296005532064132,-0.0033781445842222535,-0.0033823318160485227,-0.0020876171135029153,-0.0020605362523394843,-0.0018254663788223047,-0.0018315162955672148,-0.0026706305464743174
2002-08-12,0.0007659962722672553,0.0007065827451100404,0.0009373374142545021,0.0009506780542776205,0.0006346300024631102,0.0005805247352033138,0.0008182239029137506,0.0008320529328815773,0.002180742767439847
2002-08-13,-0.0036032316315037782,-0.0035931932039960923,-0.0034655894793637065,-0.003461254491608279,-0.001586541220711446,-0.0015767734957690127,-0.0014643191162467817,-0.0014618128171385303,-0.004331486963028319
2002-08-14,0.0039513655351857135,0.003899310954033064,0.004270528875729651,0.004221697103313771,0.0041445397250692295,0.004143474925176749,0.004001458010496561,0.00395692561447758,0.003510539663813317
2002-08-15,0.008239350770425036,0.00789688191877369,0.007105023407506517,0.007108490964857994,0.006645207414026855,0.006310634075709087,0.005552905149272647,0.00556362258314036,0.004860144956088108
2002-08-16,-0.004124527031226566,-0.004088605245396226,-0.003951057345076947,-0.003864322434400713,-0.0021162965892209673,-0.0022508437100670076,-0.0020865170200566885,-0.002172178208596498,-0.0017335447692076178
2002-08-19,-0.001588998470612668,-0.0016381755152947708,-0.0021934372995173756,-0.002240972132368957,-0.0011099450671916422,-0.0010627102476621353,-0.001336521781222344,-0.001287677936854248,-0.0033302877321232938
2002-08-20,0.0006572706643201975,0.0007329233278963176,0.0006553217928626509,0.0007313344731736393,0.0008838776650597069,0.0009601593448633761,0.0007536168369564056,0.0008288336049717682,0.0038382841356769948
2002-08-21,0.0024870351332517693,0.002519853897686719,0.0022555297302644384,0.002289282702899298,0.001580362212364017,0.0015828673186322195,0.0015368364475536467,0.0015715836242740089,0.002995124132750604
2002-08-22,0.000255764593181107,0.00025357433831918463,0.00045020736862633193,0.00043470268541789814,0.0005447361323509536,0.0005301197879954422,0.001094831890167125,0.0010821493416375283,0.005674382670225686
2002-08-23,-0.006464546191367382,-0.006462923282827271,-0.006285358406061481,-0.006519574716517651,-0.007384942574902409,-0.007393339720196734,-0.007164858493375337,-0.007170363854646533,-0.0068443606263344225
2002-08-26,0.003667366918990167,0.003626781904412235,0.0033598099036260543,0.003320672585544804,0.003148819368994804,0.0031124990087152415,0.0030821186797300726,0.0030471111677612406,0.0043578737976914805
2002-08-27,-0.0020712913985118098,-0.002120976864687485,-0.0019148792305225815,-0.0019632976465232543,-0.0027375285855540943,-0.0027887783501079344,-0.002555619415684829,-0.0026036336900205903,-0.0010046342660435803
2002-08-28,0.00019618680981015046,0.00023329345396883028,0.00031711952621704675,0.0003574255973186613,0.0005718006320616364,0.000609034802964592,0.00034108453221071144,0.00037962243856459743,-0.0014710482098782007
2002-08-29,-0.0030420703014281125,-0.0029940532857786195,-0.002773302176207526,-0.0027247371641572204,-0.0025719136310875523,-0.0025249984008431925,-0.00261056568542406,-0.00256310916507696,-0.0026255406249123814
2002-08-30,-0.002396914992896737,-0.0024013985376527547,-0.002227437649253483,-0.0022294972122184342,-0.0006546748934729285,-0.0006590022164031373,-0.0011654514543976147,-0.0011660818733830736,-0.00762283222861615
2002-09-02,0.001990927377573559,0.0018756416743161974,0.0016070461438129069,0.001490978165562984,0.0010475047473450516,0.0011640728641746367,0.0008254617561631594,0.000941957455239173,0.0012139369234804853
2002-09-03,0.00048535437917229807,0.00046918697735809367,0.00047900400206413174,0.00046028346192072966,-0.0009748793514463561,-0.000993990472479389,-0.000951869909385894,-0.0009706486808936932,0.002297628117923667
2002-09-04,-0.0005976226576567267,-0.000609509209086978,-0.000522180310585485,-0.0005102797769677148,-0.00077615914437279,-0.0007651750900674603,-0.0008308891988147993,-0.0008195541814556284,-0.0016987710394369415
2002-09-05,0.005610415897476795,0.005673571896604557,0.0057702548771674245,0.0057072699759432854,0.005994486074731409,0.005937921563531345,0.005664526339300924,0.005605053395729698,0.0045693275363360986
2002-09-06,0.00035165293162342515,0.00036770150928755463,0.0004402085006096623,0.0004241053136873063,0.00011034439154733455,9.464573038320268e-05,7.11801791377642e-05,5.533993650708169e-05,0.0026464279575797445
2002-09-09,-0.005368816973241541,-0.005367266727693165,-0.00535026685847928,-0.005352349447225846,-0.004190516774420505,-0.004193690083956092,-0.004010367825888261,-0.004012894178240134,-0.0072499523367617336
2002-09-10,0.003378784500283505,0.0033445577828572493,0.0031682038820677327,0.0032041447648512023,0.0038519254584636897,0.0038205535266795376,0.003626404910479719,0.0036282487909606864,0.006807731052632882
2002-09-11,0.0020818743780888216,0.0020819926689632506,0.00220801844105889,0.0022504729493078024,0.0026079533444038905,0.0025690236649364984,0.002749637083081513,0.002752202450461816,-0.003911647667811269
2002-09-12,-0.0056626513010239465,-0.005662972960572499,-0.005798302688508117,-0.005683303590602873,-0.0037352971694749604,-0.0038513551591757844,-0.0036442426024545505,-0.0037589657293219947,-0.0030479667788584353
2002-09-13,-0.008119028055573518,-0.008118300043533755,-0.00809505776633579,-0.00802437334093753,-0.0064791903983641985,-0.0065543769854138345,-0.006286150582062278,-0.006358366428595552,-0.009113810214546714
2002-09-16,0.0017097197299658085,0.0017098156362831407,0.002016983518848825,0.0020166019965059956,0.0008379103267206478,0.0008388926731033308,0.0011836264276086084,0.0011844402600296178,0.004715938607705583
2002-09-17,-0.00024260897933292558,-0.0002726775432370099,-0.0004117010378660302,-0.00037791008034449014,0.0013634842561738303,0.0013356292631876432,0.0011949290155106596,0.001163928634236644,-0.0012123185035629591
2002-09-18,0.0021605430190194674,0.002230735734567668,0.002343472713194128,0.0023429499209834947,0.0007789212229045717,0.0008483829576186874,0.0009366878768628517,0.001007630617912536,-0.0002728346962880268
2002-09-19,0.002358222281095168,0.0023803434308853344,0.002483443524446738,0.002482890763955359,0.0011760130795186452,0.001201262001880643,0.001178224741389844,0.0012007184245503844,-0.0005967643107809284
2002-09-20,0.001090348523020257,0.0011045736913317672,0.0012345890821228167,0.0012343152755280862,0.00041816926625637407,0.00038063615703931575,0.0003762673436491504,0.00038818784800787043,0.002037006938080177
2002-09-23,-0.001067539509589599,-0.0009856906143353994,-0.0009253014785188807,-0.0009250942375091942,-0.001296291877056821,-0.0012175057032066672,-0.0012659990746196614,-0.0012641547400450426,-0.00010025479402842041
2002-09-24,-0.0004498899001773582,-0.0004764901826035395,-0.0005355617513799205,-0.0005354421371474016,-0.00019902997492626806,-0.00022744463664514658,-0.0004429901353234511,-0.00046308938376882214,0.002477217415035593
2002-09-25,0.003178778082116196,0.002961490823633506,0.0031131349915878292,0.0031124434685394498,0.0022766041613364596,0.002185794937470842,0.0028905319514747063,0.0029007787071866353,0.009130502059623291
2002-09-26,9.119473886354257e-05,-8.27307010228262e-05,-4.802301358897143e-05,-4.801176267765772e-05,0.001692879732546615,0.0015254837564193657,0.0015741882948838715,0.001521313216478637,-0.002302140602940206
2002-09-27,0.005504493266722088,0.005508173363503621,0.005409652368368434,0.005408453934582447,0.002147774060826002,0.0021222818971682322,0.0032218137018651394,0.003223961163062894,0.0006431202700400984
2002-09-30,-0.006479420114259282,-0.006481810138686095,-0.006060860924068434,-0.006059522954554697,-0.005552938085723658,-0.00552553272142986,-0.005335959899549825,-0.005339540090513628,-0.005690407950701193
2002-10-01,-0.0003076307285126978,-0.00030772819998647893,-0.0002078884911497214,-0.00020784177327337616,0.00023048791668123236,0.00032755565617126337,0.00031058715828802264,0.00031079636079489603,0.0006240403580795029
2002-10-02,-0.0009100773847707799,-0.0009091371614178279,-0.0013094745581025968,-0.0013079524411803156,0.0001333519254909099,0.00021988449837651025,-0.00023998841363803702,-0.00023896056116079478,-0.0006428264104118009
2002-10-03,-0.004090952645983359,-0.004221984423628533,-0.004290655361164686,-0.004422469364642301,-0.0019759981451694664,-0.00209670829422115,-0.002239064129963886,-0.0023706627647007705,-0.0053581353877532045
2002-10-04,0.0010724687829253288,0.00095555200171904,5.653171699826487e-05,0.00019889435099740282,0.0007524945418340145,0.0006397205528922978,0.0001506582448711491,0.0002911949427439886,-5.832970113472946e-05
2002-10-07,-0.0009877200080788962,-0.001146618348906392,-0.0014363326759003758,-0.0014335592586939283,0.0003016800327475533,0.00018276340790901457,-0.0002298423948875472,-0.0001925194261416241,0.0022554203313700505
2002-10-08,-0.005777702942939333,-0.005743377614962464,-0.0048609019540889475,-0.0047925212758623825,-0.003881182895263291,-0.0038499616213660826,-0.0033360482899612576,-0.0033047303345996593,-0.005176613137737651
2002-10-09,-0.0001601971261449009,-0.0001999622560854286,-0.0009732367444587053,-0.001012502439095897,0.0019350752234235102,0.0019004450539650275,0.0011580220664282326,0.0011201451580757915,-0.0002654539226527586
2002-10-10,-0.0026545368285900706,-0.00263452909404871,-0.0018509401327626573,-0.0018244130416402715,-0.0008996893983739263,-0.0009001554533012435,-0.00016173101682848134,-0.0001400593896727642,-0.0013474902486272367
2002-10-11,-0.0021570652697052717,-0.0021593902200610637,0.0004716802310449353,0.0006975910953588293,-0.004133920258807766,-0.004142482698592076,-0.0013011887728962002,-0.0013105802587213278,0.00033566857175326703
2002-10-14,0.0006762561337709805,0.0006744593631504703,0.000748740608392584,0.0007498288788920782,0.0004597601100864157,0.0004585036745861082,0.001035806048065524,0.0006808764385193289,0.0007008553203537993
2002-10-15,0.0020487455323825454,0.002079759813666815,0.0020744888630919167,0.0020981495780152404,0.0019489870031124124,0.0019527229071725216,0.0019114686386516588,0.0018908604155707387,0.004150586495779818
2002-10-16,-0.0004864088650986531,-0.0004827835523897317,-0.000652445638153476,-0.0006239500843675527,-0.0011114797382196784,-0.001112856412940788,-0.0014934927990822855,-0.0015237126613055763,-0.0008899774185412435
2002-10-17,0.002060294175359134,0.0018063285799141404,0.0012914237381380644,0.0012712536710366429,0.0014127477691470158,0.001432451858877526,0.0006529078540216116,0.0006728041787984473,0.004669405136227267
2002-10-18,-0.0038181083725971066,-0.0038207974333270833,-0.004210227458891103,-0.004290326001656464,-0.003135760434756496,-0.003061665029132965,-0.002721269095646295,-0.002641823745151095,-0.0040722961637355
2002-10-21,-0.0034631785127949843,-0.0034167274214642607,-0.0035043877045839444,-0.0035025636332038923,-0.0011410512591030209,-0.0010953673900903071,-0.0010067658823985637,-0.0009583366793677328,-0.003264715029713261
2002-10-22,0.0011642632744655046,0.0012003363391757116,0.0013442840580948356,0.0013780042662328018,-0.0001675107195245884,-0.00013395036262964233,-0.0003062731210041747,-0.00027251487525226104,0.000724625775670118
2002-10-23,-0.001697210889103351,-0.001680509425446397,-0.0017835275239841408,-0.0017662643378490994,-0.00018326646143107528,-0.00016540134353459912,-0.0003903945135238507,-0.0003768255946964283,-0.002500683875476639
2002-10-24,-0.0018645138680425388,-0.0019309594433454258,-0.0018439749836047792,-0.0019118828924155062,-0.0003291483213198054,-0.00039721686564786474,-0.0006235719792463401,-0.0006882200131641536,-0.002276412367045788
2002-10-25,0.0017311539347035776,0.0018087642444353236,0.0006310053318134834,0.0007131184825559522,-0.00011198331460438027,-0.00019233733112289375,-0.0004804948966218303,-0.0005603302301542268,0.004361757153760859
2002-10-28,0.0040551200451171,0.0040630819035920585,0.004333406778412652,0.004330915304819216,0.0025613260779278058,0.0026003661102780296,0.0023498219570645684,0.0023879750145650025,0.001417808934429221
2002-10-29,0.004503014909546632,0.004524688552162148,0.004682282281721184,0.004690510689237648,0.001435413818069886,0.0014531276700333606,0.0014774372310328854,0.001492670052260614,0.005745413400770616
2002-10-30,-0.002142154919459127,-0.0021538216337576577,-0.0013341602144986142,-0.001340859408369477,-0.0015702620942571466,-0.0015840757165779262,-0.0009419187106195492,-0.0009534760540000908,-0.003549368053708646
2002-10-31,-0.00367768992435058,-0.00371837136168629,-0.004213578667231932,-0.004250431257589948,-0.0021555434819695574,-0.0021182047845249574,-0.0027649647473755312,-0.002729665146559257,-0.005345038014685333
2002-11-01,0.003365008531244662,0.0033695698616373893,0.0032580451980956937,0.0032581482791533833,0.0017959456054468248,0.0017979887943391226,0.0018705716347136025,0.0018717632102023263,0.0028283044598096385
2002-11-04,-0.0014168084118900692,-0.001418005525466115,-0.001138899314725328,-0.001138326546426316,-0.0018884205347077243,-0.001891103104485925,-0.0017372108714138745,-0.0017387871460943227,-0.002110415899665652
2002-11-05,-0.0023637497198313318,-0.00237433140330201,-0.0023897439969668977,-0.0023971705619353356,-0.0020285161349069547,-0.00203021129474501,-0.0016197374675672727,-0.0016200193254665152,-0.0017904245996418489
2002-11-06,0.0038182882216228897,0.0037888157096170882,0.0035447601538807216,0.003510171569496512,0.0030596058255536462,0.003031953482015348,0.003232223211506513,0.003203109467999621,0.0002898599710081662
2002-11-07,0.0027729953708353072,0.002790878514925099,0.0029708500820737616,0.0029849941366042465,0.0035700886372904694,0.003590355423833236,0.003111085883787057,0.0031291156891370964,0.00015544408338419302
2002-11-08,0.003942946108578704,0.003961746984310066,0.004118035881768289,0.004131550386947458,0.002688006613616567,0.0027068892227517516,0.002580990537581318,0.0025984316666536333,0.005477302367520531
2002-11-11,-0.002034506573128203,-0.002024302397654165,-0.0016403715089389204,-0.0016275981842992504,-0.0020507297713630024,-0.002039598324235503,-0.001992725697813058,-0.0019804664809607297,0.00025902200399685604
2002-11-12,-0.003368778939395911,-0.0033579307722377827,-0.003456603702145733,-0.003441174229302346,-0.003637034062828781,-0.003655487248138134,-0.0033848189346128432,-0.0034012170606413372,-0.004929699585028202
2002-11-13,0.00016387128392070238,0.00016914430531800306,-0.00021292672032702242,-0.00020765856883120382,-0.00031745458600540566,-0.0003229403013882415,-0.000368980351860726,-0.00037435647289840723,0.0009253098931047976
2002-11-14,0.001824075664288216,0.0018695998744593378,0.002014381713571378,0.002056324302036394,0.0017989162083849042,0.0017617700713583595,0.001544800179887451,0.0015041803423714306,0.0036231538008639763
2002-11-15,2.9419417497456024e-05,3.143236289560036e-05,-6.727473283241192e-05,-8.267894222768746e-05,-0.00014030819048549414,-0.00011418810744723285,-0.00018286801125855234,-0.0001679395316925847,0.004570835186289868
2002-11-18,0.00039234725578984886,0.0004597411036222354,0.0002923808171131359,0.0003608691726624258,0.00022284574706232796,0.00024692274036119954,0.00012896135601980774,6.193138760135497e-05,-0.0013604633118278198
2002-11-19,-0.004070174227240986,-0.004130478779209246,-0.003961364945255896,-0.004018972526039333,-0.003283840529355264,-0.0031619593056760875,-0.0029214551199258088,-0.00286335988481079,-0.003384248932613798
2002-11-20,0.0017191348352154634,0.0017940063063661693,0.0016474109294071226,0.0016671649274906386,0.0017312866292547024,0.0017143458583634974,0.0016215141290363277,0.0015529783476704306,0.002580270808799856
2002-11-21,-0.003022515874923304,-0.0029066261034956797,-0.002508395927409146,-0.002438169089965303,-0.001052995162378112,-0.0009838580356400506,-0.0011174045127524401,-0.001097469362360659,-0.002157648127644851
2002-11-22,-0.0006376984285817455,-0.0006616176794602691,-0.00047766232602464154,-0.0004514960407457913,0.0003540068930947271,0.0003075342276961379,0.000620489719047379,0.0006483430347759,-0.0009275957676024849
2002-11-25,0.0012919591742512893,0.0011438450026426406,0.0010550310249404227,0.001043980179834314,0.00017271732579238197,4.7959427090349394e-05,-5.17891975546636e-05,-4.264786520480346e-05,0.0017123831031702341
2002-11-26,-0.002206125867511788,-0.0020278379518771095,-0.0019924486343877446,-0.0019370077852923773,-0.00011711642584166793,-4.690500746673543e-05,0.00043718123318603475,0.00038913384918437544,-0.003418798832009129
2002-11-27,-0.0008996727474210875,-0.0009366624328203121,-0.001026079341400865,-0.0010633148753584898,-0.0008207724334559074,-0.0008812767903326746,-0.000929679224981772,-0.0009910965609245537,-0.001768748371021367
2002-11-28,0.006793880294371002,0.006797647331641787,0.006911321119868585,0.006906626115370074,0.006021484248433406,0.005950001240893066,0.004981337871449831,0.0049069411429916165,0.006611858175890273
2002-11-29,-0.0015561220988126179,-0.0015722849078894097,-0.0015009551746978378,-0.0015171006066638792,-0.0018096582167858033,-0.0018097635609916063,-0.0014758557692090557,-0.0014732565514783413,-0.002186631626983848
2002-12-02,-0.0061541203028074865,-0.006168275037368498,-0.004605555967317598,-0.004656899763253897,-0.003324289104882472,-0.0033335138304733114,-0.0029345511063981755,-0.0029480312883890525,-0.003105891175225306
2002-12-03,-0.0008809396199253028,-0.0008270874378903947,-0.0008021746834657728,-0.0007472936251432527,-0.0009648005456037723,-0.0009031155243854894,-0.0012288882044487748,-0.0011772314343727608,0.0009929131781416523
2002-12-04,0.0014852479331131097,0.0014704824970661612,0.0013266361188979392,0.0013101960769581478,0.0015116275478159746,0.001503291061534462,0.001342340706101508,0.0013332401181254117,0.0002844071207912524
2002-12-05,0.0001700798256112357,0.00034014829484152465,0.0002952995784517576,0.0004652470043977619,0.0011008666213829787,0.0010829217630436982,0.0013984598404936932,0.0013805582844192976,0.001980538924598152
2002-12-06,-0.004236503159259275,-0.0041812985126895574,-0.004066761276939057,-0.004002660035096306,-0.004539570341805965,-0.0044885165716892494,-0.004066054788877005,-0.0040132675666531,-0.0062739900821670025
2002-12-09,0.0037365230820205486,0.0034435927152500767,0.003225905630286352,0.0030729669416116323,0.004939091996414513,0.004926146223819261,0.004639622476134031,0.0046246582458771,0.004493608993352272
2002-12-10,0.00016514497707009745,5.769519105514043e-05,0.0002241494028001334,0.0002672375034331598,0.00022553177579665018,0.0003360858542098555,-7.464122137590401e-06,0.00010153804753354478,0.0004975500029824609
2002-12-11,0.0005097392558697234,0.0004423119973120393,0.0008802409943675649,0.0008495505091263844,0.0022708236371953294,0.0021448471269689406,0.0024961525259221684,0.0024044435609349435,0.0016678380785726254
2002-12-12,-0.003212169878093696,-0.0030097019560823,-0.0026051583230862763,-0.002499256059879329,-0.002250858159027036,-0.002020412890336387,-0.0018460558649806558,-0.0017506912349676274,-0.003915142817585093
2002-12-13,-0.003827931748672131,-0.0038275788612497363,-0.0037950911391901876,-0.00378730328002308,-0.002350984880706508,-0.002353646003031118,-0.002210106256279154,-0.0022117096464545627,-0.0015163784112239842
2002-12-16,0.000984800546493414,0.001126181256286829,0.0008851325110639241,0.0009657873612338719,0.0009158949313718967,0.0009539879247473237,0.00038953731212787446,0.00042459577351738886,-0.001829209853130065
2002-12-17,-0.001483895752031117,-0.001538880925121,-0.001745430939310788,-0.0017958716747731307,-0.0017123479432296085,-0.0017108825603511235,-0.0013966436667919302,-0.0013422702862492253,-0.004083711704056192
2002-12-18,-0.0009561662290965556,-0.0009534414982066419,-0.000710677751491251,-0.0007158713112217496,-0.0008931245631933482,-0.0009086735134247181,-0.0009657640375132504,-0.0009824272431564474,-0.001278124193023089
2002-12-19,0.002832543459613923,0.0025137002531199215,0.0034991688963930123,0.0031313921752469387,0.00206375820431548,0.0020271457590221864,0.002114426419818516,0.002346320688363379,0.005332058946032392
2002-12-20,-0.003664564413420779,-0.0035684204605059833,-0.003963778560417852,-0.0038301667582886223,-0.0019157492329977543,-0.001851349319551887,-0.0017480237884045513,-0.0017763809301039046,-0.005606865443621101
2002-12-23,0.003227816338468692,0.003228639703186209,0.002986679464102915,0.0029858318701221354,0.0029353857691194474,0.0029388219281680783,0.00291198166078499,0.002908573099011047,0.0024946397911822515
2002-12-24,0.00046361701258401666,0.0005451757193279949,0.0006396787278197813,0.0007968895228289696,0.0009483789915525342,0.0011032325655973008,0.0009643671576227142,0.001040491377502617,-0.0011368527161392805
2002-12-25,0.0020093674298955477,0.0020925642364095776,0.0019149250541741214,0.002079257496782727,0.002093369786082988,0.002252340547136855,0.001996132314485477,0.0020768563698982945,-0.0007845059571089941
2002-12-26,-0.0004673658627836197,-0.00048381658324714305,-0.0004736229886278531,-0.00038956765689657225,0.0003678647201952323,0.0003428389645137031,0.0005706172415345101,0.0005728247667762254,-0.0023419873262969793
2002-12-27,0.002715193714019959,0.002702663055284882,0.002391067001574765,0.002235809102608899,0.0025662368662737745,0.0024962783065010097,0.0020569015015341474,0.001980168396587212,0.003644797949158063
2002-12-30,9.572555249515169e-05,0.0001137699904854017,0.00023327223718649925,0.00024560323327649236,0.000820572560217725,0.0008594841765827699,0.000799700574634743,0.0009039711051674892,0.0005643767122893717
2002-12-31,-0.0008833174076285921,-0.000816881081801113,-0.0007050237331048814,-0.0007081436560553156,-0.0004835272235642618,-0.00041788587927427123,-0.00022236497368610664,-0.00022095156659474036,-0.00046016516604263646
2003-01-02,-0.004358237976213708,-0.004090181694025419,-0.0037501318171619946,-0.0037467338423912144,-0.0021610089940398147,-0.0018887033741150638,-0.0017002066931486315,-0.0016855970260648556,-0.002109608381846151
2003-01-03,0.004442397942983511,0.00401659713832303,0.0035891430134000757,0.003585885912130049,0.0032178803882179086,0.002808660749917591,0.002411714909786422,0.0024151966828682703,0.007812809309368784
2003-01-06,0.003100156540048582,0.003096159685679556,0.003086419430105458,0.003155022403450225,0.0012897151187936107,0.0012195862287398551,0.0011856969556842678,0.0011217820419511249,-0.002367599287086297
2003-01-07,0.0026188926029659942,0.002580158558832757,0.0031764023883464887,0.0031304501341005153,0.0010715985232596648,0.0010899125818157884,0.0005268185448170648,0.0005443380933840558,0.0018866754959141474
2003-01-08,-0.003290343512211358,-0.003123031298485568,-0.003392735805108349,-0.0032616357697217158,-0.0017139425302319378,-0.0015117355859771697,-0.0014898518039482278,-0.0012853443800716624,-0.0018878172814990046
2003-01-09,0.0005992053659789054,0.0005403388917966101,0.0005235233835698683,0.0004606818406123203,0.001125997585305738,0.0010254766956709904,0.0012239212978280012,0.00112206826397232,-0.00022401251019354973
2003-01-10,-0.0026464423151663086,-0.0027026441189017536,-0.00265505884637518,-0.002472706962691529,-0.002350860216172923,-0.0025255720344234955,-0.002216295432117321,-0.0023903990953131338,-0.002333478048697768
2003-01-13,-0.0003248639259832986,-0.0003239769013452243,-0.0003862428361236514,-0.0005132423483106274,-0.0008197259020201741,-0.0006947867324447188,-0.0007682712304069028,-0.0006441771595276924,-0.00014552448923366157
2003-01-14,0.0012788478974063988,0.0011984837571801243,0.0012380269163116964,0.0012209012196118252,0.0007849445417760226,0.0008210219521400663,0.0007017249165577333,0.0008008523048934624,0.0008226047944133175
2003-01-15,-0.0015808132534338437,-0.0015983798663464777,-0.0015869683130997903,-0.001603958136923822,-0.0015832534435638035,-0.0016221249954568862,-0.0015769501222010485,-0.0016173848103833155,-0.003680988729073187
2003-01-16,-0.003135202329575093,-0.0031145598692534637,-0.0036868812469750267,-0.0036618666827648028,-0.0014891805654958512,-0.0015242743511207912,-0.0016158970156849861,-0.001651517358959742,-0.0019459258293700321
2003-01-17,-0.0030507016329476278,-0.0031138895787942156,-0.0034671553936385102,-0.0035243980972611277,-0.0025447926575543622,-0.002611243273991426,-0.0029121277312409433,-0.0029771234797391077,-0.0017262814187720688
2003-01-20,0.0017611489470401587,0.0017599011681725951,0.0014193362781889096,0.0014744150743357665,0.0025662902202254756,0.0026277589402388113,0.002452721467159469,0.0025125004514112703,0.001831552122695479
2003-01-21,0.0019420624137074238,0.0019483261750998793,0.0017159923858403037,0.0017743293326155651,0.0017472933841005123,0.0018122272005334228,0.0018091701242208824,0.0018664098257354933,0.0017798855471100605
2003-01-22,-0.0005860820143503975,-0.0006197273642887247,-0.0001435327464724967,-0.00016077919585055778,-0.0008562458175460641,-0.0008406469293802399,-0.0007795312750765726,-0.0008096771181634876,-0.0010634643790908838
2003-01-23,0.002094992855224076,0.002164081600755763,0.0014799184818239386,0.0015222876632186022,0.0011946143826144784,0.0011912981773265496,0.0002903791211832374,0.0003574903243552807,-0.002288960499339021
2003-01-24,-0.0018539403913987451,-0.001829650229174029,-0.0016402450735076846,-0.0016244543523306065,-0.0010776566451570213,-0.0010915121135833816,-0.0009703398865756885,-0.0009414155471956231,0.0005733567419323737
2003-01-27,-0.0011303195071378225,-0.0010823492922990008,-0.000548140573163769,-0.0005478204257558517,-0.0020854890293794393,-0.0020386504606411116,-0.0017684079837784195,-0.0018754479786189382,-0.002034068020819957
2003-01-28,-0.00032291524333583066,-0.00021247270212554348,-0.00027618016114983046,-0.0002180859358963394,-0.00014536726780756126,-2.3168662454109423e-05,0.00021357498532048602,0.00033785435629218874,-0.0014839370940276098
2003-01-29,-0.0019014116383995194,-0.002003199657969801,-0.001751364492867391,-0.0018935134946782561,-0.0015283111627455437,-0.001251838922848414,-0.0014757791725747982,-0.001385169129359043,-0.0022679803017836564
2003-01-30,0.00012660870454950235,5.213688417660123e-05,-0.0004962293409550567,-0.0005889871628224075,-0.00027584504366917617,-0.00020123380212677677,-3.926504773088535e-05,-7.366914061657237e-05,0.00036716090151633907
2003-01-31,-0.002625324319491029,-0.0026869988602382655,-0.002340840414760015,-0.0023688719892961396,-0.0023278479757310455,-0.002204628294165789,-0.0016782258176281095,-0.0016014361166252211,-0.0030278999537812767
2003-02-03,-0.0019846351987689026,-0.0021442515864777967,-0.002570277000968013,-0.002645762878756286,-0.0023080984262215942,-0.002580093333248601,-0.0025988625718444958,-0.0027539917621999255,0.0006867373937067267
2003-02-04,-0.0009049461734024211,-0.0010118356594940314,-0.0004732142500359915,-0.0005654869142357466,9.226120483685207e-05,5.389465113037062e-05,0.00048298816089697993,0.0004605960137373799,-0.0015863606622100734
2003-02-05,-0.0035828451536568107,-0.00361592861034421,-0.0029912835658916226,-0.0030181366070560767,-0.0023910652334524496,-0.0024292759155880583,-0.002266201958257552,-0.0022955279055643096,-0.0019726363720946605
2003-02-06,0.002896948832492807,0.0029997237721530734,0.0028866696920253343,0.0029822300421895598,0.000969524575615166,0.001082856919019548,0.0012186409165759748,0.0013149767883087193,0.0036507355390520413
2003-02-07,0.0027947765532425617,0.0030441630313922108,0.0026922374669362537,0.0028751768931394306,0.002941322043426897,0.0029376491100945312,0.0027386787526273437,0.00276628858407979,0.004378015545945857
2003-02-10,0.0020217324719640217,0.002021967704912697,0.001473779857423807,0.0013974387712440972,0.0018677836074771914,0.0017160399362705636,0.0018717913805605946,0.0018012138199507977,0.002194359212800201
2003-02-11,0.00015080797741551244,0.00017572587442971077,0.0001116732505739293,0.00012620990872536098,0.00015139711801603895,0.00017710673164295088,0.0008997444643266128,0.0009248803459862565,0.002332195697502426
2003-02-12,0.0005310287864905838,0.0004384644315724717,0.0005316583616905568,0.0004520873980924378,0.0006014806492811164,0.0005331832754957855,0.0005109795984079568,0.0004223634658251374,-0.0014139683661916758
2003-02-13,-0.0018367539857938597,-0.0019201556894079541,-0.0022254348820612835,-0.002287510327443565,-0.0026409757626046915,-0.0027838312553396527,-0.002929505581826919,-0.002987714793469043,0.00037711598711731575
2003-02-14,-0.0016847536235731209,-0.001931790286377022,-0.0022346305221283558,-0.0022046740513327334,-0.0016911783154837101,-0.001502496001959619,-0.001924927286725997,-0.002004012982147141,-0.002647096121805803
2003-02-17,-0.005324272336017066,-0.0052180738024771856,-0.004984112584406231,-0.004907937037110677,-0.003703382676661704,-0.0035945280209149777,-0.002856954166136738,-0.0027494309765383473,-0.001076147487367285
2003-02-18,-0.004603436930911142,-0.0046186904458873634,-0.0036871553688545555,-0.0035356334616538643,-0.003584612692773881,-0.0035814088056537186,-0.0028087957204561143,-0.002797827070144754,-0.0034222608738792015
2003-02-19,-0.007754582095896301,-0.00716119666140258,-0.0077388092211109205,-0.007139759193179773,-0.004869114369651761,-0.0051125782732724945,-0.005023078437544348,-0.005382464720896096,-0.006580978884981881
2003-02-20,0.0019404225596781899,0.0019602254034989386,0.0017601170200476357,0.0016463628106069272,0.0008106516808805697,0.000836018318315146,0.0006274432271715646,0.0006526012281795612,0.001233558636970944
2003-02-21,-0.006567918268676642,-0.0065878947686126565,-0.006485443927902845,-0.006490045293064961,-0.004049277060612311,-0.004070497739929846,-0.004142098796807048,-0.004164588351666887,-0.0078552166843463
2003-02-24,-0.00326178263738941,-0.0032639836860069993,-0.0032661501504087642,-0.0032640945368304086,-0.001897593728989122,-0.0018990115364549975,-0.0018902476749137476,-0.0018899279148674175,-0.001943813494310831
2003-02-25,0.0025144531023051364,0.0024953672013399153,0.002537883407449426,0.002513286584219898,0.0023915087579484684,0.002373565280051171,0.0024246612787115485,0.0024067754282719456,0.002212789987765529
2003-02-26,0.0033140657991990174,0.0033088160571999037,0.0032784970510375544,0.0032655944166928297,0.0023713232096580494,0.0023850990849165754,0.0022974320944291193,0.002312031589675634,0.0016362990992195847
2003-02-27,-0.0024167356037835264,-0.0024296051486562,-0.0022080750815721695,-0.002217877335159324,-0.0009011658977564618,-0.0009213739515335773,-0.0006611583557507572,-0.0006798618185347438,-0.0023776177583297864
2003-02-28,0.0001721580465832151,0.00017843207433543284,-0.0001431594266793068,-0.00013572372327463889,-0.0001465619314011679,-0.0001437723923514156,0.0003940751965423317,0.00039388924143746173,0.0006128928323705374
2003-03-03,-0.001104830618975039,-0.0010394384797375311,-0.0010117741233106603,-0.0009454299681077583,-0.0009437791815475327,-0.0009171318294973752,-0.00036428020126688665,-0.0003633843143813209,-0.0031618982769772153
2003-03-04,0.0001721780547716545,0.00022045715137730681,0.00020626046219018868,0.00020593769045129662,0.0019230405430357145,0.0018804461541874762,0.0014930223217815008,0.001448190682426187,-0.0011789534314194938
2003-03-05,0.005087073255733543,0.005057069389632796,0.004813778215595699,0.004806149745817834,0.001057061672632198,0.0009217800130121301,0.0009156761485562548,0.0009471136856660234,0.003463123142959601
2003-03-06,-0.005066355288492197,-0.005089932638098427,-0.005001170965039825,-0.004993274602966391,-0.0022038521544287537,-0.0020539866174462684,-0.0024513693275369786,-0.00243178830792401,0.0010580640102935135
2003-03-07,-0.0025684502600579195,-0.0026848957846171695,-0.0026748408506663823,-0.002670594310594243,-0.002874175268869683,-0.0028777411531243358,-0.0028386295234892334,-0.0028421479721846277,0.001268142193597832
2003-03-10,-0.0002843281249980123,-0.0002898692228322508,-0.0003674759875599287,-0.0003668785523006646,-0.0008178313642177581,-0.000821384225024202,-0.0008918654480500887,-0.0008954894980904848,-0.0005080176466641939
2003-03-11,-0.003340192639479489,-0.0034281072161620463,-0.0032747306270611842,-0.003269516796092331,-0.0019969500719637656,-0.0020624056802227564,-0.002023942570532178,-0.0020893454647692433,-0.0006168101802642711
2003-03-12,0.004518268940307157,0.00446386267982124,0.004832958362406048,0.004825249178360691,0.004189010100687174,0.004265495358070748,0.004873194390598634,0.004950243644522345,0.0045477237394491166
2003-03-13,-0.003425482265512425,-0.0034721477221993924,-0.003469486740337868,-0.003463971552374878,-0.0022902443900422176,-0.002333295587781614,-0.0024180620136029507,-0.0024611910653452584,-0.0031650162851587504
2003-03-14,0.0018029844115696747,0.0017411098274375814,0.001436817439912641,0.0014345316666566355,-0.0005024060393674645,-0.0005645219274660329,-0.0007294696629842612,-0.0007917160890980046,0.0006974023232495519
2003-03-17,-0.005129562981195046,-0.005316315348575129,-0.0044661530178149444,-0.004459031522466295,-0.004856337100570984,-0.004877902409542778,-0.004131018032957012,-0.00415416234757604,-0.008011873048115015
2003-03-18,0.0001416109281797695,0.00019560141020491528,8.129493154207523e-06,8.120876205275351e-06,-0.0003393384033875124,-0.00035285140642260515,-0.00044879800558761396,-0.00043049589404919875,0.0004549574056398331
2003-03-19,-0.004948671403874894,-0.004948590029159816,-0.004606256894819971,-0.004598888250857303,-0.002735299327030871,-0.0027304279729959413,-0.0026017323749553123,-0.002598784183826086,-0.008455958860798751
2003-03-20,0.0016110100374844283,0.0015785716222234125,0.0014211404328443589,0.0014188622782564941,0.0023065753775295406,0.0021387268222861078,0.0020307015072542622,0.002000466998135053,0.0017022990127286697
2003-03-21,0.0018123419139168817,0.0018762278934401078,0.0016116725686023958,0.00160909204645443,0.0025291755579233133,0.002535493418628132,0.0018542870099191866,0.0019160498451507024,0.00016002779437496173
2003-03-24,0.0016096302278842956,0.0016216578396852643,0.0013241471632994273,0.0013220399682918327,0.0012693908271872445,0.0011562148324659738,0.0012307893397760505,0.0011164314078233595,0.00021365440048848328
2003-03-25,0.00039109922394309216,0.0004746283153116426,0.00030671910637058986,0.00030623298297238755,7.372544564221428e-05,0.00015323569653435953,0.00021554867761075513,0.0002947642944164386,0.003974070302299237
2003-03-26,-0.002639726690390143,-0.0024420921781359572,-0.002647792491947021,-0.0026411561769804637,-0.00190110156176293,-0.0017120300156370227,-0.001729670486151469,-0.0015421219962343802,-0.005148659526525767
2003-03-27,-0.0029226834260196455,-0.0028677066683134855,-0.002657983371873174,-0.0026430215970324467,-0.002583458224800328,-0.002532393989636117,-0.0020394108162664626,-0.001987824020995843,-0.005179915242353728
2003-03-28,-0.0028525278481892347,-0.0028377562618838725,-0.0031858711558913066,-0.0030775155821810563,-0.0013038417039309413,-0.0012891236248598892,-0.001518449084311535,-0.0014053471590136368,-0.0052303712142448555
2003-03-31,-0.0011660477966923821,-0.0012270155186702159,-0.0016652865408880446,-0.001586522908395227,-0.0006626621419999479,-0.0007204970551000223,-0.0004746856268854627,-0.0005331586477396177,-0.0027641046466191366
2003-04-01,0.0015678256046893768,0.0016656988040419929,0.0016142369150229374,0.0017059197149189576,0.0015458593638151275,0.0016371504257315372,0.0011013820005487673,0.0011917743381384405,-0.001798501011530007
2003-04-02,0.0037792988822609175,0.0037175419083825822,0.0035516563050583816,0.0034874371888973243,0.0015920527007511343,0.0015364030495048642,0.0015726434221785546,0.0015165119721143316,0.0029228037132038587
2003-04-03,-0.004109161474485923,-0.0039205921231491025,-0.003715314135482206,-0.0035170861859582514,-0.003135157159163793,-0.0031155638831238397,-0.002701287100092098,-0.002680434182106617,-0.0027561327189191687
2003-04-04,-0.004703162024314311,-0.004500290098832571,-0.00406614177896647,-0.003855295596411845,-0.001671525766039239,-0.0017864530077031926,-0.0018499350113281299,-0.0019642823285865862,-0.006655969568691078
2003-04-07,0.0007879099675733858,0.0006796942295128616,0.0004297841305895833,0.00046208200540487354,0.00042333397193394795,0.00032043977907281196,0.0003888498104225313,0.0002859092659521778,-0.001206638185968778
2003-04-08,0.001912905225829542,0.0019107242327742746,0.0017855472556256302,0.0017028560455307762,0.002483678188301086,0.0024846028786784657,0.002366744994909409,0.00236554693273483,-0.0008098178619816432
2003-04-09,-0.0033479076936741015,-0.003308272452366312,-0.0033121834495017932,-0.003263155933420525,-0.0022822513757604357,-0.0020044206989036084,-0.002015129180432229,-0.0016999034916725941,0.0007117547891914988
2003-04-10,-0.0013268681104562363,-0.0011595001056312615,-0.0009815338293190923,-0.0010961942979723638,0.0005021753978289301,0.0006591643353874854,0.000588139972494961,0.0007469408501166175,0.0006031473166585588
2003-04-11,-0.00047440628938066887,-0.0005000790115342602,-0.00038033424976902097,-0.0004058317399300293,-0.0015123470216457102,-0.0016052268024959737,-0.0015082062211857483,-0.0015328942305701254,-0.0006209367295414436
2003-04-14,0.0013244951834665564,0.0012895161344537165,0.0012327857858078772,0.0011971203158076538,0.00032498425731231073,0.00029088904307772445,0.00012423026086416655,9.031113377333533e-05,-0.00010956245453397351
2003-04-15,-0.0023255741171459565,-0.002314064552120021,-0.0025779042319561407,-0.002559208003451552,-0.00176335725196608,-0.0017544511327440837,-0.002016517693254838,-0.0020064777643361564,-0.0022810070627479195
2003-04-16,0.0006249490813690084,0.0005543442457947023,0.0005647343744081823,0.0004930820396733537,0.0009148343461455877,0.0008481514588678518,0.000952480011617185,0.0008857183263113466,-0.001091031377117191
2003-04-17,0.0003414742588008224,0.00032592154490673764,0.0004644673036067193,0.0004486562347063572,0.0004670591452708983,0.0004530090846812662,0.000690264699594767,0.0006778359485248853,0.004119757952083747
2003-04-18,0.0013993773201548265,0.0013392432225109996,0.0014721877802530425,0.0014075287396162484,0.0007652142323548716,0.000709223150266558,0.0008211542362086544,0.0007646808551413642,0.0010077559947694326
2003-04-21,-0.0009692816785443759,-0.0009716455238096833,-0.0007370865801715754,-0.0007376957997197175,-0.0016925335058821656,-0.0016962039022125897,-0.001675023726509961,-0.00167783218720996,0.0008694046882760098
2003-04-22,-0.00012672924426426757,-0.00015261072257033437,-5.0210788783533467e-05,-7.669081495409458e-05,0.0001305163719576008,0.0001046448924879595,5.449345236852032e-05,0.00018759699172465893,0.0005639286300718194
2003-04-23,-0.0021425923594168284,-0.0021151102245388076,-0.0019081301015262397,-0.0018895187859002682,-8.210109447570613e-05,-6.392983530778551e-05,0.0002831634373308134,0.0002997162875606474,-0.0035893237208460826
2003-04-24,-2.235747478152028e-05,-1.2668636570012382e-05,0.0003253969713645777,0.00033347235896874494,-0.0006697570656218899,-0.0007134358106586358,-0.0007426779928824123,-0.0006312977507966222,-0.002760587079203014
2003-04-25,0.0022964348704863635,0.0022368192210981963,0.0030669098498103953,0.0030008645090855435,0.0033854208824370957,0.0033579082122869863,0.003720408954019483,0.0036643247113339328,0.002169970082598338
2003-04-28,-0.0022062017521744526,-0.002171154364882133,-0.002296778271323463,-0.002256368187461111,-0.0006313324575295542,-0.0004444958434101087,-0.00035825479767126467,-0.00032502245104082395,-0.0002657711096489823
2003-04-29,-0.004169284381393634,-0.004171049883346045,-0.004368712053404722,-0.004360179776376261,-0.003716178216731647,-0.0036778937637387266,-0.003932800890588339,-0.003932280521174447,-0.002968088575164729
2003-04-30,0.000851300141275102,0.000817316704498916,0.001136351979233563,0.0011001297952013545,0.0003256285693629124,0.00029500883428457136,0.0006291032530241214,0.0005974877428451819,0.0020258585881496316
2003-05-01,0.0022556413383483243,0.0022491157174080456,0.0022063207872928814,0.0021948330623362544,0.002486851822295355,0.0024819441753887173,0.002159515381368049,0.0021532168477711444,-9.795373267285079e-05
2003-05-02,-0.000331370792596708,-0.00035164976072465937,-0.0004250130146662423,-0.00044435475771309463,-0.0011027968437470337,-0.0010114042935698286,-0.0011378911615587128,-0.001049366994597345,0.000330352322659655
2003-05-05,-0.003353440474356373,-0.003354754180280972,-0.0034469721804916142,-0.003440575497271836,-0.0023762548880015277,-0.002226512037754147,-0.0022017561892697657,-0.002199264011119473,-0.0011750281446190058
2003-05-06,0.003455926833282552,0.003352979815829382,0.0029662615953256477,0.0028541393089509537,0.0029695700662641933,0.0029156820507456604,0.003241377859650285,0.0031862093763852517,0.0006552907199159907
2003-05-07,0.000953512719309435,0.000735641982413604,0.0007638775023370847,0.0006983937998736867,0.0008315972984376252,0.0006263656486955593,0.0008631025776182355,0.000657881409640737,0.00038672109037896085
2003-05-08,0.004301215203176723,0.004157615309462459,0.004179451115489119,0.004185252820375407,0.0017251467880017302,0.0017386475006762048,0.0012720235011625114,0.0012846639555177397,0.001249310668977932
2003-05-09,-0.001717156323190805,-0.0017167071190942185,-0.001890679716962329,-0.0018491807040151853,-0.002066036733616383,-0.002026946554468334,-0.0020937122163774413,-0.002056401669406127,-0.001975620443260273
2003-05-12,-0.0016165059118775638,-0.0016148079994832143,-0.0017091983260355548,-0.0017025755681824295,-0.0010966850158196095,-0.000974575538495781,-0.0005191491570943896,-0.00043316116773883806,-0.0011903487326035966
2003-05-13,-0.0010364764114441094,-0.0009831489437764906,-0.0010094740101992405,-0.001037007274728885,-0.0010174889653943309,-0.001103316513121011,-0.0010288744957085427,-0.0010069521990377917,-0.000332037964175691
2003-05-14,0.0011148796867388455,0.0011067756842513266,0.001091885417896954,0.0010886496875852636,0.0004622902387121375,0.0004459347763277055,0.00042756847040914536,0.000412861116106944,-0.000533257880126925
2003-05-15,-0.003356985413343061,-0.00319556894054418,-0.0033280477338952785,-0.0031590794442820647,-0.0018294289616513915,-0.0016756197797447303,-0.0019451738713627265,-0.0017920121457114524,-0.003531741481488826
2003-05-16,-0.0006065472271721273,-0.0006932268335509972,-0.0005620351222512809,-0.0006456817188091879,-0.00026478840964383465,-0.0003675104430189702,-0.0004219940929784949,-0.0005011348727740339,5.131275661751644e-05
2003-05-19,-0.00288779192086952,-0.0029251578567367487,-0.003002471369064952,-0.0030333877553158084,-0.001865479021255001,-0.0019146587111898983,-0.002312045994189438,-0.002347408990316935,-0.0034985229734806333
2003-05-20,0.002565319535634769,0.0026080021907290973,0.0026354701609605513,0.0026943790433078263,0.002354102556060722,0.0023954135377051156,0.0023851522588371754,0.0024232210607486593,0.0010122703093295993
2003-05-21,-0.004783579284535211,-0.004571690857342325,-0.003732751110351984,-0.004604555578183067,-0.0035974016078809123,-0.003491139719860148,-0.0034572041103959616,-0.0032496051966188766,-0.0018590992532996342
2003-05-22,0.0029528280912456406,0.003209960711449522,0.0020366885328277906,0.0030305274224686762,0.0016134204614992598,0.0015880875824538787,0.00209187165943181,0.0020657443380316387,0.004678594380840284
2003-05-23,0.0020431150472275394,0.002095486821705572,0.0019772962508506353,0.002020703685710057,0.002204682988953932,0.002186136807333039,0.0022703935338279635,0.002250950227188353,0.003830655163836516
2003-05-26,0.0047051996311007205,0.004678163313546424,0.004897705053758417,0.004858885092461351,0.004441229556760851,0.0040756703340893985,0.004744221262738213,0.004377419143767103,0.0035031078734617527
2003-05-27,0.0020124726752117628,0.0020655905227588978,0.0018090288246392916,0.0018546628275268873,0.0030024833859512157,0.0030469322962700662,0.003092428020731841,0.0031345699414269124,0.00010760720474078944
2003-05-28,-0.0009553961732644556,-0.0009952469149775434,-0.0010561783315498063,-0.0010941013045201453,-0.00042052853766583187,-0.00046239789636404183,-0.0006970955680487556,-0.0007381774744203984,-0.0010619465346444201
2003-05-29,0.0011341062412237868,0.001167684373904132,0.001550450287172378,0.0015806735950765205,0.0007938017625379601,0.0008287309763888029,0.0006796419280050703,0.0007133824180558523,-9.855739197683899e-05
2003-05-30,-0.0019432279105212613,-0.0020213334427444662,-0.002100225168916059,-0.00217255461702226,-0.0019196564394038385,-0.0019881318163459394,-0.002148571582125003,-0.0022182085583588584,-0.002935417692877418
2003-06-02,-0.001251205607097683,-0.0012807769425734472,-0.0012263533632855816,-0.0012532541117320495,-0.0014171410910021054,-0.0014186471173052162,-0.00128868414033656,-0.0013147265358049998,-5.960332715071459e-05
2003-06-03,-0.0010883088211783853,-0.0011746268057701847,-0.001039042953106084,-0.0011265151955279773,-0.0020721011091573427,-0.002074296504873341,-0.002104370533148492,-0.0021047622566890967,-0.0010852728781480803
2003-06-04,0.00046472108896877806,0.0004374188446294447,0.00042511037954540143,0.0004840847907268131,0.0013115435897805838,0.0013163253495129812,0.0011808953232930186,0.0011166251809175964,0.000690371881977514
2003-06-05,0.009956557540005795,0.009960618546933642,0.010138387840175067,0.01012001241527516,0.00944735005032582,0.008483372825344837,0.009245600531123666,0.010225051655518236,0.008992323046470796
2003-06-06,0.0013826665939788985,0.0013171268732905528,0.0015602976005686386,0.0014870784418596905,0.004858555252321706,0.004801405248326729,0.004354801883828641,0.004221960324907181,-0.0051868870447353554
2003-06-09,-0.0021156027453500537,-0.002140137943116849,-0.0022020306047046967,-0.0023072146740859,-0.0026700134678248055,-0.0026986481103215,-0.00282334193304723,-0.002843834125389244,-0.0034779710602619307
2003-06-10,0.002374085228009415,0.0024496518046286386,0.002378000788711754,0.0024464829584960324,0.00307814929064798,0.0031571128711715968,0.0031537226929054807,0.003220640247488138,-0.0011354855580542056
2003-06-11,0.0004620474930021601,0.00044413898007200636,0.00045599893031522676,0.0002652435269627773,0.00184572672171468,0.0018311123386818284,0.0014508267671775599,0.0014346061691903333,0.00021057047915751248
2003-06-12,0.0007404570722959747,0.0008511449063239862,0.0006771442317830001,0.00078889743340671,0.0008534967616522504,0.0009601026569912019,0.0008929550510534678,0.00099790829152413,-0.0012106892505371336
2003-06-13,-0.0007515009192990973,-0.0006505134607653895,-0.0005424382255283522,-0.0005584789210522079,-0.0010358823240461668,-0.0008502205641560678,-0.0011305996781182381,-0.0010355156978051339,0.00304460190494793
2003-06-16,-0.002925394325281272,-0.00292786272197898,-0.0027724804054379826,-0.0027710023330904665,-0.0030096829933319302,-0.0028752645085229345,-0.0028081972471795114,-0.0028113177576326587,-0.003319824200239241
2003-06-17,-0.00012170787469345523,-2.376799519487882e-05,0.00010910298813837649,0.0002047136620439982,0.0014183739540662987,0.0014504349097603786,0.0008194930937985845,0.0007317110623781264,-0.00044826646405482506
2003-06-18,-0.002936468435382311,-0.002973133883960033,-0.0032113491024192697,-0.00324488464092898,-0.002351579820094263,-0.002389091601517679,-0.002784771629408156,-0.00274835043679178,-0.0038075803154520305
2003-06-19,0.0005933598153449182,0.0005547085736719026,0.00042301034882696875,0.0003831764612642896,-0.0006266602016835598,-0.0006632526421532781,-0.0007477307663975585,-0.0007111359257170324,0.003039608690267759
2003-06-20,-0.0021128201872335772,-0.0021132533055314706,-0.002232646472807631,-0.0022088573403801215,-0.002041130916159206,-0.002027288071875133,-0.0026569553619255615,-0.0026514988499491965,-0.0011987861076707684
2003-06-23,-0.0010365834135479535,-0.0010367977694171193,-0.000834199570335703,-0.0008890417995159883,4.644375630502573e-05,-6.62907098913923e-06,0.0003444065963582599,0.0003433066966587184,-0.0011162140979067425
2003-06-24,-0.0002449776336842513,-0.00024502850953200817,-0.0001394569698008885,-7.822263198065116e-05,0.0006895090181531227,0.0007265209121967153,-7.774251077907746e-05,-7.372181971898595e-05,-0.0005665057581015764
2003-06-25,0.002405859952919309,0.00240635362473407,0.002422272115754076,0.0024567521087823785,0.0020558204300664684,0.0020344061533299485,0.001734918564743948,0.001716306968862602,0.0012845171948883127
2003-06-26,0.0037056603783076625,0.0037064192434750343,0.0034522283695330724,0.0034536285241095754,0.0029783962099778627,0.0029846503813530934,0.0026982311362429012,0.0027067293779896584,0.004304970404616526
2003-06-27,-0.0010508476319223137,-0.0010497851700574934,-0.0009328309484250008,-0.0009796425222585725,-0.0012884232796550599,-0.0013128189640346788,-0.0013719271249499343,-0.0014013341261550627,0.0019362942507339387
2003-06-30,0.0008001118189908674,0.0007803003768676042,0.0008073286031284876,0.0008228215855172749,0.00039653131573635925,0.000377528785349579,0.0005502418904919093,0.000534431942647684,0.00010694151799039986
2003-07-01,-0.0022511984412989516,-0.002264400611062034,-0.0022419716154487013,-0.0022254922222543216,-0.003188247976667502,-0.003205642781838436,-0.0030226913715566406,-0.0030333307612604443,-0.00018674529291640152
2003-07-02,-0.0002980237194187829,-0.00030354983873914776,-0.00029980764072046195,-0.00029383754809919616,-0.0016856490341949915,-0.0016936982432134151,-0.001398851783470878,-0.001403396879235963,0.0008356231176487317
2003-07-03,0.003360660873342969,0.0033378265035537424,0.004148665696353193,0.004165246398001976,0.0035568171491735523,0.003540696965457224,0.0038970853617019685,0.0038731942915923856,0.0032490476012672076
2003-07-04,0.0002952075396212006,0.00023364745164977663,0.00022577117134736646,0.00028698387607595244,0.0015207251365911834,0.0014653037178360417,0.001768889963720932,0.0017101663914407261,0.004401729015224731
2003-07-07,-0.004301821201228018,-0.0042579152519482966,-0.004199242544254189,-0.004237020842004613,-0.003292466768333835,-0.0032557857541080093,-0.0035151246267386416,-0.003471354502227242,-0.0007967224011042884
2003-07-08,0.0016227973057758582,0.0016214338059450384,0.002130341377005296,0.0021284480664638394,0.0010729812574166164,0.0010731635850720345,0.0006126473769381136,0.0006107078671289123,-0.00036449400026805634
2003-07-09,0.0013866640228819005,0.001385238788331744,0.001123715207695497,0.0011235764738164455,0.0006388588120420646,0.0006382747537001521,0.0017075666592838434,0.001705219230044408,0.0010578667940475128
2003-07-10,-0.0021383438952423672,-0.0020391431708998153,-0.0018781283033346696,-0.0019745628663251358,-0.0015776353171409463,-0.0014893101982282886,-0.0011733220209808604,-0.0010812168803339128,-0.0016990750156683498
2003-07-11,0.0024870820788915893,0.00246935790957048,0.0019371381406900756,0.001952118973990391,0.0011175482089200717,0.0010851580562833973,0.0014233485594821182,0.0015288097945203027,0.002566981196640228
2003-07-14,0.0008237232609744627,0.0007857955818959539,0.0006487439630238345,0.0006857529356378844,1.0119893366855592e-05,4.5956630281507316e-05,-0.00021777422819568848,-0.00014591185331225276,-2.3293975640936715e-05
2003-07-15,-0.0018328163784436802,-0.0018115080204300638,-0.0020157510974941895,-0.0020340645345748865,-0.002121935747629644,-0.0021450135584136776,-0.0016943471074509775,-0.0017338890316285216,-0.003950682781977521
2003-07-16,-0.0039728641872219805,-0.003999158352618659,-0.003942511443318364,-0.003910467842587528,-0.0010147966508133877,-0.0010153086718319715,-0.0018255654557768342,-0.001776543681373255,-0.004517967948672652
2003-07-17,-0.0013146074836661858,-0.0013058158295339295,-0.0020280736726003834,-0.002033709957714014,-0.0022074774773986894,-0.002202594853681905,-0.0016972895176575742,-0.0017039232753078837,-0.001629632280417681
2003-07-18,-0.00042442152320565363,-0.0004902408164899619,-0.0006261367955187058,-0.0005580321912503905,-0.001389454851216776,-0.0014536827246991457,-0.001324729971958205,-0.0012630073205467385,-0.0010134945778766946
2003-07-21,-0.00013866117856220495,-0.00013870567701912417,-0.0001154743166633665,-0.00011525484526142549,0.0003636022847248732,0.0003644041561385869,0.00037293015331396617,0.000372271547881331,0.0015349756879363685
2003-07-22,-0.00160517637187918,-0.001620276767011486,-0.001437766672108931,-0.001435210442293,-0.0009308848437457051,-0.0009463705447008142,-0.0008122099659652049,-0.0007987932504442963,-0.0031184048942091147
2003-07-23,0.0004214352308480329,0.0003977834526993629,0.00040576874978781596,0.00040505253057188106,0.00029284341540591896,0.0002710153472076371,0.0006232747649854709,0.0006468409125777175,0.0018799811782437281
2003-07-24,-0.0004887653386328461,-0.000463328918816619,-0.0004280285540589901,-0.00042726334751430617,-0.0002559764487026772,-0.0002312783491443815,-0.0001370295246800879,-0.00013490826352902108,0.002846874595384019
2003-07-25,0.0012754762084989935,0.001211838116538022,0.0015607662606602624,0.0015579974287147635,0.002194682661341929,0.0020768486814859433,0.002387958587599215,0.002325975939258873,-0.0009320642427759207
2003-07-28,0.0006763001535166069,0.0007149318667858395,0.0008663344746404622,0.0008648118513188141,0.0011582789725688158,0.0011968019752957026,0.0013501173619443474,0.001384976667039517,0.0013897150956512228
2003-07-29,1.603459609578195e-05,5.9868262324291877e-05,0.00016711974995642365,0.00016273584526294016,-0.0006839042918959093,-0.0006393195896519099,-0.00047894911563439724,-0.0004347683698620042,-0.0004435414832717477
2003-07-30,0.0010977283694406648,0.0010724886021844515,0.0011712875805116596,0.0010229645437005441,0.0005641507669986723,0.0006141823017393744,0.0006908561611995712,0.0006895981711700916,0.0020517013247332017
2003-07-31,0.0006416758318830151,0.0006697103198769483,0.0005484839326765911,0.0005466228941219953,0.0008412749385016127,0.0009739884177839553,0.0006699061901176417,0.0006693020924499749,0.0017189299295274907
2003-08-01,-0.00041511134593219534,-0.00034318698128410485,-0.00040211900422559843,-0.00040146365115667493,-0.0002227944614909827,-0.00021458902166893168,-0.00023632682088059465,-0.00023614517044456829,-0.0014051776420103135
2003-08-04,-0.0004210394311967569,-0.000386172901750248,-0.00020473742971871545,-0.00020310996297989714,-0.00042889243551791356,-0.0004604638789738047,-0.0001823049375858643,-0.0001821601366565062,0.0005471449332337119
2003-08-05,-0.0008934826154194386,-0.0009157199897955604,-0.0009602220373612358,-0.0009914878222397894,0.0017057288300204032,0.001742741514003221,0.0017907975106696838,0.0017906454283358464,-0.0009072128779733513
2003-08-06,-0.0013767806031328433,-0.0012262265438464093,-0.001238534428150806,-0.0011627486442692403,-0.002225327466729876,-0.0022895351200240555,-0.0018985526402581776,-0.0019636445807396097,-0.0023745525063536554
2003-08-07,-0.0002636248608772762,-0.00015145455831788723,-0.0004085344657973611,-0.0004297812037324933,-0.0010841473802380985,-0.0010026188796281588,-0.0009718930530512315,-0.0009917290266749923,0.0003662168677107669
2003-08-08,-0.0055764618547297085,-0.005426366722980136,-0.005293333184571147,-0.005257198486200876,-0.003942723614766441,-0.0038039571403768457,-0.003302704822571667,-0.003274806731738633,-0.0068598423720258594
2003-08-11,0.0042169964755469636,0.004189200985758479,0.004188505291726097,0.004201699114403379,0.004914427440371849,0.00498035867097113,0.0047298741225130225,0.0047454392241383925,0.003892371109116999
2003-08-12,-0.0039024148992589103,-0.003830041606484702,-0.004022568048513975,-0.004083475360592059,-0.003421639495308937,-0.0036187031925374313,-0.0031226437332786405,-0.0031836180951606563,-0.005976684008612065
2003-08-13,-0.002305758377109446,-0.0023199684507756446,-0.002188109178369424,-0.0022837793128333006,-0.002215641355651221,-0.0022149993967796044,-0.0022012465634426714,-0.002292359224824736,-0.0016545733461387213
2003-08-14,0.004334656430422745,0.004699153962762548,0.003562526401460042,0.0035916612133337633,0.0046665169628210545,0.005018773708302948,0.003850560703163586,0.003882743372794817,0.005113827604861898
2003-08-15,-0.001036841640719377,-0.0010533606373575033,-0.0011746600333106816,-0.0011241792517696636,-0.0006861208257313844,-0.000709144061334599,-0.00036167548154208973,-0.0003768600642579667,0.0015127488509891762
2003-08-18,-0.001777030887576414,-0.0018723704708308864,-0.0018191251895049998,-0.0019049344126363943,-0.002496893114305676,-0.002465267615395006,-0.0024519780539942193,-0.0025327218060516854,-0.00270580171781698
2003-08-19,0.0013254785269674052,0.001394698164705277,0.0012451145086458393,0.0013131737353739847,0.0005509906793308428,0.0006178408046328965,0.00025331216184132366,0.00031840902141677674,0.0029547411160231185
2003-08-20,-0.0004580900331940807,-0.0008438949802765938,-0.0005188500097357274,-0.0008955947437632172,0.0015943544094334516,0.0012413492119809355,0.0015548061858121631,0.0012046389808759717,-0.004174421815724028
2003-08-21,0.0004430543601314785,0.0003818740755483496,0.0002725385612276643,0.00019600067951630606,0.0009653149642416814,0.0010359599105169703,0.0010822466225177685,0.001156489206982858,0.0008381361298810397
2003-08-22,0.0018626747841226088,0.0018508426584431525,0.0019424824259832718,0.0019205998719866724,0.0031626372004824876,0.0030695956175461614,0.0029640344587869016,0.002944341043714216,0.0026330515002030985
2003-08-25,-0.0003599626804355882,-0.0003185533120104722,-0.0004473576557310066,-0.00041151234180825114,-0.0017884056500035994,-0.0017525943661869103,-0.001316182876413996,-0.0012833939836970343,-0.00018956644286960422
2003-08-26,-0.002423147192572306,-0.0024034724444369493,-0.002332214852838077,-0.0023146501262018004,-0.0020812729643652217,-0.0020704969010496566,-0.0018981603466253771,-0.001883909162847086,-0.0021999381716600874
2003-08-27,-0.0006396670593418197,-0.0007236081362164137,-0.0006457566621126398,-0.0006430119419095215,-0.0009938653061560832,-0.0010747318398965922,-0.001289701317986225,-0.001286367497205454,0.00019833926268075786
2003-08-28,0.002701900663562018,0.0023455323477112877,0.0025257881261628867,0.0025149016608243535,0.003457880103024946,0.0031342179585556185,0.002820054595736421,0.0028203566912397005,0.00360217165357124
2003-08-29,-0.0011693482914701958,-0.0011253084925242351,-0.0008344449463401071,-0.0008059690039703415,-0.0008107351822742581,-0.0007707257406673884,-0.0008725920650605179,-0.0008466659603003635,-0.0010837128125539275
2003-09-01,0.001846641863711529,0.0018231891620867913,0.0018771657207559134,0.0018510142990353362,0.001962235015733338,0.0019447429012107165,0.0019856431494482685,0.0019639184072777205,7.759247241967415e-05
2003-09-02,-0.005145252078383011,-0.0050878985878299865,-0.005178890879604214,-0.005114066134370043,-0.003708256714063274,-0.0037151927846691413,-0.003723052591437681,-0.00372183417581462,-0.0033430503956310975
2003-09-03,0.0002817919669382274,0.00034638401011366504,0.00010344331322120759,0.00016791279712724538,0.0003345573454835993,0.0003385310918453399,4.587921108356596e-05,4.7083802492853266e-05,-4.9500430865601075e-05
2003-09-04,0.0005048971967975824,0.00046441667402064013,0.00045154163533678293,0.0004103627145364275,0.00027731022445376396,0.00031909730938806113,0.0003083713497071816,0.00034597791196011585,0.0005515847966606202
2003-09-05,0.001324170059861851,0.0012242985493751135,0.0011219836954781126,0.0010180830182093814,0.00184665204966028,0.002240105479490939,0.0018425927678147325,0.0019383615966277468,0.002568431330592036
2003-09-08,0.0002846325872831734,0.0004346598445947869,0.000675920265333918,0.0005903887882134917,-0.0005357502046936524,-0.0004571268679901541,-0.0004002031432701614,-0.00039879804427489507,0.001332885853670307
2003-09-09,-0.0018772242849529608,-0.0018318689296862312,-0.0019646321979667203,-0.0019146465245891697,-0.0023952375089398847,-0.002356669298716474,-0.0015875912571886586,-0.0015423741108584466,-0.0015126473199901236
2003-09-10,0.00020978439079066824,0.00020345932867260608,0.0004595086365088985,0.00045346161564818743,-0.001710047589601249,-0.001718492499389268,-0.0007347766700965819,-0.0007395412407169566,0.0007701015095711305
2003-09-11,-0.002088798251778101,-0.0020695504910310802,-0.002114514426590053,-0.0020937123871485053,-0.002175174676672831,-0.0021595563595186995,-0.001519013413980641,-0.0015010991997437273,-0.0005340587512384642
2003-09-12,0.0035046781997285503,0.0034823434118715912,0.003500338867549635,0.003472342501351644,0.0032135058258839777,0.0031970518779846913,0.002310403743578826,0.0022868742040291767,0.002461928904587074
2003-09-15,0.0011246041404329166,0.0011245219577218357,0.0008669158806309252,0.0008659648043227719,0.0015543523444732088,0.0015561706720084167,0.0017293556130646426,0.001728496848490968,0.0009531562155227213
2003-09-16,-0.00408431778468632,-0.004118385775019662,-0.003842554171936241,-0.0038714204687493314,-0.0025174031761042714,-0.0025524459724814985,-0.0026667224894729724,-0.0026961792284889707,-0.003952145552301722
2003-09-17,0.000794917550853258,0.0007653973037828887,0.0007969572640558198,0.0007665454823089224,0.0016007783974945067,0.0015752629919469907,0.0015573983596088858,0.0015292302295977223,0.001582584198549064
2003-09-18,-0.0011591368553240944,-0.0011854717919234092,-0.0011332153644342258,-0.0011597130445466508,-0.0012825392019821802,-0.0013082342842625216,-0.0012470368065650161,-0.001272171728571414,-0.0005132907587276359
2003-09-19,0.0017773393786628677,0.001830470501692938,0.0015385460489396596,0.0015887214064820299,0.0023950679670905473,0.0024480841706215895,0.00238077758950217,0.0024277971311348345,0.0014066540093744528
2003-09-22,0.000328687981969944,0.00039814818523287165,0.000330866851998568,0.00039878776204371746,0.0006731982986045715,0.0007392412600621956,0.000530319106463617,0.000594569084267027,0.0003807218755049746
2003-09-23,-0.0013850708336708983,-0.0013842498203650022,-0.0013641838535004558,-0.0013626273445596082,-0.0020133348656198313,-0.002014809464047973,-0.00200878212478528,-0.002007723311871934,-0.001558450885954854
2003-09-24,-0.0011786665753104053,-0.0011508058462539328,-0.00142087547873615,-0.0013897030860918758,-0.001174415354233016,-0.001149182296897977,-0.0013258938914546547,-0.0013251931243273285,-0.0011125183706480746
2003-09-25,0.001304843037748249,0.0013051882070600485,0.0009296065134567488,0.0009266713624214162,0.002909878861005799,0.002916271657672498,0.002690276577127726,0.0026900669662381915,6.126825292818161e-05
2003-09-26,0.002268798168270747,0.002315207100790584,0.0030334863343819407,0.0030798321896048364,0.002520448268864106,0.002519531247530793,0.002159202400948912,0.0021118809117044446,0.0018629325417260922
2003-09-29,0.0011835062536751373,0.001204980314262194,0.001688925862406876,0.001707146436210838,0.0011783176422024422,0.0012328369995568966,0.0010144577636108654,0.0009951983760436711,0.001272992852015209
2003-09-30,-0.003748542004335942,-0.003786103534920704,-0.003507387012425367,-0.0035435146923219474,-0.0034885357067354628,-0.00345010362255882,-0.003740612432225565,-0.003701370895791034,-0.0037679140185638005
2003-10-01,0.0014521126791313677,0.0014529307189787843,0.0015952793668765342,0.00159419049013243,0.0016765257975068781,0.001680204236962357,0.0017675048950720473,0.0017683324964115066,0.0029177951246144307
2003-10-02,0.0014902221537442806,0.0014744522918972436,0.0015620199564101434,0.0015443869781810449,0.00238451624176772,0.002370156694220915,0.0026435735336878263,0.0026251636953302793,0.00044970897861440484
2003-10-03,0.0004759978077282234,0.0003424975533055097,0.0005145810084046243,0.00038047022094001015,0.00016810733980121562,0.0002970035290974504,-0.00027915799132416375,-0.00015292414858047998,0.00045216483847343447
2003-10-06,0.00023870584999596822,0.00022479173023359778,0.00041778879334763985,0.00040343308013013335,0.00018019571380767374,0.0002414353965216609,1.5029229874841121e-05,2.096729446288137e-06,0.0013170493655905169
2003-10-07,-0.004361196577860715,-0.004374784085823591,-0.0043813393287432945,-0.004393665162568006,-0.0041361126307752905,-0.004178561018687854,-0.004001297603500542,-0.00401204014520351,-0.004651093743496704
2003-10-08,-0.0011021430710592695,-0.0010981243139616126,-0.0010117102282507506,-0.0009946853746136686,-0.0006855927817951413,-0.0007122152701791729,-0.0007603425022993937,-0.0007598954661353075,-0.000740533237264307
2003-10-09,-0.0004289734721230065,-0.000488980771264913,-0.00042152542050155617,-0.0003729640773045828,-0.000789668027752044,-0.0006845715858255774,-0.0006008245277653312,-0.0005970856524050161,0.00028675114758236475
2003-10-10,5.6595266780590237e-05,0.00011955510968997274,5.936568745901205e-05,5.563842996814117e-05,0.00024384004476218912,0.0002998125764874793,0.0001568996816503354,0.0002159400105372633,0.00025185556289275546
2003-10-13,-0.001991245931745045,-0.0018308307168500848,-0.002074894246898884,-0.002072674503962868,-0.0010672471363307734,-0.0009172856926829009,-0.0007888066374676095,-0.0007884819467977033,-0.001135995540219148
2003-10-14,-0.003924126833571684,-0.00403965074120427,-0.004245653900454838,-0.004307594126972125,-0.004927485890310113,-0.004992423864013551,-0.0044723526628304144,-0.004531030215697562,-0.005173552230707257
2003-10-15,0.005289666102239465,0.005064954144230693,0.004853947476225029,0.004839712621241832,0.004684126319873583,0.004679715314046096,0.004369415944443844,0.004358310587189829,0.004928626226601507
2003-10-16,0.0010975897600493667,0.0011229339400919969,0.0011206806126300428,0.0011195368387701965,0.0016396764287545107,0.001644296743149587,0.0016875323975360512,0.0016889563371393912,6.126687818164278e-05
2003-10-17,0.00029116911973470216,0.00021081360749519718,0.0002904204740563632,0.00020692963362045624,-0.0008429579043905955,-0.0008650562962034813,-0.0010178052557571204,-0.0010376466826684805,-0.000540066762854341
2003-10-20,0.005046830102813482,0.004926007628621942,0.004550391380845342,0.004590563149492244,0.005151872950616587,0.005045920021959027,0.005171663579815355,0.005056749676857875,0.005170489118029753
2003-10-21,-0.0008551808693734175,-0.0009289983371871813,-0.0009663219912944276,-0.0009930939651670023,0.0011123397444605665,0.0010445651492934083,0.0011353692208904143,0.0010665663302960038,-0.0006439495715163668
2003-10-22,0.0016551152927501978,0.001597412333051107,0.0015994092516413705,0.001603415689111154,0.0008036464284624234,0.0007533160821602269,0.0007072519502631103,0.0006542615849405298,0.00020629298642704796
2003-10-23,-0.0012917737697389908,-0.0012380449339748356,-0.0016903465630989656,-0.0016611469783893718,-0.002324702389013833,-0.0022763911911191093,-0.002132936780942396,-0.002081658242744644,-0.0012858725242786972
2003-10-24,-0.0006197435974928389,-0.0006756931984401859,-0.0009717045270647429,-0.0010333155869897137,-0.0005939040323738043,-0.0006451528545067253,-0.0008548435145407929,-0.0009055419458051661,3.818894738150114e-05
2003-10-27,-5.071878962803478e-05,-9.811721327079859e-06,-3.054581443640014e-05,-4.332697185482903e-05,-0.0005118110650491614,-0.00047343888496187425,-0.0009647329132633775,-0.0009260515436941841,0.0007010203101240897
2003-10-28,0.002875770100674302,0.0025644151092312217,0.002449225412790579,0.0023072990620367495,0.003974068446549905,0.0036828289463797237,0.003745144416040791,0.003453481974183825,-0.0019004723068077878
2003-10-29,-0.0027159143967679933,-0.0027311234594187273,-0.002797208920283012,-0.002912320380609623,-0.002111022338242341,-0.002088875706562132,-0.00204032745571725,-0.002073425385812566,-0.002403428847610023
2003-10-30,-0.0010509384426162782,-0.0010776121503327518,-0.0014377434189011273,-0.0014080883487105345,0.0007291458793885486,0.0007085219232656481,0.0007497758519183773,0.0007736842735934779,-0.002578009372342538
2003-10-31,0.000579749276050201,0.0006120519341863417,0.0002128505171645756,7.993220308866178e-05,0.0007799940827111218,0.0007150294928757184,0.0004714848922300341,0.00044629509937532674,-0.0010278633605163012
2003-11-03,-0.00027231794103432794,-0.00019863956527921278,-0.00019092734753400897,-0.00011665262299143109,-0.0001551553153665841,-8.68372160242048e-05,-0.00025375180996611846,-0.00018534556699811855,0.0002395913187747123
2003-11-04,0.001032409196985995,0.0010104428965245216,0.0011617814974325125,0.001090093255658564,0.0005911679693098026,0.0005707531512215702,0.0005023021131245198,0.0004367838083236819,0.003156518576996392
2003-11-05,-0.0008413218841190062,-0.0008779480411069684,-0.0008803049138940144,-0.0008860928558114267,-0.001244496458626121,-0.0012794255698725943,-0.0008520242904495046,-0.0008545221004528925,0.0003450870549446261
2003-11-06,0.002271795292408063,0.0022933940244602713,0.0017906568781362875,0.0020973217700333002,0.0025054112999649547,0.002523806080462432,0.002018846266400809,0.001994685305950483,0.0001173475447249217
2003-11-07,0.0017038037889112179,0.0017798800436368278,0.0018833255467891608,0.0018865532487686298,0.00153589535008547,0.001584502388563891,0.0015708657864308417,0.001575172981400863,-0.0021239969293367356
2003-11-10,5.322467194734948e-05,0.00014803006607477798,0.00014715517064556316,0.0002120392472746424,-0.00037326028075912454,-0.00028448212221565683,-8.91052254189395e-05,-2.8541138724857973e-05,7.827023939643851e-06
2003-11-11,-0.0018618204485915113,-0.0017960005599169104,-0.0014789528478389435,-0.0013484991558730952,-0.001955496424387637,-0.0018380595157903024,-0.001913272080019568,-0.0017936344090830891,-0.004065973501897968
2003-11-12,-0.0008471845806069522,-0.0008475291913543348,-0.0008481356180305433,-0.0008257883179044745,-0.0006483366699859827,-0.0006323115208719532,-0.0009759048880445542,-0.0009582906957655846,-0.002453788204180296
2003-11-13,-0.002270439553297532,-0.0022377923499234953,-0.0022155099988020455,-0.0020749506906757587,-0.0014114820148973806,-0.0012884600250546718,-0.0015849456829190034,-0.0014595029242907565,0.00016174286988857034
2003-11-14,0.00032187457863064317,0.0005338075764735883,0.0009704871451035046,0.0012243334708441633,0.00020508271532237998,0.0004475812979733984,0.0009257527595458726,0.0011649467977583594,0.0013767891140157307
2003-11-17,-0.0009890193780984768,-0.0009473548848513147,-0.0006406303174141259,-0.00048182276757346987,-0.0019456517355426195,-0.001905806288631462,-0.001603721427513749,-0.001454784927980568,-0.00031646323541745236
2003-11-18,0.0006336950445440248,0.0006303360094113142,0.0005816845393946668,0.0005949216756351294,0.0003249524334849596,0.00035260921919877397,0.00020454248161749788,0.00024831538354863625,-0.0012952110823294394
2003-11-19,0.0011470498474106527,0.0011502697839786968,0.0008223200311243684,0.0005898422510344226,0.000738129905897944,0.0010311543853633864,0.0006435965463718052,0.0006458383013210334,0.0005588375368565934
2003-11-20,0.000984586354231709,0.000994065184507953,0.0008316733208502125,0.0008563579927542975,0.0015365596421126337,0.0015260459027490736,0.001405324200519642,0.0014196911982218285,0.0021736049411644753
2003-11-21,-0.003410251496066441,-0.0034168868582890033,-0.0031950105870705015,-0.003110079595555204,-0.004187046832682562,-0.0042554113879439415,-0.0034521233762124792,-0.0035096471490065895,-0.004626031626411509
2003-11-24,0.0031503960515917306,0.003337860338497256,0.0031641800033543888,0.0029701067816285676,0.004165124609323945,0.004338507816762149,0.0038921944268477393,0.0038867295553393078,0.002225774607082842
2003-11-25,-0.0008783505030351968,-0.0010733503946044332,-0.0009477800053344643,-0.0007716509629677182,-0.0017410764768560627,-0.0019116252388523547,-0.001520442643342168,-0.001512475849005157,-0.0001887420858794897
2003-11-26,-0.007243324385656669,-0.007468591062280927,-0.007134543266479443,-0.0068748479416673725,-0.0069884051772038935,-0.007217733187310782,-0.00685360352081088,-0.006885314945163534,-0.007230611391184305
2003-11-27,-0.0022761742560734044,-0.0022408462124205997,-0.0020789196854340553,-0.002057174648390281,-0.002774409658582555,-0.0027515084052763816,-0.0026240459353916723,-0.0025974149767362675,-0.0015490830790557686
2003-11-28,-0.004304145455821029,-0.004303996495227502,-0.0035193415761457514,-0.003532480414356942,-0.007319040937346366,-0.007235924932920246,-0.006556989012872938,-0.00657471799246756,-0.002838714917693941
2003-12-01,0.00041201267310664313,0.00039064580198178156,0.0006054018546510775,0.0005827599351839741,-0.00031495003557568957,-0.0003001773136362962,-0.00020196184153720154,-0.000155676119485193,0.001447223968752409
2003-12-02,0.001970116389962584,0.0018845092654617979,0.0019423651778882611,0.0018502234300905585,0.00121503955921054,0.0012888417118286366,0.00106076235776853,0.0011621597229802827,0.0004208200881332669
2003-12-03,0.003353325512150951,0.0034561598261630966,0.0038028209290055237,0.0037936896477615,0.0022187470111234564,0.002309081274538327,0.002729332547768193,0.002723434480369713,0.0045867881398384824
2003-12-04,-0.0016823873813972545,-0.0014549345419970772,-0.0018315483455670911,-0.001720070414438335,-0.0007879729771165245,-0.0008622838530371046,-0.000838386157625215,-0.0009334930342860259,8.166936593645424e-05
2003-12-05,-0.00039497637515995,-0.0003905236294847736,-0.0006154266140946385,-0.0005742556468321114,0.00030952008412010734,0.00038639390143080377,-2.2699117141922187e-05,8.47577643356967e-05,0.0013550513406455078
2003-12-08,3.201155501320052e-05,-8.209340967757495e-05,-0.00014909142985264356,-0.0002039916007502418,0.00032550178477941394,0.0002762798604054595,0.0002954168336644081,0.0002421858934085197,0.00392040953591466
2003-12-09,-0.0011457303169990496,-0.0012725345095969676,-0.0011122501610224544,-0.0011648823436140043,-0.0003979562364293532,-0.00037885219178890317,-0.00036731704437331647,-0.0004266258431934178,0.0003979838270742331
2003-12-10,0.0024584602221315865,0.0025370885238054086,0.0019791884731898968,0.0019613315594668723,0.0009004228624376331,0.0008873373275208873,0.0004022335061266702,0.0003879199411360723,-0.00106328323158833
2003-12-11,-0.00124048617607464,-0.0013061697680405437,-0.0013734785093086899,-0.0013948580257334697,-0.0012086422767485505,-0.0012271792630665912,-0.0014076494517977212,-0.0014274505566527207,0.0017287045530747225
2003-12-12,-0.002016614205652134,-0.0018842132252692156,-0.0015131002713891784,-0.0014859082265130663,-0.0023092914153590716,-0.0021845265923212676,-0.001774635017393389,-0.0017493686523623042,0.00030549183579542394
2003-12-15,-0.0028579248937826707,-0.0027538527889706677,-0.0024823812976128012,-0.0024592027429918284,-0.0016308185337153835,-0.0015151092748092454,-0.0011148714135489346,-0.0010822199598525817,-0.003806560383903146
2003-12-16,-0.0020839222032974503,-0.0020406078826112894,-0.001983863935906216,-0.0019028253182691302,-0.002469554522357198,-0.0023688052107442292,-0.002316472466669106,-0.0022405499740332235,-0.0005924866615356628
2003-12-17,-0.001593569724859245,-0.0016341971997312355,-0.001835235090664189,-0.0018727673176658355,-0.0017606143762372017,-0.0019485069746623118,-0.001698272771513798,-0.0017941762900147706,-0.001747046018695908
2003-12-18,-0.001835789397300669,-0.0014566821895903859,-0.0014999181540060746,-0.001070117055604558,-0.0008993473007914421,-0.0009328913004291728,-0.00015106667925823825,-0.00018485011608104784,-0.0034294555752606426
2003-12-19,-0.0022679901290217908,-0.002355117499318382,-0.0018740397464591663,-0.0019580696482491833,-0.002730459315141487,-0.0028085527033974156,-0.0025755530808250215,-0.0025674855127644225,-0.003949842674515924
2003-12-22,-0.0005967880968288375,-0.0006014572545569585,-0.0006538123251409456,-0.0006345513376380119,-0.001304524562601883,-0.001317154400103826,-0.0011867199480805057,-0.0012010842407335076,-2.917168491167743e-05
2003-12-23,0.0019650166758677923,0.001964612437227231,0.002449134543752285,0.002441076842349732,0.002394476506362153,0.0024642973242079425,0.0023491812633225084,0.0023459967425185635,0.004683158686999311
2003-12-24,0.0005865738021704203,0.0005494383424538007,0.0005268757971021998,0.000547092280527739,-0.001146747211307031,-0.0011025590286426468,-0.0008596511690240893,-0.0008747347082850299,0.00042500821960844704
2003-12-25,0.0002853022369302405,0.00022547135491768344,0.00028389526043692825,0.00022304105851489453,-0.0001196432267716041,-0.00011877863368026098,-0.00012192804636990129,-0.00012165481586368099,0.0012933566011033015
2003-12-26,0.0008130292308963227,0.0006546593814187318,0.0006997371692565313,0.0006347061771516671,0.0010615260502935264,0.001121200699491176,0.0010679128958808182,0.0010378572160680832,0.001281300109503114
2003-12-29,-0.002329314596474341,-0.0020571887369669195,-0.0020200390481849295,-0.0020478531615826245,-0.0014099312047727297,-0.0010915756747824634,-0.00091355953001937,-0.0008789311612816819,-0.0009920390500927079
2003-12-30,0.0019872062596799633,0.0016822974071148966,0.0020459885085108986,0.0017351400598006883,-0.000127705273166967,-0.00047496922882706016,7.685714056959725e-05,-0.00027198825263086146,0.0039348068959013105
2003-12-31,-0.0007720255143018884,-0.0007769962389448937,-0.0005603271825196376,-0.000560594493029809,-0.0014262039463787124,-0.0014325275120185,-0.0012331118674078212,-0.00123232725607747,-0.0010142703236403205
2004-01-02,0.00013161919387383314,0.0001316622851357252,7.665705244663812e-05,7.654015976221729e-05,0.00019915227072231367,0.0001992033376978508,0.00021230367767377523,0.00022384751945980774,-0.00025668865340489067
2004-01-05,-0.0003959828877333482,-0.0004047326688899622,-0.0004161210452416908,-0.0004253650699385103,-0.0015418203300390232,-0.0015527846744700646,-0.0016201710472403263,-0.001672228531470088,-0.0003623946626829522
2004-01-06,-0.00045224181198000313,-0.0004824965972891615,-0.00026560284862864325,-0.0002631205390698499,-0.0009947436861763581,-0.0009644667620496428,-0.0008455583684590096,-0.0005310955785575722,0.0007520975703076971
2004-01-07,-0.001955487705463943,-0.0020823183144771384,-0.0018029955792874253,-0.001735743568516801,-0.0033564637901621897,-0.003244567309629187,-0.003129251385890708,-0.003012806952635061,-0.0020093898365343144
2004-01-08,-0.00485973704846121,-0.004892378730830926,-0.004857401655709359,-0.004848605576538878,-0.0032688980134069068,-0.0032385178397157377,-0.003177766332274734,-0.0031439966939154074,-0.007998307437654284
2004-01-09,-0.002480487502491968,-0.002483724931180209,-0.0024884907316080618,-0.0024845367128278895,-0.00153890273486601,-0.0015408475532671106,-0.0014038471569027822,-0.0014034400677646053,0.000556780973555604
2004-01-12,0.00205239700952764,0.0020535086705826266,0.00155524576210464,0.0015520591075439683,0.003066931891003266,0.003067252040445334,0.003087467623742457,0.003084759178741292,0.003514752981287117
2004-01-13,-0.0004783838411114294,-0.00043693529269861475,-0.00046954889520756105,-0.0004694294887109818,0.0003365148497720405,0.00037680341222423586,0.00022498041170782024,0.00026545467266236855,-0.0019801231917229156
2004-01-14,-0.003676256586077953,-0.0036748645786516265,-0.0036802914651195007,-0.0036741226244200176,-0.0011952029635081685,-0.0011952935599508496,-0.0013046681288663153,-0.001304106871286237,-0.0104265236977521
2004-01-15,0.0012112865838780351,0.0012118906411879848,0.0011403719662193001,0.0011385131728705034,0.002121040765483917,0.0021224180418932814,0.0021759033960870866,0.002204761424220436,0.004786339390534966
2004-01-16,0.0006099564270540814,0.0006102595602861527,0.0006618943623404316,0.0006610762508436618,0.0008151571866836793,0.000896634481799996,0.0010446023623866818,0.0011260297587321055,0.0019720866107462154
2004-01-19,0.00021135737778665842,0.0002114587263690737,0.0005453245148521191,0.0005444759918258324,0.00040860701101430585,0.00040757019538562034,-0.0005010256055099083,-0.0004984147681735829,0.004472699963429694
2004-01-20,0.00013941794959082543,0.00013644239903531918,0.0002459131794032565,0.0002456183083705543,0.0005236067104144038,0.0005230859575446889,0.0004267033746536697,0.0004250236516247785,0.0040348488389903014
2004-01-21,-0.0009847091994408252,-0.0009323090528057243,-0.0009760825460306544,-0.0009749026601143518,-0.0010627107290984705,-0.0010614312390144764,-0.0010920084214920411,-0.0010920817699472396,-7.439759734517715e-05
2004-01-22,0.0015496589981431885,0.0015500449426566476,0.001392581090817302,0.0013897875226258627,0.0010314134320252855,0.0010084327625776712,0.0013426970089844836,0.0013386189531476855,0.0016351090748618624
2004-01-23,-0.0006206767333041263,-0.0006209365612646067,-0.0007630432605251203,-0.00076170486056093,3.5864672186969315e-05,-3.65934131087986e-05,-0.0002432058696532069,-0.00024108003795164645,-0.0011440863916326593
2004-01-26,-0.0012969308637872379,-0.0012976681027280224,-0.0012560233692449074,-0.001254055532021181,-0.002111084868208324,-0.002056460038382002,-0.0025418055923884797,-0.0024853415181379512,-0.0016844873908768987
2004-01-27,-0.0012745397823508142,-0.0012745679153941536,-0.001203438925618916,-0.001200645756044727,-0.0013356842451386353,-0.0012707286462173562,-0.0016663881025786864,-0.0015977948832563982,-0.002323573933964984
2004-01-28,-0.0012825146970106838,-0.0012828637557861233,-0.00083508542858024,-0.00083334184118522,-0.0011919456888735969,-0.0011906433840720432,-0.0011657944796856778,-0.0011515969776937363,-0.003698389898909027
2004-01-29,-0.0006245094914861804,-0.0006239615026604195,-0.0006057671213888227,-0.0006036221866183578,-0.0003398943922544584,-0.0002848314946721775,-0.0001400813662429945,-8.665628857917884e-05,0.0008217676789565864
2004-01-30,0.0021885333498550263,0.00218954295078011,0.0018870366932628446,0.0018838248757981901,0.001333775329248832,0.0012869483133819415,0.0009571759231707944,0.0009098849077504578,0.0017211508253349717
2004-02-02,-0.001352143393267724,-0.0013527538544323425,-0.0009632612213076319,-0.0009615903481970944,-0.0014358272208710998,-0.001435749932025332,-0.0014702065122031982,-0.0014686167368430647,-0.0018802990994458701
2004-02-03,0.0007153194738653834,0.0007169829509019454,0.0005704530985579659,0.0005694757264631534,0.001862316241823203,0.0018634678091453694,0.0016444015299488246,0.0016426336132204788,0.0012866900182366692
2004-02-04,-3.0101446550578892e-05,-8.155600370429728e-05,-3.139675328855951e-05,-3.1338017408621965e-05,-0.00042156094362044705,-0.0004670465824935244,-0.0004029196022122816,-0.00040123388583135355,0.002746989304561742
2004-02-05,-0.0007886635611906723,-0.0008347866575251217,-0.0008373958954784877,-0.0008346106018871646,-0.00046638520471531386,-0.00047941844984411564,-0.0004091122619928056,-0.0004486790787929795,0.0013086705880642757
2004-02-06,0.0011500750776509694,0.0011983739692846829,0.0011520511243943155,0.0011976473908064111,0.0008501630759218948,0.000896540169344151,0.0006532968821191254,0.0007120412424506117,0.0034184589722376924
2004-02-09,0.0025378507041367016,0.0024977765769498284,0.0025767728223990982,0.0025285107114272343,0.002894063139704972,0.002757535056915561,0.00279075031805176,0.002653338360613988,0.007361129246485465
2004-02-10,-0.001796549180238638,-0.0016148000344272662,-0.0013423150615254897,-0.0014518650946875322,-0.002439836617469715,-0.0022692736987338646,-0.002095240647597252,-0.0018226029631204232,-0.004105174315130133
2004-02-11,0.001944429114129509,0.0019681517740570698,0.0017825055480635843,0.0017796377258081364,0.0014969198259366934,0.0015182023287105828,0.0013293768254618588,0.001496568087290262,0.0016320762207151507
2004-02-12,0.00033883617806718114,0.000319111148427087,-0.0009311917076602061,-0.0009492035000100429,0.0005087739892151166,0.0004900378770948954,0.0005891353329032789,0.0005922195591219204,-0.0006569482609586341
2004-02-13,-0.00034233893396373727,-0.00027995489610987967,-0.0004462836177491214,-0.00044656051003799657,-0.0013726169900345475,-0.0013119825344114489,-0.001363892101458819,-0.0012499875906217817,-0.0013896018300602053
2004-02-16,-0.001738264706380499,-0.0016035295601913857,-0.0022597998754375626,-0.0020516094971687604,-0.0034748916814386632,-0.003224322201760055,-0.0035089466898069466,-0.003252774935118219,-0.005305166848661447
2004-02-17,0.00024462537959779596,0.00023945499426458738,7.566134226388854e-05,7.171743131384467e-05,0.0010000072853266762,0.0009981743743421312,0.0006181667628040177,0.0006207189889464448,-0.001440980054986829
2004-02-18,0.0022182040277853865,0.002219770260056153,0.002429038977008746,0.00242445257433066,0.001480991965184586,0.0014927019367272365,0.0019216118833536022,0.0019300953823315758,0.004022482194784738
2004-02-19,-0.0029314151038386527,-0.0029270713356291944,-0.0026885784369475862,-0.0026878859862115023,-0.002104249702171157,-0.0019564621879480937,-0.0014763923550511482,-0.001327321260418568,-0.0024674775959511175
2004-02-20,-0.005392125480430665,-0.005326265184137813,-0.004675974915216763,-0.004591877443719805,-0.0038665688468283443,-0.0038388582528151582,-0.004425919193648986,-0.004392144648040719,-0.004907050079055009
2004-02-23,0.001837655085215717,0.0018619465736307017,0.0018364871960623308,0.0018975478361602516,0.0016362429011198554,0.0015349822121164536,0.0019696436566392084,0.0018669278934446698,0.0016934861112551935
2004-02-24,-0.000362516128811885,-0.0002894844474863323,-0.0005141556706689254,-0.0005105058473786617,-0.0005929368024560899,-0.0005620074566680122,-0.0005602502755317484,-0.0005600533160491361,0.00014409165392570422
2004-02-25,0.0026298943754434756,0.002671875852561012,0.0022773025276341397,0.0023062778140352513,0.00047479583845855267,0.00048120084286940035,0.0012305484330972227,0.0012096391097935477,0.004001842531676125
2004-02-26,-0.0022093581566442477,-0.002200948868975705,-0.0022189272674213445,-0.0021863349955425493,-0.0006886368093256268,-0.0007289988791773228,-0.0005637988510597269,-0.0006043128985369073,-0.004920417693289991
2004-02-27,0.0021940634374588708,0.0023011121271891977,0.001990347520241631,0.0021023242714401924,0.0021313153212543234,0.0020247843124370224,0.002580047597120272,0.002469443787405101,0.0023917880177566353
2004-03-01,0.0019994852835170107,0.0020461089098746665,0.0020285107790594115,0.001964754386785339,0.0021190656497103166,0.0021750679975478526,0.0016662793737431958,0.0017226421956380022,0.0023350516943918542
2004-03-02,0.00045258827725147555,0.0004047948864285278,0.0005783394477820725,0.0006275187499376056,0.0015953859986013175,0.0015566041941246223,0.0015504656856075716,0.001782360793374016,0.0030606589327151212
2004-03-03,-0.0024771427763949916,-0.0024979207287545435,-0.0024797408672569965,-0.0024875409576918805,-0.002421021988802119,-0.0024141026256062625,-0.0022284054534568165,-0.0023636745111665913,-0.002966372763945846
2004-03-04,0.002895612968008443,0.002978455961758497,0.0032209491633454768,0.0031098305073176125,0.001693521114332297,0.0016952120345665733,0.0017087557977006895,0.0017061981170629625,0.0030264303930696013
2004-03-05,-0.00290896592280121,-0.002927448657481735,-0.0029449805534056406,-0.002967207469893207,-0.0041384866084428484,-0.0041406019408822825,-0.004288865852272061,-0.004286679788403802,-0.0031504461121919514
2004-03-08,0.003938500494331754,0.004042565163888456,0.004252381543176087,0.004063102701765686,0.006129205741259414,0.005993083595109416,0.005890296340901546,0.005746123588874719,0.003957528645593289
2004-03-09,0.00022126487570117703,0.0003329595126457807,0.00011763503507156159,-6.9142996996784944e-06,0.00019985049956883216,9.169509568418555e-05,7.11777193314056e-05,-3.561999872769839e-05,-0.0007167761440074472
2004-03-10,-0.0017033102393078092,-0.001622284377271077,-0.0015115470227722305,-0.0014088840551598203,-0.0013668393504862042,-0.0013467718227758718,-0.001391240377081271,-0.0013664008266691674,-0.0011952419422505134
2004-03-11,0.00333527816137269,0.0033334758925878116,0.0030321169902438605,0.002837443168132392,0.0026237924355696496,0.002492901535870562,0.0019573048276169125,0.0018229069236841422,0.003575795932354353
2004-03-12,0.0004780924869420833,0.00044723629608101056,0.00023110311467910982,0.00022358979174974536,-0.0005031144952596378,-0.0005199070703624242,-0.000623288261139221,-0.0006147457267088319,0.0015289399847047136
2004-03-15,-0.0012289728665650923,-0.0012115380456280134,-0.0013788744044747059,-0.0013715511619200038,-0.0006072492352473535,-0.0006183428415243997,-0.0006371289032991445,-0.0006608498886720993,-0.004717303846853094
2004-03-16,0.0027450988123014497,0.0028081744973298406,0.0031015577201913835,0.0031535054103424276,0.002908896879934675,0.002864010712815057,0.002845928167589884,0.002796321810946134,0.0036380494791297124
2004-03-17,-0.0009054950238964743,-0.0008365138509224268,-0.0011078233588885933,-0.0010263322391742546,-0.001179036371987685,-0.0012782760931471238,-0.001298624257011105,-0.0013938651653360168,3.4262132200257867e-05
2004-03-18,-0.003371704907667583,-0.0032857806880453033,-0.003347252741356166,-0.003260716376604633,-0.0032573528795248885,-0.0031816440946811353,-0.0032630088528794454,-0.003181860502434186,-0.0031082305629335227
2004-03-19,0.0009615835910403714,0.0009332956480450072,0.000869485760664368,0.0008402137364964535,0.0009161506130483943,0.0008902345934580502,0.0007875727792872045,0.0007620783712947166,0.0011803737318742957
2004-03-22,0.000934578984456147,0.0008342546937709638,0.0007550389006154568,0.0006603286092832228,7.558723563483305e-05,-1.2421864555300921e-05,-2.1964855291822794e-05,-4.459685140045799e-05,0.0008803776600856406
2004-03-23,0.001685746965585766,0.0016687370828372128,0.0017063525150482484,0.0016816057035087262,0.00126735669592426,0.00125044154175602,0.0012916993418157219,0.001230974839986132,0.0009687066814860756
2004-03-24,-0.0012333784279644489,-0.0011932075036026335,-0.0009116282467042103,-0.000875115766938328,-0.002285604184503298,-0.0023035316764754565,-0.0018874106584625405,-0.0018512311942499027,-0.00027574476202352205
2004-03-25,-0.0013493667285104927,-0.0013602769947199667,-0.0013699985762948286,-0.0013822075631499953,-0.0018631872426108087,-0.0018767267836923285,-0.001969685985751757,-0.001979292817284928,-0.002648395672957271
2004-03-26,0.0014043059671755564,0.0014301106945562303,0.0014285398499067625,0.0014566954985444358,0.002213859978172694,0.0022446668053799357,0.0022132027121894993,0.002239395395001731,0.0017667258235967154
2004-03-29,0.0020228814796896533,0.001995932819161439,0.0012699358626950819,0.0012439148335094963,0.001618098288585168,0.0016263263678577555,0.0007039578076142305,0.0007111654999387707,-0.002096797304253495
2004-03-30,0.0010455649185678872,0.0010470708877468038,0.0006852827582282117,0.0006887716763934737,0.0002805711922870824,0.00022542833362693138,3.6379935508756844e-05,-2.256397873234839e-05,-0.00032454655130742527
2004-03-31,-0.0002710290115752745,-0.0004064118860029886,-0.00010619868029781987,-0.0003642142926885139,-0.0006972566562684079,-0.0003926167672766434,-0.00045606115556606763,-0.0004342239519750102,0.00018659162283074515
2004-04-01,-0.001147668000076929,-0.0010306813272252802,-0.0011762813777740355,-0.0010580414390362058,-0.001310717492057245,-0.0014066063277499152,-0.0011837776980355708,-0.0011902892023918366,-0.006170021765914524
2004-04-02,0.0008063733094496595,0.0006494936503154136,0.000533223134296712,0.0003758197496992466,0.0018977581291383938,0.0018992415750656022,0.0012649350966400519,0.0012637667174488776,-0.0019772729525260324
2004-04-05,-0.0010094979226831224,-0.0008635248747961288,-0.0005953917497119043,-0.00044881810448427206,-2.2461009486218764e-05,-0.00015411856836811122,2.410591719170796e-05,-0.0001068335598377601,0.00038630843898546097
2004-04-06,-0.0007382794895695044,-0.0008097945059906131,-0.0006485665143732833,-0.0007171580797205035,-0.0043588034677720655,-0.004463356284614806,-0.004316917559744948,-0.00441780840789241,0.0007655455086201801
2004-04-07,0.002051830298210877,0.002127124669203173,0.002035753248538441,0.002086687384703634,-9.789600369747298e-05,2.1648509723748433e-05,2.2112413330166447e-05,9.358871914155742e-05,-0.0007221954095649741
2004-04-08,0.00019597072820642936,0.0003075280720941098,0.0002885381035093726,0.00039963943618626097,0.00014374760288404786,0.0002493726369503513,0.0002904416227254014,0.00039680780336892596,-2.703030157302777e-05
2004-04-09,-8.233129162238395e-05,-8.848999017896375e-05,-8.097842346865836e-05,-8.691427830009868e-05,1.0029227190955226e-05,1.5020408387522721e-05,8.330968443770459e-06,1.334729931334877e-05,-9.714924690562565e-05
2004-04-12,0.0017052433510316156,0.001704115194700817,0.0020822491891754336,0.0020753972050360225,0.0030825081157661582,0.0029510314679761507,0.0027629413338390307,0.002763153613438929,0.001964584186923801
2004-04-13,0.001574445348106579,0.0014076845289157092,0.0013786144329326344,0.0014192118904148288,0.0013818845635971133,0.001169899692149201,0.0005572865137235539,0.0005400746275587842,0.0003654513689939076
2004-04-14,-0.004580532196760356,-0.004451217727256318,-0.004339101988419136,-0.004206838083644415,-0.004014605720028652,-0.0038267078218308104,-0.003580561621020939,-0.0033170165615599156,-0.0052005941405603995
2004-04-15,-0.0003742236869473947,-0.00031035865391981776,-0.0001691652926461007,-0.00010521072483837823,0.000665139500639178,0.000754022126245868,0.0007096647696338554,0.0007692300385062634,-0.00022371184818448242
2004-04-16,0.0002843110979697805,0.00027655593527953215,9.848347917262856e-05,8.882103478335956e-05,-0.0003126942788451714,-0.00028395399006331257,-0.00034364206479653436,-0.000310546344804874,0.0028308669553915866
2004-04-19,0.004794160207505893,0.004705045309699507,0.004783728544529575,0.0044728958407505015,0.004639559064716359,0.004700522729135237,0.00447315071392973,0.004529807608945058,0.004094880505328913
2004-04-20,-0.0030292187935099246,-0.0030601054104935077,-0.0029019537002021867,-0.0029253749899775805,-0.003800770972239298,-0.0038032539529058162,-0.003057862212939577,-0.0030578291482573627,-0.0033646112016025853
2004-04-21,-0.003924452212510032,-0.003949046659059707,-0.0031849348370499575,-0.003924861607026875,-0.002588572434587544,-0.0026369013602789426,-0.0029919113017250476,-0.003033846285416808,-0.0032393712967765387
2004-04-22,-0.001610010785261906,-0.001574783214916109,-0.0016151808520304956,-0.0015114085032287283,-0.0016410354830043161,-0.0016754495431459127,-0.0018729739583219773,-0.0019049706239151476,-0.001138748759757835
2004-04-23,-0.0018889724372064265,-0.0018262178714347765,-0.0016727244971498356,-0.0016042941354167395,-0.002507580377191121,-0.002477662209750653,-0.002848937609068125,-0.0028156918369397488,-0.002516470959272654
2004-04-26,0.0015030769007819966,0.001376173476765441,0.0013833791264192818,0.0012531699496649562,-0.0001764517373427088,-0.00029414723844112256,-2.4813305968929278e-05,-0.00014187816752397886,0.00018789172858624248
2004-04-27,0.0003144994171553339,0.0003397876320294646,0.00026053840042727927,0.0002813982659661818,0.0005732627625314457,0.0005258112302739537,0.002745349236601191,0.002767497925029394,-0.002065658558372152
2004-04-28,-0.0022256703893681618,-0.002115202934076854,-0.0021436508223412476,-0.0020351449652515896,-0.002795034572778632,-0.002692621929751393,-0.0024217401440915776,-0.002315612013988555,-0.0023205865603638243
2004-04-29,-0.00044344170081433987,-0.00048083231260209747,-0.0006269458516895421,-0.0006593350124870501,0.0007815687104626434,0.0007518447723715571,0.0006116905336379652,0.000577643230363245,-0.0008513543808534862
2004-04-30,-0.0006049892405424195,-0.0006711872551059539,-0.0006308547808464571,-0.0007377586501081668,-5.538764625889758e-05,6.723883396286823e-06,0.00019893945153359738,0.00021812903846063492,-0.001269129183326223
2004-05-03,-0.0014859036957546312,-0.0015501539609990012,-0.0017112242065553396,-0.0017749959793015302,-0.0017278555551774044,-0.0017257187621433356,-0.0019455487669479687,-0.0019401037614313887,-0.0037858610579701857
2004-05-04,0.0002339943276203904,0.00023761816654532808,0.00025970898880545157,0.00026326587922653744,6.783625534190207e-06,1.064275540096915e-05,-5.0734233816518426e-05,-4.6812821243524816e-05,-0.002296560874638698
2004-05-05,0.0023550592061285514,0.0021775816253182256,0.0020940954509676146,0.0019161850836297845,0.00024396195994014214,7.843953171393636e-05,0.00031419506393515206,0.00014916678824494767,0.0001326142802826613
2004-05-06,0.0027493647761112072,0.0026244616266113407,0.00240111157407763,0.0022732342358320334,0.001261081163725919,0.001199239931020113,0.0008621055499029584,0.0007990769359376149,-0.000192888342161468
2004-05-07,0.001529839838146474,0.0015541888573231688,0.0011092685804432456,0.001206541196343336,0.002117902118894177,0.0021653364652614027,0.00247317540232439,0.0025149641800767952,0.0008009982374814761
2004-05-10,-0.0002180219135485828,-0.00023404743212851464,-0.00021953932657192698,-7.549417130425784e-05,-0.0004487037252957071,-0.0002981004329284387,-0.00030883340022802575,-0.00014847445812149473,0.001353084048563158
2004-05-11,0.0028781699047379927,0.0029369841963728938,0.002935848561523402,0.0029673144825976827,0.003122223359590448,0.003125132947299436,0.003159777347799597,0.0030835905520405493,0.001763342539087942
2004-05-12,-0.001418954151776286,-0.0014207177981504504,-0.0014215962895410827,-0.0013915890008161513,-0.0014195803980608934,-0.0014498903486843684,-0.001716676903258052,-0.0017403627408731914,0.00021979501612956476
2004-05-13,-0.002324364364261977,-0.0024068496722361443,-0.0018094492213821534,-0.001847170491186323,-0.0016954523480996464,-0.001737345750710162,-0.001814431385203652,-0.0017751478678408317,-0.0008830196742403151
2004-05-14,0.0012752737653902724,0.0012835424188009092,0.0009535110326366336,0.0008507810531548365,0.0013695754802678373,0.0014735773175904576,0.0012190056636005586,0.001314313407436929,-0.0002849132272502164
2004-05-17,0.0018833646025242512,0.001442499501658201,0.001417080628971501,0.0009726527452846856,0.0017424221120334593,0.0013254395730422086,0.0013583940564414476,0.0009437844666286832,0.005581246459871014
2004-05-18,-6.449758615523216e-05,-5.3085142755149306e-05,-5.2429209301041446e-05,-7.201654787336587e-05,-0.00010501754100589178,-7.273818348685346e-05,-4.696259604586306e-05,-4.090238711551564e-05,-0.0011651120400587578
2004-05-19,0.00025310775962728016,0.0002569505369767189,0.00020038436730906994,0.000133366611224206,0.0004869512408676169,0.0004176772913104809,0.00028938068882378154,0.00035196889540767273,0.0006156515003685747
2004-05-20,0.0025771261319555983,0.0025239897492157493,0.002660423228964204,0.0026254952679520827,0.0007674051370545332,0.0008182312007323223,0.0006681163798434309,0.0007097723357556429,0.00393744906640614
2004-05-21,0.00014805644449222832,0.0001608645556943067,0.00025288528914368946,0.0003189206416229773,0.0010891373461643372,0.001081503733101341,0.0010952562422259504,0.0010868221464184202,0.00209259364093084
2004-05-24,-0.0005520130441971638,-0.0005547433379541333,-0.00026459408710244325,-0.00020171962915482844,-0.0007461778073147851,-0.0006843258364290783,-0.0006492546192786719,-0.0006181735824245527,0.0014703992455002979
2004-05-25,0.0027944164240434333,0.0026691484728322834,0.0023104253185870505,0.00228527191627248,0.0021550175088755896,0.002084836388440481,0.0024359908099256256,0.002362178924166569,0.0011322343488151532
2004-05-26,-0.00038202314085111766,-0.00035470762337463935,-0.00039048020540732864,-0.0003124358180276454,0.000279911813247935,0.00030812291832726935,0.000733665622497659,0.0007587216828264243,0.0002605053692483761
2004-05-27,-0.002715874204195279,-0.00301286794934863,-0.0022726116226748916,-0.002563773625004706,-0.0025448817428557202,-0.003023935239643727,-0.0020373643428097665,-0.00231220141502686,-0.005963843601026642
2004-05-28,-0.0007417657376089792,-0.0007463523386800341,-0.00045146250456795656,-0.0004554052539559317,-0.00034688212664435447,-0.0003505362155785674,-0.0002446235556357035,-0.00043674597543541527,-0.0002372433654854733
2004-05-31,0.0003256846720176565,0.0003469933052051566,3.93848845934297e-05,5.915582839688405e-05,0.0010891875456700006,0.0011322496129715365,0.000997462332213761,0.001038792129753885,-0.0003198894335101343
2004-06-01,0.0026493743372173473,0.002649251002653674,0.002655561772172188,0.002653913152830034,0.002939381403868291,0.0029402926811150643,0.0030426075405083353,0.003041674699809649,0.0027618647739933166
2004-06-02,-0.001966652910131317,-0.001907674705805884,-0.0020302682350028523,-0.001970101105716049,-0.00039972567679213977,-0.000341119850546745,-0.0007997168363604867,-0.0007593739904733221,-0.0010951794074570698
2004-06-03,-0.0034304729566366765,-0.0034155713124293108,-0.003449976196171267,-0.00343308062564629,-0.004077841679646199,-0.004016841129510174,-0.004094319734282981,-0.004087378653678808,-0.005671097299461358
2004-06-04,0.002017101712408209,0.0019060192608852944,0.0020570311734970925,0.0019446534714555597,0.0015374560633889534,0.0014081764213409453,0.0016494759398724135,0.0017324764875206178,0.0013982676148394102
2004-06-07,-0.0006610948728478228,-0.0006698465586622016,0.0004235796271123693,0.0004140055720860403,-0.0016676993519029182,-0.0016783518142082787,-0.0016518690794656843,-0.0016461263210821864,-0.0010760063126864505
2004-06-08,-0.002160683430101562,-0.002156951343264102,-0.002394809387455399,-0.0023987690945324047,-0.0017441031403461205,-0.0017491923545209787,-0.0017749635498578442,-0.001776584978334883,-0.003054262358265447
2004-06-09,-0.002957933863679374,-0.002904352296244639,-0.002865735407515224,-0.002810445690978658,-0.0017575335566776262,-0.001704434254168552,-0.001775816731239166,-0.0017196551924856252,-0.0018996290254197357
2004-06-10,-0.00030958498609157115,-0.0002111387068188808,-0.00048695118385366776,-0.0003883260159457391,-0.0003056010590085645,-0.0003012603762434507,-0.00016445912229290371,-0.00015840267169497935,-0.00010528594313374828
2004-06-11,0.0004804454616762488,0.00041831050303042794,0.0005511772526440861,0.0004887539431994714,0.0006484938684245822,0.0006516563743506065,0.0006579239908270917,0.0007285037154896035,0.0009033112708540791
2004-06-14,0.0022273082145616296,0.002180152764577059,0.002102087885644144,0.002053645559319861,0.0014465275951356382,0.001446792355219495,0.0014225409013846058,0.0014642586725699402,0.002327878308905129
2004-06-15,0.0028141796642480177,0.002896502504055487,0.002917001855086143,0.0030002069515451257,0.0023654398016375033,0.0023658203527661126,0.0023637314796050024,0.0023592337688720377,0.001200291510688123
2004-06-16,-0.0008354951025517643,-0.0008198416303294431,-0.0007007296304115673,-0.0007308033190596142,-0.0003892286973889991,-0.0003747497354702478,-0.0003536585428871586,-0.0003385302761022002,-0.0010156537643265517
2004-06-17,0.0025631902739520207,0.0024530484309055467,0.0014211431616155679,0.0013099218682939284,0.0018732628335556,0.0017729056136233101,0.0016744572587610307,0.0015694164868251814,0.001988539619505847
2004-06-18,0.0012766745846228833,0.0013729356914840007,0.0013774932437813359,0.001468844475179809,0.0013998756822795055,0.0015483677937799811,0.0009804769925605417,0.0010665876441189326,0.0004229379471183403
2004-06-21,-0.0015347483211799462,-0.0015064562649106383,-0.0013900953127320426,-0.0014929565077321794,-0.000666690290429095,-0.0007458387082835971,-0.0006386043896137172,-0.0006255059154852693,-0.0006548772327755747
2004-06-22,-0.0006084806739998783,-0.0004269131990576325,-0.0012056812220802016,-0.0011630883622428811,-0.0004181507951415142,-0.00024391491264863507,-0.0003160431875671721,-0.0002735538372533597,7.617266385206989e-06
2004-06-23,0.005355952177389822,0.005634186550778297,0.0055252048755043415,0.005859311634494713,0.007490534150305095,0.007440750151169073,0.007232595339586645,0.007218200016566589,0.00048454007447862324
2004-06-24,0.005904149936339476,0.005808920248955518,0.0046912482851229065,0.004619838498916229,0.00549170986512415,0.005381820123973702,0.004896924441720296,0.004779030472974011,0.0021593045467356298
2004-06-25,-0.0024908855369676353,-0.002518545567426589,-0.0026330654541115717,-0.0026602330344976943,-0.00349287032074852,-0.0033481806537033476,-0.0037089943348441734,-0.003658046285219929,-0.0024454484151773537
2004-06-28,-0.0021818102589646893,-0.0022533900238488336,-0.0017850954920002327,-0.0018322796163383614,-0.003297898889348505,-0.0034007463500910218,-0.002906138454931151,-0.0028085997777685945,-0.0051180916573208
2004-06-29,-0.0019876478549788468,-0.0018888713781012312,-0.0005034917445994047,-0.00040835241373904374,-0.0011289754695236187,-0.0011316208568920016,-0.0009750662216780892,-0.0009720278069158539,-0.0003968293303198145
2004-06-30,0.0025292752510761574,0.002298340113486619,0.0019070921361294957,0.0016753023343487605,0.001942117031924484,0.00172906426326902,0.0007921567609197044,0.0006086912897571573,0.0033112107171171523
2004-07-01,-0.0012144523472964464,-0.0013097945342761541,-0.0010391051356432035,-0.0011341835565827907,-0.001167755057667752,-0.0012091290551525802,-0.0009197120360826538,-0.0009586788081531461,-0.0013571313598331747
2004-07-02,-0.00254183605509839,-0.00265540938618547,-0.0026669030462704857,-0.0027797988562108245,-0.0026486416892811393,-0.002757343753153285,-0.002847516071398104,-0.0029498483931219566,-0.0009371857705933184
2004-07-05,0.0029776554255427357,0.002845621423565481,0.002835827246137068,0.0027024898804568487,0.0027374230953938206,0.002611476224388065,0.0017910818205046919,0.001663941554497228,0.004227806863776884
2004-07-06,-0.0009467845280299869,-0.0010483213705655414,-0.0016829606388870655,-0.0017846662601782581,-0.0004230306131980388,-0.0006324819302135909,-0.000869807101274489,-0.0009640388961803525,-0.001686915784012255
2004-07-07,0.0016225666873401767,0.0017014493755265203,0.0016400909420839493,0.0017186268971753904,0.0011633356880247359,0.001239359093970771,0.001233145578314554,0.0013051279692410933,0.0014313624123918345
2004-07-08,0.001283559154669378,0.0013396895096242645,0.0015673680928200984,0.001623325369757067,0.0007972022129794087,0.0008500533213087191,0.0010559019440354867,0.0011066364472986923,-0.0010169564788133911
2004-07-09,-0.0016155062919781527,-0.0015135349225654515,-0.0009971857516836158,-0.0008918588214134049,-0.0011937271105986191,-0.0010984470816078895,-0.0007612108861960731,-0.000665839163339399,-0.0005283660009359759
2004-07-12,0.0007054173470824043,0.0007096546965132955,0.0007215596364209542,0.0008158431146436662,0.0013496677314466243,0.0013535638093040703,0.0029903212097681653,0.0029053449629545813,0.0006523314921536016
2004-07-13,-0.0003929779008258194,-0.0006304756384895027,-0.0003670946046122614,-0.0006051019113475498,-0.0008305494693201521,-0.0008791544417493524,-0.00046152620476413997,-0.000505742260825004,-0.002464746627378611
2004-07-14,0.0007764011457693787,0.0008817970263339525,0.0006273611772606991,0.000729490252304732,0.001650560580604532,0.0017532595437039777,0.0004822290098436266,0.0005786072603131132,0.0007504604764496658
2004-07-15,-0.0020171221486161572,-0.002070585298672545,-0.0027265124663498064,-0.002728335601578147,-0.001759605877293624,-0.0017625846086860575,-0.0019075805610283547,-0.0019551572428231356,0.0015806728750051846
2004-07-16,-0.0016972246348033737,-0.0016899055964429976,-0.0015012307119894874,-0.001492995376154882,-0.0022877564797154637,-0.0022824842425752667,-0.001734684313146162,-0.0017250852858143872,0.0002162580578735085
2004-07-19,0.0018603212658374613,0.0016015911625897328,0.002282826525649595,0.0020241818291193425,0.0019928328898206615,0.0017536487666067746,0.002347007843144455,0.0021032265593958765,0.0017122374345619473
2004-07-20,0.0035598511961918433,0.003470634685291074,0.003207934894885023,0.0031168877428162656,0.004460100880234075,0.004377498933237689,0.004008085399933359,0.003916879272046092,0.001777646563273061
2004-07-21,0.004405283839593821,0.004367739348649202,0.004517117430637763,0.004477218173193798,0.005297096576735383,0.00495419159752597,0.005358274353574499,0.005002482299028221,0.0050175782135473135
2004-07-22,0.0012912338372141896,0.0012975965431138992,0.0014659604141238347,0.001465045589865932,0.001466356152526993,0.0014095997907255242,0.0013952760261668473,0.0013247820210917638,0.00027418973225801224
2004-07-23,-0.002055379889587594,-0.002059780332584138,-0.0018715947137281086,-0.0018762742637389307,-0.0003772989552873751,-0.0003775700502076651,8.113802206710652e-05,3.7574583493960034e-05,0.0008213653572870516
2004-07-26,0.00035701485648242937,0.00036084624995824655,6.837234888235066e-05,4.483029373925085e-05,-0.0004828600917297088,-0.0004493411796052671,-0.0007409901404585861,-0.0006826060321211136,0.00033119341935883284
2004-07-27,-0.00027791606899085775,-0.00027438095264575857,-0.00015379541566795663,-0.00016966322142553114,-0.0008732917339503432,-0.0010753496226223458,-0.000653672823440643,-0.0007582316500268638,0.0021637199127375606
2004-07-28,0.006925095566164607,0.006671873486367774,0.006252507084221648,0.006123248223111943,0.008000657033275793,0.008022333622522693,0.0070484783633133485,0.006925034913060291,0.006267033222729479
2004-07-29,0.0027965719080844664,0.002810970915492428,0.0024789016607702496,0.0025255222412605693,0.002880927017480772,0.0028989803930949964,0.002476206086796884,0.0025208052450240714,0.003830207628143345
2004-07-30,-0.0009396940046740854,-0.0009312603247728646,-0.0006404098934137403,-0.0007606182983700416,0.00031613562132459805,0.00020502106427655598,0.0005075872002218151,0.00039750972619723157,-0.0012681194779198268
2004-08-02,0.000575297323760271,0.0005871972549373883,0.0005781176947103894,0.0005822994719475449,0.0006861016519097429,0.0006931132471430512,0.0006925308851613021,0.0006960355266314444,0.0002641083641217179
2004-08-03,0.0012722459713625511,0.001233748267135848,0.001121503408777702,0.0010213649597201613,0.002267123501755508,0.0021452909425812017,0.002003909618710553,0.0019121688262357939,0.0008185664395958803
2004-08-04,-0.0034431693514416217,-0.0033956835499442395,-0.0037277965705349025,-0.0035098124789428864,-0.0027665539387009552,-0.0029871243611906406,-0.0028743796259679266,-0.0028276040743233644,-0.002812651926870857
2004-08-05,0.004453427645170205,0.00449880873988473,0.0041629918027144,0.004205573462382484,0.00546572830700609,0.005520994900136689,0.004563442930274331,0.004600837499783239,0.004523427594656404
2004-08-06,-0.002213442043959901,-0.0022966096272308834,-0.002226357573386961,-0.0023094725261803006,-0.001708296123948072,-0.0017162324196364764,-0.0017416317135703352,-0.0018143550887336213,-0.002057395002646234
2004-08-09,-0.001660945447296891,-0.0015978899200946861,-0.0016603558594346923,-0.0015945439032843955,-0.0022604285747429564,-0.0022249967182890185,-0.002165135192444767,-0.0021205628051770287,-0.00018399489771048216
2004-08-10,0.00035000215625213826,0.0003113505711200837,0.000259236489917658,0.00021836183821100086,0.00037165042404652127,0.0003887714602552883,0.0005983223169914176,0.0005644002065516851,0.0007058315251846636
2004-08-11,-0.0013019352559601183,-0.0012616525873562212,-0.001598528404681443,-0.0015597923938330815,-0.0002486027974725191,-0.00023472242167699164,-0.00043895859567666395,-0.0004321904173387736,-0.0012145352084281802
2004-08-12,-0.0005143882122236043,-0.0005023865366036162,-0.0007206871131736348,-0.0007082754234805089,-9.194176335569626e-05,-9.845011422493499e-05,-0.0005652212534860146,-0.0006148597088183605,7.690312226937834e-05
2004-08-13,-0.0011583859185398948,-0.001336925064448824,-0.001563607487974794,-0.0017415316072384446,-0.001761487812319218,-0.0019095783137220712,-0.001992919604069887,-0.002156955963498297,-0.0005462651821571685
2004-08-16,0.002808291336169111,0.002820622959998076,0.0026082489504410944,0.002618512529095618,0.0036447815956437424,0.0036615957633048257,0.003655975625716401,0.003662372288530502,0.002247342194139801
2004-08-17,0.004297962548287515,0.0043211417232038585,0.004347694154449133,0.004369619998251917,0.004658380976271026,0.004684685956297452,0.004460538121475288,0.004215814076514057,0.0024579502703896416
2004-08-18,0.0004967934469199964,0.0005139991097842245,0.0005699762515187778,0.0005872701574176631,3.441550074567701e-05,5.838228851806626e-05,0.00012077374862906609,0.00010228449740212753,0.0022738489244613636
2004-08-19,0.0015566115186824714,0.0014946050889503848,0.0016515116573820876,0.0015833605480843893,0.0029058550505094427,0.0030223790274883644,0.0029761987408190027,0.0028123602365683897,0.0011153853998639995
2004-08-20,0.005216680367077897,0.005201657680971694,0.005111478947405157,0.0051203559616863625,0.004442351538665346,0.00446718267528512,0.004137813680423541,0.004111007059773852,0.00900153774939727
2004-08-23,0.0022502012956291395,0.0021848091970306793,0.0019187091432897319,0.0018439666727529946,0.001562252279791343,0.0014092113408652462,0.0011287581664616297,0.001141740658875845,0.001222170392545463
2004-08-24,-0.0003304769387713069,-0.00045030958480074545,-0.0003007160883079507,-0.0003502383279075927,-0.00024305672556002023,-0.0003941544822474441,-0.0006012513156059551,-0.0006029450937756753,-0.0017751845126643406
2004-08-25,-0.0024598599325120762,-0.0024206342441130957,-0.0022407765498246857,-0.0023009131885922685,-0.00048122437965902876,-0.0004953322863076037,-0.0004760401133496739,-0.0004762437195788838,-0.0017641801037728833
2004-08-26,-0.00241866790066414,-0.002306826751612978,-0.001920266523916192,-0.0018655346967033637,-0.003137608859838492,-0.003032009142496239,-0.00282210631467128,-0.0029014253733086193,-0.0012963275667766672
2004-08-27,-0.0008626413536787503,-0.0009317374101842635,-0.0007735839918761034,-0.0007776098157494804,-0.0018082531698720983,-0.0017012421627391472,-0.001400753453946968,-0.0015074016448101135,-0.0011427882424751568
2004-08-30,0.0026763765912736215,0.0025120748527562853,0.0026177366493769227,0.002583938836995925,0.004712689192647224,0.004810072147865663,0.004629197783919459,0.004605521498116882,0.002779773682290765
2004-08-31,-0.0017136729500997205,-0.0016889662506952563,-0.0015807802712677343,-0.0015611032758008347,-0.0030997121301410413,-0.0030463243243932236,-0.0026914193220410887,-0.0026216014137282473,-0.0011895506916203002
2004-09-01,-0.0018159122853025345,-0.0016275611597157402,-0.0018884166421838655,-0.001896079589996491,-0.0030044056825656584,-0.0031384881494702643,-0.0027634917663396097,-0.0027413926522226184,-0.0003931946899103922
2004-09-02,0.002383798359276268,0.00226035642922251,0.002261352068844369,0.0022288272481811866,0.0031499451854883898,0.0032740235486419245,0.0025697062269252058,0.0025399439811042424,-8.85260701325441e-05
2004-09-03,-0.0005347135836906158,-0.0005328524567966841,-0.00035000565555109997,-0.0003201026844167343,-0.0004380178455677397,-0.00047012107103405754,-0.0004883608506471848,-0.00045828545406967347,0.0005053118366555864
2004-09-06,-0.0018585923164339269,-0.0017779865773075443,-0.0019372431669127943,-0.001939457303272274,-0.0009667095391252545,-0.0009610996397776406,-0.0011892549956276088,-0.0011135036358135286,0.0009520903307913553
2004-09-07,-0.0003236663157497599,-0.0002527445757227742,-0.0005172519583426238,-0.0004919885042805605,-0.001180314349705669,-0.0011692943333827532,-0.0010625357529866486,-0.0010377774851469956,-0.00017395209529957878
2004-09-08,-0.0011189123034062165,-0.0009583485054781571,-0.0010342606372419905,-0.0010010492947362115,-0.0018955503032739296,-0.0018873776989369873,-0.0016230380081693196,-0.001641657530443652,-0.0014663534363655861
2004-09-09,0.00017657530827785983,0.00030187244855728324,7.834393457772926e-05,6.889035886126216e-05,0.001109103356973451,0.0011388989215694867,0.0008495891493134344,0.0008971107837232317,0.0006065324239490355
2004-09-10,0.0009021006522156316,0.0006670494007514627,0.0008599087958063301,0.0008418541780637057,0.0014998096473382017,0.0012590440553639226,0.0011745840298649224,0.00115160967881911,0.000312794178085829
2004-09-13,-0.00013320855335363646,-0.00031943136022760665,6.22437747765936e-06,-4.2157268125508907e-05,0.0011022649686938113,0.0009563692229883625,0.0011007870812220766,0.001123619675269083,0.0020738447610770816
2004-09-14,-0.002541528316788333,-0.0024577440686009977,-0.002113678015491449,-0.0020424610249089037,-0.004490492512547517,-0.004385912186650409,-0.0038698584314929008,-0.0037927831007669166,-0.001550588196757463
2004-09-15,-0.006342733810496437,-0.006209689228451776,-0.006290116531873058,-0.0062224774494406,-0.005133265882167781,-0.0050433540935355126,-0.004876883474780769,-0.00484193129043109,-0.006820872724300986
2004-09-16,0.004691004353152506,0.004452854925500294,0.004512365469768076,0.004442354014835281,0.0051297991696217515,0.005169321073317468,0.004965288484924724,0.004906963554792254,0.005789348421439744
2004-09-17,8.58793639819666e-05,5.584985328743741e-05,0.00011375180754091829,0.0001914402511804525,-0.0004011871138392964,-0.00047844203316460554,-0.00017654726491722617,-0.00029704959461251956,-0.004727448536002377
2004-09-20,0.003234774771537996,0.0032208568542002602,0.003371306496272597,0.003358404380173541,0.003404987890429867,0.003403669380171781,0.0035108242732249106,0.0034439606113916277,0.002620279533617653
2004-09-21,0.0026878156450418356,0.0026115119820988575,0.0023989496680527633,0.00235544866921944,0.0034327806509191205,0.0033697763899451783,0.003042530401707433,0.0030396651051916024,0.0039111940677571955
2004-09-22,-0.0018191317138623875,-0.001999320905783586,-0.0021259908192867716,-0.002222942499440883,-0.0004772698062850411,-0.0004938268005220126,-0.0006762579466862428,-0.0006934487143434032,-0.0014884978274366523
2004-09-23,0.0029400886064436804,0.0027209987066985075,0.002955325872214143,0.0027819262288346636,0.0044656383349395146,0.004459991017628617,0.004505633419825239,0.004491571285964113,0.0034990650345956276
2004-09-24,7.263928673939546e-05,0.00024403777758363887,4.0810821684056364e-05,0.00022075381530806126,-0.0009964229546676195,-0.0015202166176955245,-0.0006481032913695506,-0.0006280960856261952,0.0015199005782189356
2004-09-27,-0.0030578564443926037,-0.003106514702309826,-0.002932560213145363,-0.0029813875003812385,-0.004022920231128269,-0.0040148518951670376,-0.0036912865055706012,-0.0036471459444243903,-0.0031104177324984272
2004-09-28,-0.004913467617356115,-0.00491092984311281,-0.004748594608663614,-0.004765956901857105,-0.004757650091690047,-0.004734521895657262,-0.004390381148817513,-0.004594901488554237,-0.005190003588306236
2004-09-29,-0.0009003173096799877,-0.0009231073851962979,-0.0005927304718689186,-0.0006358984691401393,-0.0016478406171700488,-0.0016668872271941026,-0.001345817423615725,-0.001306050644338641,-0.0006783900815279242
2004-09-30,0.004351859207487596,0.004360794324122619,0.004584612116985021,0.004585609144631686,0.005685395477079247,0.005690580092227782,0.005761591836756397,0.005972077056549674,0.005365759683854554
2004-10-01,-0.004497589960771875,-0.004254186984823716,-0.003696536937137229,-0.0035183566355397877,-0.004415629727250181,-0.004344632477250143,-0.003965175741177385,-0.0036871366823635343,-0.0027362638026184882
2004-10-04,0.004367014023943794,0.004159877093145248,0.004025720257039289,0.003955431278860777,0.005649576950469637,0.005542982284082898,0.00486816044804006,0.004746563131633685,0.004850979305968561
2004-10-05,0.0007847071075743894,0.0009204775326663306,0.0012421434625673466,0.0014312349688043735,0.00016844057999954032,0.00044312214362296487,0.0007563087963353698,0.000947299830591497,0.0023334425056591446
2004-10-06,-0.002248578859575412,-0.002229584939188567,-0.0023903944282491763,-0.0023495205892383186,-0.0020380049315357196,-0.002130651331066824,-0.002086769140197675,-0.002143707796347538,-0.002492282848176819
2004-10-07,-0.002341512969979531,-0.002354438799096692,-0.0016333362337419555,-0.0014415797064273317,-0.0030769691109628905,-0.003026129239943609,-0.002678780084084953,-0.0022455744598379734,-0.00134517184683014
2004-10-08,-0.0009050125239934426,-0.0007024085276207126,-0.0011208601177956634,-0.0010076661696543088,-0.0013569021379556956,-0.001376673238089987,-0.001452891759086139,-0.0014513440857428783,-0.0006479531222378654
2004-10-11,0.002614079286788362,0.0025894583660319714,0.0009616490707877734,0.0009332214770072511,0.0014026375520839185,0.0013823634711793709,0.0015407913763840764,0.0015191842435320346,0.00304159763500933
2004-10-12,-0.0018209170731957602,-0.001903997409245739,-0.001968053863985575,-0.0018713609845771861,-0.0027328559523656093,-0.0028232141046627968,-0.0028012503984518045,-0.002808606169958705,-0.0012196439782806712
2004-10-13,0.004039741996632262,0.004005419632052254,0.004056798643663928,0.004066469099099468,0.0042003065180609145,0.004193159915951927,0.004202080027662758,0.0042251604541725385,0.004209770772493071
2004-10-14,0.0013881894639771186,0.0013824874580072866,0.0015472808839089858,0.00155197365447024,0.0005970511347792584,0.00058957433493112,0.0006295279603600878,0.0006232300236361787,0.001088485770141645
2004-10-15,-0.0028417411969999806,-0.0030860582688905236,-0.002756042362175859,-0.0028901791502569107,-0.001724269972236514,-0.001890717704812972,-0.00143191563167,-0.0016516655072403852,-0.0029320271497259576
2004-10-18,0.0020589044873990936,0.0020317187047085294,0.0021009455207905425,0.0020551427519690524,0.0025083284575986298,0.0024512716140825397,0.0024318923332635745,0.0024181814954091774,0.0023662596877398467
2004-10-19,-0.00295453207356533,-0.003103705829807679,-0.00303728572958184,-0.0030983255992558245,-0.0010851660169456379,-0.0012265156364662522,-0.0012046651434467481,-0.0013339715440729982,-0.004139715289667056
2004-10-20,0.0035547971536442624,0.003157434317994312,0.0032787209983662358,0.003302948961046326,0.004442030054583768,0.004064543974607204,0.004086328007404383,0.004043267230859904,0.0035243401496682925
2004-10-21,0.00043940594834501745,0.0006509101238740822,0.0003499640741178034,0.00030200698183069363,-0.0004328696775520724,-0.00030838944595257267,-0.00018829349579196908,-0.0002701289290210074,-5.146593158267265e-05
2004-10-22,-0.0033748577612808806,-0.0032951523966431306,-0.0026335651620108536,-0.0027746842145934814,-0.0029995094545047785,-0.002945893321845916,-0.00253425595848078,-0.00266335872756418,-0.004636509684828205
2004-10-25,-0.001405148280533064,-0.0014863982999265835,-0.0017559224728079803,-0.0017853602880550934,-0.0005891083198008573,-0.000658698611119779,-0.000973941526283939,-0.0010003456329263916,-0.0034564567654158385
2004-10-26,0.0018589247144720211,0.0019148026831037335,0.001972606630086471,0.0019913966479199185,0.0019245563486336437,0.001912715119670061,0.001933487969077774,0.0019508627840572057,0.0022764792665432854
2004-10-27,0.0035274854335194394,0.0031389062496869347,0.004245989596918465,0.00402401616528536,0.0038672572931048865,0.003665598173517415,0.0032375228174348347,0.0030325743609640465,0.0031277684411330497
2004-10-28,0.002676879552910405,0.0024512894389185913,0.002567458469461714,0.0024830342020520924,0.003974427458376395,0.004062479262244789,0.0039400378275082915,0.004018693391082628,0.00043179157222072995
2004-10-29,0.004447410518303663,0.004482793462813772,0.004577571034886985,0.00464403278480896,0.004435998482156478,0.004485741016180045,0.004647761056385535,0.004679991280152507,0.004044555319453025
2004-11-01,-0.0004435212289958246,-0.0004643788272298277,-0.000599379072378059,-0.0006098039231986485,-0.00037471673087008384,-0.0003983172199693019,-0.0009737178104288757,-0.0008602029797077915,-0.0012104954439100535
2004-11-02,-0.0005103448931480514,-0.00044809681182111927,-0.0004853140522749211,-0.0005330403411931695,-0.0011566124890938223,-0.0011485112180962265,-0.0013710321194839725,-0.0013521019828289793,-0.0009622148857333368
2004-11-03,-0.000565861555892333,-0.0006834463597504836,-0.0005324814976038761,-0.0006295061040849648,-0.00044329569025713944,-0.0004199255185189932,-1.2202577798325898e-05,0.0001397431754248668,-0.0017561885862250604
2004-11-04,-0.0006585957274012344,-0.0005423344175672362,-0.0005804023473884312,-0.0004618106814915368,-0.00046070876165671404,-0.00033198929066879934,-0.0007000784100228419,-0.0007794826234460706,0.0016388700330116635
2004-11-05,-0.003457714639710008,-0.003414660554443616,-0.003474432518976389,-0.003430749767397101,-0.001955990256326312,-0.0017397781912938948,-0.002168489620373526,-0.0021253170300207236,-0.004071574635530872
2004-11-08,-0.005405000559491002,-0.005341684397527469,-0.005538761510047396,-0.005566337661824683,-0.005426287226184323,-0.005429054496121299,-0.005685396755054861,-0.005740640416890264,-0.00558087636428195
2004-11-09,-0.0013368514825231603,-0.0014524963422497539,-0.0014392850883024888,-0.001511423162372294,-0.0004427876200915337,-0.00043850212329277216,-0.0003745090162878828,-0.00048690769515524757,-0.0014209171465736636
2004-11-10,0.0022868508074924687,0.0023905171914704315,0.002340892329957489,0.0023369045453052184,0.0022151451505136865,0.0021846667901057604,0.0022460074000252295,0.0022059990995415557,0.0016103011296775271
2004-11-11,-0.0006908534174103753,-0.000656094124620421,-0.0005846692939961429,-0.0006525475472834996,0.0018512727255446393,0.0018855587143213892,0.0012712679668913651,0.001204791096786284,0.000599231871615924
2004-11-12,-0.0022408095181187804,-0.002310927273849517,-0.002639563435073322,-0.002256024167500259,-0.001549081656939233,-0.0016152216062879088,-0.0016779477826869282,-0.001665433638348035,0.003233852548803151
2004-11-15,-0.0008531048700558541,-0.0009714369560213099,-0.0012329752897151103,-0.0011935818507700091,-0.0016517518280352306,-0.0016113522979280814,-0.0015743679936089938,-0.0014793112871673841,0.00014604145654750766
2004-11-16,-0.00042358748129278645,-0.0004555719446718287,-0.0003868142798587604,-0.0003355990938676001,-0.000424766152445355,-0.00025427497853891534,-0.00045447562162537203,-0.00040775349613753065,0.000498653869626331
2004-11-17,-0.00018544720747992738,4.453801593640172e-05,0.00012153615134313789,0.00016429205452017648,0.001065025375354356,0.0012849599401572043,0.0014450566565671341,0.001487634666936355,0.000385749201183172
2004-11-18,0.002534278674932944,0.0025411868014251215,0.0024192899236050724,0.002390796237326853,0.004267150441112477,0.0042847378898354105,0.004282346072222776,0.004277116281067084,0.0022170511431629514
2004-11-19,0.0021012116185725738,0.0021055704018726473,0.002220873625600195,0.0022202533001276503,0.002086069638490784,0.002090227288090496,0.0019659175084778546,0.0019668046778542614,0.0004995210414568962
2004-11-22,-0.0006182786591639733,-0.00047232114150774773,-0.0012710749898440232,-0.0011237133978249103,-0.0022125936570441818,-0.0020444983103020675,-0.002297758208801959,-0.0021636362887617056,-0.0017881861431653379
2004-11-23,-0.0021398034170651004,-0.0021759412525536037,-0.001993604371935964,-0.0020277644557563645,-0.002755183098752445,-0.002451268236342674,-0.0026355941861005983,-0.002297160055537706,-0.0015684305078704774
2004-11-24,-0.0010876072886579768,-0.0011433215193342727,-0.0011780549159476905,-0.001150147601207352,-0.0008475064332580384,-0.0006410783252591701,-0.000957470548346051,-0.0009119223851812297,-0.0005123616441865542
2004-11-25,-0.0007601720562820935,-0.0007424661400921018,-0.0011165235416381591,-0.0010715966061740634,-0.0012278351431421752,-0.0013204953493642924,-0.0012575539168768746,-0.0012891753468787792,-0.0023621667304808414
2004-11-26,0.0032357918509757777,0.0029294780153885647,0.0025926107654672403,0.0024886692708370184,0.0008985210426359913,0.0008050969881374659,0.0006323217316814844,0.000441863993498659,0.0023948160030007326
2004-11-29,0.0010322239843227887,0.0009265834008371776,0.0011866136489926404,0.0010686340472889633,0.00010997160151937635,0.00016933877248459517,0.00012684027832521316,0.00012533549121029885,-0.00037084072109949684
2004-11-30,-0.0003381510273322563,-0.0004910142538009366,-0.0004789822038026026,-0.0005565321093108366,-0.001672018816487597,-0.0016705993332518654,-0.0018180981860116407,-0.0018809210159668188,-0.0010560647502415588
2004-12-01,-0.000717591887665292,-0.0007195180014774039,-0.0003213025436360484,-0.00039551301551488116,-0.0016164793708436376,-0.001729043500512617,-0.002093106802661393,-0.0022108543021733817,0.0017305585197966433
2004-12-02,0.0022450168837229167,0.0021398834718695525,0.002071367731308449,0.0019866007513449357,0.0017037221940172653,0.0016361431103146806,0.0016063312906815508,0.0015627339813912844,0.0015708302050105871
2004-12-03,0.0004451778495373482,0.0003438541273519391,0.00021671601614370317,0.0002156703583835462,0.0006671280532266621,0.0007063760938621488,0.00040302889643095696,0.0005256333938588043,0.0019385251585815055
2004-12-06,-0.0024309973867424617,-0.0024407448201708704,-0.0024202078424507834,-0.002451291115282306,-0.002429794585829259,-0.002430868743616754,-0.002302416204685742,-0.0023006952707084194,-0.00239294719990224
2004-12-07,0.00017736059823092454,-0.00012725908851252132,7.80246006586438e-05,2.434753435531789e-06,0.0006254432722656578,0.0004616783030340077,0.0004326739129010271,0.00033700668775948905,0.00039641703660531213
2004-12-08,0.0007588060831378307,0.0008208517339629573,0.0008514474071423805,0.0008299907513804605,0.0005701063130318929,0.0006477193500258327,0.00059781361328759,0.000697102038597297,0.0017909994980545019
2004-12-09,-0.0020366795178763386,-0.002028973688928737,-0.002080313660876021,-0.0020620962076771665,-0.001445970415478337,-0.0013712656594790928,-0.0014510551604712818,-0.00137328781469781,-0.0036628099559813387
2004-12-10,0.0008994665285562142,0.0008536176522813133,0.000907426975502057,0.0008360348512570503,0.0018439463116521893,0.0017483318558275673,0.0018708356979757479,0.001785243301427597,0.001953256985192997
2004-12-13,0.0027438026251520586,0.0026761665045873517,0.0024430155742194426,0.002436563441096995,0.0032565237542674375,0.0032284657903129954,0.00319439418239309,0.0031577056074729715,0.004947134040620416
2004-12-14,-0.0012585034314016585,-0.0012315953978638827,-0.001219687034715422,-0.0011379424349152734,-0.0010558046982415137,-0.0009778086844236533,-0.00102269788796161,-0.0009728532353472374,-0.001375075454068564
2004-12-15,0.002874862301071479,0.0027942296494913865,0.00286581001644004,0.0028396805702102235,0.00420091272962253,0.004171106092012211,0.004180640444238826,0.004139249155304947,0.0038778850874230386
2004-12-16,0.0007322277235837227,0.0005167967120056627,0.0005559504386218883,0.0004015114962638844,0.00107298480648077,0.0013162576665100012,0.0011881387326293513,0.0013681467877639797,-0.0007366804648437641
2004-12-17,-0.001686549419236516,-0.0012013594015324314,-0.001600224331118505,-0.0016019024317198705,-0.002913766417936614,-0.0029038927611758636,-0.0033630335259532407,-0.003335065078076016,-5.80245553739589e-05
2004-12-20,0.0025129619317292295,0.002467480278095069,0.0018524613982324745,0.0017941875772824467,0.002535983351321658,0.0024382800553230943,0.0021947391811829586,0.002130711861796364,0.0023347736124470497
2004-12-21,-0.001622156218250681,-0.0016627399526403241,-0.0018515377451520099,-0.00184098619618156,-0.0015574709597412362,-0.001669271593073618,-0.001957947782346592,-0.001980795262201296,-0.002267847211238183
2004-12-22,0.0001597360093845701,-0.0002439764405689493,-1.8451310254574693e-05,-0.0003876685183981099,4.242878012505891e-05,-0.00016818554615527503,0.0012463205194555016,0.0010245479181829609,0.0019621611022582197
2004-12-23,0.0009489882966866592,0.0012224682748542826,0.0010684199818489226,0.001122109118750103,-0.0011990448074072901,-0.0009745147003034083,-0.0003823874285926454,-0.00023661602011038063,0.0005840338012199631
2004-12-24,0.00137521595654988,0.0013747205645915361,0.0013817832753464376,0.0013781487165978046,0.0009652037777829747,0.0009586483060926021,0.000956736665663982,0.0009480667774388607,0.001520224033900508
2004-12-27,0.004954088554427916,0.004793485321229918,0.004227257626440162,0.0041658998008380355,0.0056582237869229335,0.0052165452567449755,0.005191268737989363,0.004836096295953274,0.007008958578663238
2004-12-28,0.001633756496311145,0.0016383220644100582,0.0015029369895858125,0.001472503882067766,0.001320931503265399,0.00016965898774135013,-1.731281481731628e-06,-3.855396215945994e-06,0.0008072779995835777
2004-12-29,0.00012729259441890406,0.00013432142597058494,-5.781274557348226e-05,-5.7991002846757844e-05,0.00039448529188801373,0.00035603577593112945,-0.00014956522778397652,-9.549649529427828e-05,-0.00021349043225349362
2004-12-30,0.0020564245106251544,0.00214536676375765,0.0018877614816272814,0.001962914012122452,0.0017518418649604683,0.0018740330636508595,0.0014776451023903459,0.001227493151247705,0.0019637917825860995
2004-12-31,-0.0009588791324663948,-0.0008765702736329706,-0.0008866294197169555,-0.0008445297818781006,-0.00039065999410869967,-0.00041770090448001174,-0.00011872986904815086,-7.739386801286496e-05,-0.001450284416094627
2005-01-03,-0.002326422674319706,-0.0022862446425571115,-0.0024546435618946205,-0.002456110316013671,-0.005574076587871679,-0.0057128563328089355,-0.00584975078184069,-0.005853435892101522,-0.0019805130175838404
2005-01-04,-0.002344710365711933,-0.002357855280660459,-0.0021705676116247075,-0.002178561767207765,-0.002639038268588023,-0.002601870030643605,-0.0026847282169775166,-0.002701391446571666,-0.0007672210010729597
2005-01-05,0.000579610546728837,0.0006233729797266996,0.0004141610202412771,0.0004520835194954387,0.0008143859771758688,0.0009311159357467957,0.0008500261589530211,0.000871489727583219,-0.00010301124823297592
2005-01-06,0.00294960741100625,0.0029062613198256315,0.003222240910173646,0.0030914337288532323,0.002216558598391316,0.002102516779143526,0.0025539837806867194,0.0025618626328078875,0.0023235223351250056
2005-01-07,-0.0025210413162364276,-0.0027629766265189204,-0.002223505727600439,-0.0024414634706559912,-0.0021234854167176964,-0.0019194024747684058,-0.002054792286950935,-0.001884977842019575,-0.002020457082309024
2005-01-10,-0.001989598204410914,-0.001956126487348775,-0.0017188386153881297,-0.00172581148728157,-0.0023080098730022813,-0.002298649395565344,-0.0022081946642088512,-0.0023848158949556497,-0.0010548182708997045
2005-01-11,0.001924849112313165,0.0018794457965629618,0.0017928320577074164,0.001796622537064696,0.0020610373973524165,0.002122654994498596,0.0021057867942262387,0.0021684781056279245,0.002044624324231359
2005-01-12,-0.0008672026238625286,-0.0008940370861255653,-0.001127742555970812,-0.0011289261877323042,-0.0010971417536982386,-0.0010039430852573084,-0.0009645710343134661,-0.0008284405962640795,-0.0031058329032327414
2005-01-13,0.009856230119424492,0.00983957878074282,0.009986656375903458,0.01000710570903074,0.012796191742825869,0.012927048464670854,0.013085601384198453,0.01303206235468335,0.011592657705816967
2005-01-14,-0.00031275695535659676,-0.00020308628785026261,-0.0002646680577798044,-0.0002686990390374788,0.00016411625733492308,0.00015154434696396102,0.00011205945608883106,0.00015519096626137596,-0.0022007682798388384
2005-01-17,-0.0022880260549721365,-0.0022849348936305747,-0.0025795948151042802,-0.002585447205543323,-0.001575476020361899,-0.0015672114523221925,-0.0017612383090652717,-0.0017476899745592078,-0.0021121411979900806
2005-01-18,-0.0013157108617679603,-0.0015452568853763227,-0.0014929816422578623,-0.0014977644247053945,-0.0005656225563871464,-0.0008205902059458259,-0.00031283468494291977,-0.0005278673879064444,-0.002274377105637604
2005-01-19,0.0016393044483973274,0.0016752812002214235,0.0016776183803492994,0.0017010001921218265,0.0017478763119544993,0.0017661173648269024,0.0029058696301604847,0.002909674028314546,0.0031983611251684696
2005-01-20,0.0017123708959303485,0.0017276897473272879,0.0019099296277569344,0.0019116134925163397,0.00023360137626804445,0.0003485087399544007,0.00013490761432333187,0.0002473362739812135,0.0048885281189545715
2005-01-21,-0.0027827638358020046,-0.002701127843584228,-0.002855667464485512,-0.0028648429202839942,-0.003016021131723612,-0.0030336385924631948,-0.0029243344198581767,-0.002934349008443138,-0.0040526467527148835
2005-01-24,0.0013027092150974529,0.0012882265027553963,0.0012693476899252598,0.0012750869327675662,0.0009375108721312309,0.0009205359574266936,0.0011299410074476768,0.001111126858747813,0.001250472229920252
2005-01-25,-0.0011833350300015644,-0.0011142539932361695,-0.001094692588247681,-0.0010224918926394766,-0.0014828530052640732,-0.0014198588266683965,-0.0014820455798006948,-0.0014164719299086803,-0.00097522669094674
2005-01-26,0.002031905788096422,0.0020737608834053844,0.002080902494539183,0.0021541819825645625,0.001447625569101163,0.0015233659897235796,0.0014190944927725546,0.0014522727806252078,0.0018117178185854677
2005-01-27,-4.9795598910384875e-05,-5.267298705136092e-05,-0.000330918243525713,-0.0003351309183666773,-0.0002284517299354638,-0.00015179335974579988,-0.0005868709625694857,-0.0005867080896927446,1.674189105727031e-05
2005-01-28,-0.0023085443056719557,-0.0022456092312070908,-0.002254291933883379,-0.0021085837494154713,-0.0010160514312396174,-0.001085878432162568,-0.0008336750164392726,-0.0009014294071237883,-0.0019821318131083565
2005-01-31,-0.0009294687957320802,-0.000957165928680781,-0.000963944328274402,-0.0010135374424694588,-0.0010639409019230772,-0.0008942133391088847,-0.0011320057618090518,-0.0011060693023301482,0.0019067601192201966
2005-02-01,0.0026564441036907027,0.002745490043075005,0.0025953860800915773,0.002681907130558603,0.003495165827605895,0.003583090526635413,0.003456417680948176,0.003531979182885392,0.0023816979157069706
2005-02-02,-0.0007266023484245876,-0.0007504950568782975,-0.0006892794780335443,-0.0007351736193125236,-0.0012245156262442602,-0.0012646290625677459,-0.001440292386248987,-0.0014609668229667028,-0.002132965358481065
2005-02-03,-0.0018502346311298767,-0.0018785868139891138,-0.0018630395039059833,-0.0018874088528785249,-0.002166275866160916,-0.0021946995355477394,-0.002016859087910605,-0.002039293585784807,-0.0023261159772426376
2005-02-04,-0.0026970858245024543,-0.0027734448437991555,-0.0028425807199363717,-0.002913661029142034,-0.003947811578023819,-0.003962155557140856,-0.003738791063203517,-0.003740482485774743,-0.005342878253216887
2005-02-07,0.0020429970684814336,0.002106725826512168,0.0020658585132358187,0.002123068722864163,0.0003910453516227097,0.00039398626785747126,0.00039392898642476304,0.0004517372969179423,0.004279146302702541
2005-02-08,-0.0017117292817103724,-0.001901306049257978,-0.0016523636994227875,-0.0017563969871750018,-0.001638662214461517,-0.001550641808550357,-0.0016961684675104172,-0.001789206548291733,-0.00373116704306653
2005-02-09,0.0025368686717224254,0.00257552981397291,0.0025036252696506445,0.002536215613401671,0.0026921134528214985,0.002592590311466969,0.0028394436887146934,0.002843622065118012,0.0028213601202973226
2005-02-10,0.0045965098544367144,0.0045776564781616624,0.004283106162896955,0.004252864144038915,0.005113566802742664,0.005242834064417279,0.004664456623536761,0.004633689168532573,0.0014597380568490692
2005-02-11,-0.0033139261185409774,-0.003328349624373006,-0.0032220670705322974,-0.0032284723614747213,-0.006288595064451119,-0.0063290722877021866,-0.005540547577789656,-0.00554136300383834,-0.003544057545095902
2005-02-14,-0.0014965359717016291,-0.0015209250850871658,-0.0015024136963290857,-0.0015236404243821333,-0.001772261833795974,-0.002045344835415186,-0.001872044756851543,-0.0019313802421501158,-0.0010925713561510397
2005-02-15,-0.0019497740840043187,-0.0019487763550943837,-0.0018942848304241977,-0.0018926801586608422,-0.0026999227870814213,-0.002705280728001469,-0.0017866393206724673,-0.0017840250142093783,-0.000189034270056454
2005-02-16,-0.0021506669709663306,-0.0020939282441735374,-0.0027380326620635165,-0.002717496979335765,-0.0027048844677766137,-0.0026931883269116774,-0.0017186454857773814,-0.0016961527348300365,-0.002580256564279071
2005-02-17,0.000907470740450389,0.0009588079024653862,0.0014786078724025042,0.001529382689487102,0.0016111546658854614,0.0016772824580610912,0.0022030434282256373,0.0022517254063001424,0.0004852777992778723
2005-02-18,-0.0009291830654469813,-0.0009333063025352972,-0.0006993075819720085,-0.0007008168070867793,-0.001154396002464253,-0.0011572860954643938,-0.0008594361590626987,-0.000860880101298811,-0.0024301792736056704
2005-02-21,0.0007393069101053751,0.0006635814423416875,0.0010199910655364075,0.0009427330658313693,9.171351146020079e-05,8.887377772159866e-05,2.4271438352929664e-05,9.715580909097632e-05,0.0013435661526908227
2005-02-22,0.0013522496076963098,0.0013441178576636403,0.0010730397183371654,0.0010587376486101974,0.0007513323480139444,0.0007726550786733011,0.0006961278424506556,0.0007136796214339824,-0.0007827165127856084
2005-02-23,-0.0007464641449069775,-0.0007021263823117074,-0.0001071716271390244,-5.2295133422197715e-05,0.0003314957367495097,0.0003876295188751655,0.0009346832770213975,0.0009353538948511098,0.004332182936588769
2005-02-24,0.002274017441383114,0.002099922253908426,0.0021852007955647235,0.0021471690210768113,0.002617690398253769,0.0026315481810095243,0.002225240205706802,0.002228504257126618,0.002324921531676738
2005-02-25,0.00234452618161729,0.002421310285674272,0.0029820378127110025,0.0030540347777499033,0.003935077399284781,0.003889209807631966,0.0037908851098744645,0.0037338656875001153,0.0047329772533264425
2005-02-28,-0.0013450689407726868,-0.0014092390195731275,-0.0005093030965424017,-0.0005736189399843106,-0.0009859219379920736,-0.0009309579839452686,-0.0007111109625815848,-0.0006566410507149456,-0.0007422849492996209
2005-03-01,0.0009483027683880874,0.0009542835492724056,0.0033217581900772952,0.003086763918688673,0.0035472923330786,0.0035137857783507087,0.003099802517688044,0.0030763177304435896,0.006696604346801305
2005-03-02,0.0008377638614680549,0.0008759044826280871,0.0002583195309593389,0.000253593894403048,-0.00024794258734250896,-0.0002499504331702207,-0.00018919304787823332,-0.00019607012860378692,0.00013222157279635383
2005-03-03,-0.0011416703050437516,-0.001058596915614718,-0.0008859199685260499,-0.0008223303624284029,-0.0009663314764850606,-0.0010067634518143853,-0.0006540319714346543,-0.0005920314831191487,1.0186927411837132e-05
2005-03-04,0.000678500636902557,0.0007549011418928053,0.0007506711975899805,0.0007211649262581776,0.0006833605395295539,0.0009363707987963821,0.0007015103386285304,0.0005079015770383943,-0.0012960455803737725
2005-03-07,0.0005196004015597389,0.00048160530232554954,0.0005240886403417022,0.0004813667927616727,0.001711971534123835,0.0017107641972309295,0.0012678953488187705,0.0013115006385382433,0.00027752548490211915
2005-03-08,-0.0003729324182535354,-0.00041429315995611393,-0.0007508176259353183,-0.0007899809246985079,0.0013307396423603013,0.0013877318495238988,0.0006494199226527719,0.0006845907023480535,-0.0018545217781753554
2005-03-09,0.0035499331019601676,0.003522524006639216,0.0036473707662079136,0.0035768393871844495,0.0033410304784666778,0.003352397644978522,0.00333233989578563,0.00334915264084068,0.0026136290172042997
2005-03-10,0.0007755740219388407,0.0007715385868805047,0.0004857612736393069,0.0005720248354876833,0.0007622674890841452,0.0007995883891280808,0.0008256964450770177,0.0009191268311687928,-0.0037905260519340844
2005-03-11,-0.002310545196425373,-0.0025146801012828623,-0.0023595503283678765,-0.002503043398426219,-0.0008849968226138927,-0.001060682362198806,-0.0008031855555683531,-0.000977306466560357,-0.00018485802143275443
2005-03-14,-0.0021761156694777295,-0.0021587694579229266,-0.002118051191468684,-0.0021697686637365265,-0.002387175414746534,-0.002396709223040361,-0.002360468209073985,-0.0022442667547455386,0.00024681370488632837
2005-03-15,0.004903127671453955,0.004893917294435113,0.00392266473726921,0.003969871186386031,0.006204695086555967,0.00617386930714825,0.005211735551038821,0.005229971017213453,0.001972433686423747
2005-03-16,0.0005382866735732517,0.0004159137227406351,0.0005899385785146372,0.00043309968068916405,0.0003876315252164808,0.00024506295420967383,0.00038438967620324505,0.0002683707690100956,-0.0011937745053165472
2005-03-17,0.001530243610146309,0.0013350575933033237,0.0011926623320674956,0.0011258512298504275,0.0006326495362933837,0.0004696844051461646,0.0003109396153622157,0.0003236817890361898,0.0020470458491974597
2005-03-18,0.001823857921461336,0.0018719745319999426,0.0018467124011940506,0.0019032527307101255,0.002834254452925178,0.002859054709354103,0.0027561315300097533,0.0027712400139270343,0.0014447520951028636
2005-03-21,0.002065790495471287,0.0020497263419625433,0.001976080159068916,0.0018195717845612691,0.002145840256977838,0.0020646101609314016,0.001996599790071718,0.0019108584618712232,0.0014763873335705835
2005-03-22,0.00043121029657178234,0.00039266501623824723,0.00029124807158864563,0.0002679579974154134,-0.0011720096133777114,-0.0010855752435505739,-0.0012716274921571458,-0.0012731400652148395,0.002530222551172967
2005-03-23,-0.001859348676907513,-0.0018453569000753678,-0.0018681325326499465,-0.0019099733547690567,-0.0010773537757868823,-0.0013356422804516876,-0.0012282087991863921,-0.0011685914718778667,0.004642440169321249
2005-03-24,0.0006918937380440138,0.0006104741052550544,0.000719465683813203,0.0008262922385937621,0.0007760632747511043,0.0008765118093454483,0.0008759873541261953,0.001015577078619767,0.00016628124484441287
2005-03-25,-0.0009471725584164759,-0.0010126815214784868,-0.000998581396241649,-0.0010313829595252066,-0.0007429513075384309,-0.0007755895484905517,-0.0007564278713260153,-0.0007889533130627235,-0.0004366318405290004
2005-03-28,-0.0038048290073620095,-0.0040126974395422454,-0.0034915498617620333,-0.003293951247927529,-0.003909881711480434,-0.00387129581073431,-0.0036560735660583488,-0.0036078923821494246,-0.009392403333763233
2005-03-29,-0.0006528424090767038,-0.000514396527232841,1.3323721946845168e-05,0.0001350823905528209,-0.001274216039253151,-0.001278155362268607,-0.0008364309477062459,-0.0008882855228931064,5.905275584972003e-06
2005-03-30,0.0008798348853105153,0.0008260146761340792,0.0008862524377748482,0.0007992726491736768,-0.00012802071191331255,-0.00018694296710419778,-0.0003212433922549218,-0.0004177472568412943,0.0011647268568437674
2005-03-31,-0.0018387560041560613,-0.0017940384347487903,-0.0018024269988617947,-0.0017538029996935212,-0.002576559124633948,-0.0025315000348394845,-0.002474055716945478,-0.002473696788175106,-0.004807894371033461
2005-04-01,-0.00201775978561769,-0.0019195639220256355,-0.001366027351399901,-0.0012609324499439634,-0.0020690755722621024,-0.001976960411998574,-0.0015928475959996469,-0.0014523550504298433,-0.0019209121540789686
2005-04-04,0.0005443782406657771,0.0004309066103194148,0.0005698434596232982,0.00045719341526706536,0.0003176246609915001,0.0003252254183929715,0.0006147261279418892,0.0006390455828062525,-0.002185714367472613
2005-04-05,-0.0002617299425299313,-0.0001321431130556494,-0.00037314017451839376,-0.0003468850353944841,-0.0009296557293709817,-0.000857764633152347,-0.0007649408306820149,-0.0006874865894759274,-0.001606973865846295
2005-04-06,-0.0020635440721501475,-0.0021590513517447674,-0.0016394232753945692,-0.0016928941298556266,-0.0024387095919728985,-0.002577174791632997,-0.0022514039567711475,-0.0024173918900662894,-0.0031069919916232314
2005-04-07,0.001812141920587429,0.0016558843735157147,0.0016075296219513202,0.0014902017355837849,0.001693976061245106,0.0017711641416853219,0.0016395077908779587,0.001553709887369692,0.0018234634368281544
2005-04-08,0.0014532281754293663,0.0011057931574545155,0.0010501516227292562,0.0009754897705624987,0.000809382905592182,0.0012025419300676354,0.0006466231393935651,0.000903640600338429,0.003132106742470109
2005-04-11,0.0006536030935799797,0.0007428022426743119,0.0008751708517209522,0.0009874959660873817,0.0013813839478187262,0.001331028848279514,0.0016016990119720464,0.0017031010230947885,-0.0038634146123877056
2005-04-12,-0.00123422881517532,-0.0012776490089067005,-0.001045149934139289,-0.0011224792649913162,-0.001127206027482508,-0.001211186551069554,-0.0012917105865685174,-0.0013860064652154724,-0.002723213272312175
2005-04-13,0.002381535669291779,0.0024246151254783133,0.001858430893115104,0.0017950894856153532,0.000621910551653615,0.0008126210251757637,0.00025734270089405875,0.00023348798782230062,-0.0008745476474167901
2005-04-14,0.0012662097110665016,0.001178264647131888,0.0012137040431532409,0.001143052960501434,0.00224064266015489,0.0022113728422339385,0.002085754760751346,0.002001479291516395,0.0030069063642346183
2005-04-15,0.0027578227403335376,0.002785761574313428,0.0024238069132962448,0.0024170581438203165,0.0028598070036300882,0.0029773986508385697,0.00291056990503491,0.0029583068842577998,0.003928073352381656
2005-04-18,0.002905519006978885,0.002903537180645399,0.0026562373934491124,0.002660934481496291,0.0031962752404783856,0.003111643306519918,0.0030679794837791263,0.0029280766084780474,0.0012851376494662503
2005-04-19,-0.0008803784962465588,-0.0008952936847609338,-0.00033689468305109216,-0.0004849571473193315,-0.0012939019425054488,-0.0013721908737249766,-0.0011264684642393608,-0.0012854274032491064,-0.001520200229474522
2005-04-20,0.001291210434317902,0.0011174395150967964,0.00126139023699956,0.0012216609480910634,0.000719668339608015,0.0006490639686029809,0.0005170630111983598,0.0004916594915711503,0.0011786143996728171
2005-04-21,-0.0011459075198528845,-0.001003148820253097,-0.000607285183941153,-0.000623338068528767,9.534739760685973e-05,0.00013403022291247346,0.00013113223111949068,7.17496258431094e-05,0.0024106502079219716
2005-04-22,0.002839720652196398,0.0019877032403583517,0.0020641428366510173,0.0019213597870870736,0.0036822619555900715,0.0035716366435811775,0.003282453781833894,0.003152624975941931,-0.0001772983407799522
2005-04-25,0.0005071401546663523,0.00032211645274249356,0.00039532474141945606,0.000469407259782173,0.0012359487630628774,0.001370752171873102,0.0009100790502627465,0.0009797168785825594,0.00015253226316369606
2005-04-26,-0.0003048722983791663,-0.0002849180226726089,-0.0003828598858006682,-0.0003123273279105332,-0.0012105378421044533,-0.0012729164994974562,-0.0010419147219272729,-0.0009733002992328155,0.00015894424240081584
2005-04-27,-0.00018861514369716836,-0.0005411166237411225,-0.0002486299069633935,-0.0005436708050690076,0.0005640871714061024,0.0005311668438847672,0.0005165304627172684,0.0002450238308415731,-0.0015073976511214005
2005-04-28,0.0038772142214047456,0.003509152415588135,0.0035711401807050347,0.0032683099860979503,0.0018723205850794677,0.0019365898392125214,0.0022759124124367425,0.002289757558751049,0.0006264298316904782
2005-04-29,0.0013208572772875904,0.0001096502863293658,-0.00017429812035529846,-3.521184332355709e-05,0.0027380065883284566,0.0028313781031883423,0.0023272916935892507,0.002416479163034335,0.003247577124503076
2005-05-02,-0.0015832828054176407,-0.0013114088480464803,-0.0017040296892422147,-0.001087108950015736,-0.0012714402575066952,-0.001490132805092137,-0.0009631278659913978,-0.0011568906753722796,-0.00276090081547653
2005-05-03,0.000995913460239084,0.0007810867533986077,0.0009689122105041026,0.0003212394495599735,0.0006593614251890756,0.000647389059150516,0.0005106709542090915,0.0005333765677073554,0.00022509527513259187
2005-05-04,0.0005889510848577917,0.00029625282312961687,0.0006660751887903604,0.00020480913558484914,-0.00021369798310322263,-0.00018793429341867895,-0.0001961132978306468,-0.00018738038854204664,0.002526660050492957
2005-05-05,0.0033722622235603517,0.002588935745139409,0.0033345056640845527,0.0027898140421629414,0.002811707619317927,0.0027100833309008365,0.0030751368649197808,0.0030042124756823885,0.005605219441274123
2005-05-06,-0.0040857956675774965,-0.0029695834420735423,-0.004003193525505266,-0.0029561860693440023,-0.0037283455831222945,-0.0034716626846345022,-0.003319288307715662,-0.003072876030138838,-0.006163408132703441
2005-05-09,0.00011050686103564189,0.00011636224171129861,0.00046495259783640996,0.00029035877589445036,-9.420967413431569e-05,5.4319684654524636e-05,-2.2825507864365768e-05,-9.049950839834509e-05,-0.0032646217674852096
2005-05-10,0.0034238163911788355,0.003409942816580136,0.003222763227597625,0.003201647298757049,0.0031791835204786345,0.003245275639919276,0.003025734749379616,0.0029964870251715237,0.00266666445495245
2005-05-11,0.0008569405869944813,0.0009079594815943892,0.0008617050183403752,0.0009091486952281791,0.0005142016320429654,0.000610214960165889,0.0005342019397047704,0.0005551035391448966,0.0013436890194189477
2005-05-12,-0.00028933458841784443,-0.000286965581454357,-0.0003509227412206162,-0.00034827344842280894,0.0004385960141091161,0.000524788758670347,0.0007478209455753504,0.0008174690621913783,-0.0010315727163359156
2005-05-13,-0.00062906821046671,-0.0004306039524154537,-0.0004273310553328802,-0.00040454557949054504,0.00012036091452105602,0.000307746657168817,0.0003113322988574918,0.00024340022161117858,-0.003398972709231063
2005-05-16,-0.00011985644723166988,-0.00023249900759925168,4.9433737866921845e-05,-3.61217456287255e-05,0.0012826814745137138,0.001203198127127214,0.0011556411272271028,0.0010912673205913936,-0.0013376337693863372
2005-05-17,-0.008441326658363058,-0.008714464009699219,-0.00727207283018616,-0.0074221856662841645,-0.007671125456186423,-0.007763194703862553,-0.0066802414313952285,-0.0067875217825410505,-0.007447039012460466
2005-05-18,0.004543650158107093,0.004437310148690976,0.0037783672778528565,0.0037680209731223435,0.005102606562578549,0.005046932931566994,0.00475841150027434,0.004722702241871435,0.0030424658538017457
2005-05-19,-0.0014035401071567088,-0.001251337491973925,-0.0006855058538224323,-0.0006985772974739124,-0.00047104771323580596,-0.00042215391225353116,-3.388056814079832e-05,6.663710257881483e-05,0.001907370847002765
2005-05-20,0.0009156164645067744,0.0010726307262762802,0.0007679371024447157,0.0007691257808384311,0.0010705099072603197,0.0010048265282918134,0.00099146473314482,0.0010584394293904342,0.002663533625002934
2005-05-23,-0.0019973518716869254,-0.002182688003016575,-0.001590491893129542,-0.0017375489178652614,-0.001473700585907678,-0.0014516133223798633,-0.0004972881491925873,-0.0006071765516318939,-0.00017233941526362262
2005-05-24,0.0030861568486555413,0.0028309987496526468,0.002581577565897053,0.0025034478892151935,0.00326422086334599,0.003104133325613656,0.0026866201419122326,0.002420621425019087,0.0007701134637805307
2005-05-25,0.0022395545115954096,0.0023044805521057476,0.0020238657154538764,0.002271006704403611,0.0003314239830878307,0.00014611378951623344,0.00040893385264739734,0.00043134991146498436,0.0014146550749258857
2005-05-26,0.0006717254993491295,0.0007369463127306908,0.0008577988160489713,0.0008412025186601557,0.0005111931683232651,0.00038018404233786107,0.0004080089649831642,0.0005214428371811408,0.0026367102105258056
2005-05-27,-0.0024884139229618407,-0.002234692998153709,-0.002087027116448037,-0.0019866164441164624,-0.001905244833680042,-0.0017442966161609341,-0.0015919011054652543,-0.001383460172926454,-0.0030054529957883602
2005-05-30,-0.00450600976129234,-0.004361711279000313,-0.004481089421524254,-0.004400524267310857,-0.0043333257823717775,-0.0041595191361792905,-0.0041217212322167684,-0.0040044480531737925,-0.005122666548679211
2005-05-31,-0.0047311470052935345,-0.00450758414892849,-0.004522267702503191,-0.004536559195070122,-0.005351719537262989,-0.005274090149887667,-0.004958693286174154,-0.004991629185992386,-0.003225950246020459
2005-06-01,-0.0023964276984071997,-0.002367188784701102,-0.0020908807335627833,-0.002108144860406558,-0.0012084910391632064,-0.0011830168659833218,-0.0010090216769195193,-0.0009368401651294045,-0.001334087628529379
2005-06-02,-0.0019040891024545425,-0.0016301473296530533,-0.0015476029973698902,-0.0014374091469564476,-0.0012659411967697043,-0.001078614450652715,-0.0010756452470709332,-0.0008321962303315944,-0.002693870537965548
2005-06-03,0.0014060789236314264,0.001349410261329398,0.0011905621334316052,0.0011044500786059341,0.0019072057113904695,0.0017789673726156252,0.0017767393940018028,0.0017535199740923435,-0.0002673896803124798
2005-06-06,0.003459399478414671,0.0031144889998226954,0.0033921385875073096,0.0032746056489494357,0.0031947951366919636,0.003126927844746774,0.00323692103352613,0.0030987603082908155,0.0013301351495209612
2005-06-07,0.0014305663728013673,0.0013952092025353302,0.0014144618049392044,0.0012772544408998776,0.0019850862724548612,0.001981421535196759,0.0017995042498937242,0.0016948604575164339,0.0021198955333703307
2005-06-08,0.0021722662957310845,0.00199945304673399,0.0019816058252883906,0.0017945539405652688,0.0033983783983599913,0.0034121026431179757,0.0030896617232067936,0.0031386362134331325,0.002817836709704924
2005-06-09,-0.0008454772862137583,-0.0008994513692650585,-0.0011378013256748698,-0.001104488726110242,-0.0011642602181091144,-0.00099235019960342,-0.001158322434594461,-0.0009853951598047805,-0.00016300766924892685
2005-06-10,-9.656241227862239e-05,-0.00014763850632626419,-5.5511592689572176e-05,-7.03837276305741e-06,-2.9679691058048796e-05,-6.198498294374133e-05,1.6760435339602253e-05,-1.5688460251461755e-05,0.0019368135652235718
2005-06-13,0.0005164187857025215,0.000150690817388055,0.00016901594562757083,0.0001135347982517132,0.000991775588696786,0.0008767107904856797,0.0009641532885367177,0.0008499353611781668,0.0003337461608723391
2005-06-14,0.0035340376914476668,0.0034243351419898094,0.003475052465085504,0.003529796999640844,0.003123859212544655,0.003172326655439761,0.0032932355958392723,0.003291769492035135,0.0036065750927112283
2005-06-15,-0.0022528853440682006,-0.0022295821989331,-0.0018441359084960807,-0.0019150983114090137,-0.0015960697843755423,-0.0015844606873797185,-0.0014384726700447104,-0.0014529302091366159,-0.0015299753288603446
2005-06-16,0.002573916847153912,0.002613149489502753,0.002596973439556338,0.002606978985366437,0.0015292846537466875,0.0015487383769199337,0.0015295919807307712,0.001528098062406169,0.0010942552930757188
2005-06-17,-0.0035065499910813536,-0.003251319738083347,-0.003473236296919313,-0.003321660120701231,-0.0044385592863257495,-0.004296946227856813,-0.004283919057943675,-0.004155623547473786,-0.0040872012486788956
2005-06-20,0.002135986013533042,0.0018917362939805393,0.0019558561817913933,0.001713210876488791,0.0024016260774120113,0.0022333302620647366,0.0023162790953425993,0.002163912116370792,0.0023168273617106827
2005-06-21,-0.0005097929128567991,-0.0005839816138168974,-0.0006250865769373837,-0.0005937785145112562,-0.00041362300966318877,-0.0003451236034559546,-0.0003064008252866568,-9.82411954358886e-05,0.0008707529800593417
2005-06-22,2.7604981342577162e-05,6.11401337453632e-05,-5.94365871251501e-05,-2.9241318131312255e-05,-0.0003121541037494069,-0.0003023282425675955,-0.000281105539126858,-0.0002821339017837765,0.0019397749951142185
2005-06-23,-0.003916178689845506,-0.003867038017640212,-0.003762136809873473,-0.0037393971270163195,-0.0030188593041502454,-0.00307557901034472,-0.0028425707396187994,-0.0029252185609298653,-0.0036922670932824087
2005-06-24,0.0019832716920531457,0.001843886604963707,0.0018766941284908967,0.001771006210588899,0.002306361934656387,0.00231153949184959,0.002017423616863967,0.002023108659238604,0.0017583365112152638
2005-06-27,-0.0012446805676983308,-0.0012127577815432833,-0.0015638009380812834,-0.001634580908972283,0.0013001691012997085,0.0012208621654972163,0.0003166947704611456,0.0003329416248449846,-0.003698638700499468
2005-06-28,0.006985515996668967,0.006611302216294135,0.006537707940197812,0.006331317221954347,0.0052789969599216224,0.005373380365502944,0.005021222644775225,0.005070115523734264,0.005708675957645681
2005-06-29,0.0016094846438614585,0.0015779694328370564,0.0018766976855300044,0.001830538021880601,0.0015697776764473925,0.0015322464764271349,0.001469461936888461,0.0014886152078454895,-0.00039160885545186375
2005-06-30,0.0016222500937592699,0.0016368140719003055,0.0014395257988204513,0.0014683906526362644,0.0014906116656123736,0.0014703531938569103,0.0014295596206506112,0.0014353556404018697,0.001248849159792842
2005-07-01,-0.0018444808098340149,-0.0018006674326749295,-0.0017574785786774738,-0.001686303777196474,-0.0015267170474969616,-0.0015471687746256846,-0.0016884139771627948,-0.0017629272019288322,-0.005101120729895214
2005-07-04,-0.002036704140224388,-0.00206199407540697,-0.0017847814397083939,-0.001732973171533203,-0.0011069237562738587,-0.0012459496536295633,-0.0009478408513982073,-0.0010268237096016097,-0.0021548083456072176
2005-07-05,0.002251298371213961,0.0022456601433047396,0.0021907923877626523,0.0021871283432155497,0.0015030411159080437,0.0014161895375399691,0.0012319879635165343,0.0012632364276261576,5.085504742652347e-06
2005-07-06,-0.002060154310717266,-0.0018873859377604996,-0.0021017505157047145,-0.0012997100663553196,-0.0015878478814225216,-0.0014377070891927746,-0.0006917737281796343,-0.000617996330877002,-0.0023740610676181717
2005-07-07,0.003461238524337551,0.003485835152000849,0.0035419225007800037,0.003577087260882017,0.002832669512722541,0.002678792836297683,0.002329032666245734,0.002321908436659026,0.0057535719632093585
2005-07-08,0.002489927732894026,0.002540791792003505,0.002340579705222723,0.0023446803208158062,0.001885386798934574,0.0018726393473882386,0.0018103831756197675,0.00181423024842009,0.001967967959451089
2005-07-11,0.002001468410875118,0.002107390173727408,0.0020503461588425864,0.0021668466690480948,0.0019222533311751278,0.0018579056638758917,0.0017301107827192297,0.0016391017977526179,0.002372210053693591
2005-07-12,0.0027311677068782014,0.002859865814385909,0.00246477302490411,0.0024996255778506615,0.0004440743034053174,0.0004981403836938902,0.0004638660480207335,0.0004988961085841126,0.0021537178847204075
2005-07-13,-0.0037804288753214843,-0.0037410757688118856,-0.0033226431138975165,-0.0033438344817151577,-0.003405155397143589,-0.0035300301083740493,-0.0035335160945921817,-0.003648975891184514,-0.0025964578701691554
2005-07-14,0.002323085096925581,0.0022565611757630055,0.002513515760387497,0.0024292154397997923,0.0031547620199865456,0.003072762226125736,0.0030014142395551335,0.0030453988873886395,0.003167885983621055
2005-07-15,0.0013702631624714634,0.0013844573149131012,0.0019865913446075467,0.002021215747255445,0.0017750666733360454,0.0017589028066775647,0.0018201431218272113,0.0017629229272415614,-0.00037549930061664405
2005-07-18,-0.0010075420436271854,-0.0009501634993174246,-0.000900699629368007,-0.0007921237968389061,-0.0007668071680764221,-0.0006593365224297765,-0.0006740159626036357,-0.0006006493565503535,-0.0008002363540052793
2005-07-19,0.0012258418424440087,0.001367207094110201,0.0014665180493329544,0.001557120045581284,0.0004402324280390335,0.0005938800160589786,0.0003991503882554426,0.000597955704605635,0.000965103757749386
2005-07-20,5.970709645830574e-05,-0.00012800453526551347,-9.169966516964223e-05,-0.00011532180610074327,-0.0003934988100661174,-0.0004352335373610794,-0.0007157840824471018,-0.0007553340257272501,-7.165612363257967e-05
2005-07-21,5.6089587429752896e-05,4.592937243730333e-05,-0.000209028856524629,-0.00024014297086516478,-0.00043328391397123855,-0.0004710321586620658,-0.0003443076991662686,-0.00037814713908557174,-0.0006497087141811297
2005-07-22,-0.008750849580750009,-0.008540563879941732,-0.008665388204390001,-0.008587638979182577,-0.005915708356776128,-0.005815848552401248,-0.0058761776923593745,-0.005703472926304465,-0.008422126477929281
2005-07-25,-0.001084446054785082,-0.0011026767010552385,-0.0013791386948576179,-0.0013351315480458759,0.0006821559538656707,0.0011009377771356021,0.0006193220295289681,0.0005783422676983729,0.0030053668917746634
2005-07-26,-0.0007717091319684455,-0.0007766198284313575,-0.0007710550162314256,-0.000822250472313546,0.0008885304170400676,0.0010412026462507384,0.0011395448006639164,0.001098058000406521,0.0005075020649130124
2005-07-27,0.0030873702645406453,0.003011824414618669,0.0031024986758068085,0.003152762134734255,0.002932492495535177,0.0028617370218870786,0.002520509283129302,0.002413000304289481,0.002962129591820961
2005-07-28,0.0026316462492643744,0.0025948141228595567,0.002780839484292752,0.002767244476709285,0.0021843881244592023,0.002332185625511407,0.0022226058541521265,0.002185216553871827,0.0011777288746306347
2005-07-29,0.0008009315117567528,0.000759622762597667,0.0008826332000391179,0.0009611035507117727,0.0009610309390313265,0.0009689918079958115,0.0014850529903223109,0.0014380071410033946,0.003526314552822818
2005-08-01,0.0030855566882397323,0.003075877258415627,0.0030788403433774647,0.0030802209910998357,0.001311409036811595,0.0015610812902107085,0.0013861036488773681,0.001381293555256402,0.0014362088515336158
2005-08-02,-0.002475110748304532,-0.0024830673811424564,-0.002766643949865033,-0.002844240416220223,-0.0018390016195354297,-0.0017121740923407014,-0.001909692753342851,-0.001980488637645661,-0.0032604694503005627
2005-08-03,0.004701973204311205,0.004739885815800315,0.0037630109897281994,0.003766516263728592,0.0042471424682881675,0.0043711444450036385,0.003984315469871769,0.004039935123075544,0.0043597813544282715
2005-08-04,0.0003067876942126624,0.0003646376099351034,0.0003117159722025864,0.0003628844096859041,0.0009479021945688615,0.0009789478397337348,0.0008797273757963353,0.0009038091778201807,0.000803360915261564
2005-08-05,-0.003996733988318124,-0.003973008262383115,-0.004029605862454044,-0.00422558743812651,-0.0025262879366034774,-0.002483887631616777,-0.0022937651973250484,-0.002279615635181753,-0.004119179014242524
2005-08-08,-0.0018984224108852255,-0.0019004927860383214,-0.0015434265008812398,-0.0013979820484858463,-0.002606272792342823,-0.00244384994877056,-0.0020369620548963407,-0.0019125067430372233,-0.0019597848247209226
2005-08-09,-0.00043504597720678273,-0.0005765732233904419,-0.0009390807735726314,-0.0010033838067033951,-0.0009194456465871914,-0.0009053819956850173,-0.0008124504693233225,-0.0007947338563142337,5.659011911318679e-05
2005-08-10,-0.000475580181688251,-0.00041208805614667554,-0.0004627581659532032,-0.00037401769193112777,-0.0009309681227986921,-0.0009910879711244602,-0.0009244106576284938,-0.0007912149940592084,-0.0008767797643985942
2005-08-11,0.0006800395412815963,0.0005290234049115661,0.0007167800034366678,0.0006308381592592394,2.4175547472582437e-05,-0.00022520574439832686,-0.00030396292619305765,-0.0005149418981167386,-0.0009795657848020722
2005-08-12,-0.0005995905032114557,-0.0005461143024564352,-0.0005964732959529151,-0.0004795323204698221,-0.0011806990770126813,-0.001112070993761316,-0.001122917971780435,-0.0011443896477270066,-0.0007291541832340487
2005-08-15,0.004003186355104438,0.003980701278285315,0.0041829760207836575,0.004168173701107003,0.002958991269335076,0.0030794527363482427,0.0026309987683474922,0.0027441133293228948,0.00365393975662176
2005-08-16,0.0012352691153243445,0.0012030997496879081,0.0013229421782352535,0.0012461009942488221,-0.00019536282328080912,-0.00013427371928287357,0.002279137301304912,0.002389179334522984,0.0019894520389860393
2005-08-17,0.0009069630818077101,0.0007243651856589928,0.0008318510754288244,0.0007907266237454635,-0.0002196761869728281,-0.0002233615933939781,-0.0002743786989334307,-0.00023649940257230995,0.0010153016761298428
2005-08-18,-0.0029637436440775877,-0.0022736664758251646,-0.002401643317007651,-0.0023538588470608524,-0.0024110306803076798,-0.002553145233488041,-0.0021505232287636344,-0.00203423346818854,0.00028755699855498307
2005-08-19,0.00021492024206737348,0.0002836221881297174,0.0004884195002219371,0.0003701675506107005,-6.134455860806742e-05,-0.00016644917350461252,-0.00044447301535810446,-0.00048779669291254546,0.0007835070486912343
2005-08-22,0.003008957965879855,0.002937203377407993,0.0039012612469420116,0.0037761939890796903,0.003348597847351753,0.003166673891976668,0.0029973528782465397,0.0028908228497359634,0.002581142065115838
2005-08-23,0.0020880964018119563,0.0023389929016330857,0.0022295113670860456,0.002202953743074776,0.002331076491242756,0.0027591797840504917,0.002806892162529717,0.0030482271767326985,0.0015426090965706685
2005-08-24,-0.001522482024017613,-0.001519781284427535,-0.0016873870341275188,-0.0016837903491063733,-0.0035565416267665517,-0.003625237435811557,-0.0027242111859255846,-0.0027584748639136736,-0.004145456526562286
2005-08-25,0.0013870089353249515,0.0014150005174988767,0.00039014583995444774,0.00035209134390834507,0.0003482203943241391,0.0006410959836424812,0.0001392207460524375,0.00021578182189374573,0.0012734950754593743
2005-08-26,-0.003981511588928011,-0.003974171504543489,-0.0036707507397536476,-0.003718639407184643,-0.002927378252039481,-0.002951821090137363,-0.0029498965754870543,-0.002957961108143503,-0.0024168074270032314
2005-08-29,0.0021562917379935875,0.0021501937178787234,0.0021094758095181465,0.002053623254514747,0.0020300126473769,0.0021259184024107203,0.002251215593795264,0.002345626940182921,0.0021520279908278095
2005-08-30,0.0024534028800216046,0.0023847779093344457,0.0005512045809143995,0.0003715305401401636,0.0011450283929841376,0.0012687884511670688,0.0009038995152315099,0.0008532079684164806,0.0017256090505191057
2005-08-31,-0.0014096827726830519,-0.0015344248576462105,-0.002045744098539859,-0.002086225695818511,-0.0017130413456963867,-0.0018801831947069525,-0.0017808623258510625,-0.0018837806531408763,-0.0014588731670512889
2005-09-01,-0.0022608927795246814,-0.0018474642560819543,-0.0019457784568783776,-0.0016247830561637588,-0.0012082660146027768,-0.0011232056995266193,-0.001110961487453599,-0.0009113035932326596,0.0006211240262361528
2005-09-02,0.0015513254300143497,0.0015149292306890771,0.0010423846372731305,0.0012321468627207732,0.001111247173106067,0.0010277896329280445,0.0010859815828423436,0.001101843613164899,0.002646815188353191
2005-09-05,-0.0020529005398998157,-0.0017809517680120734,-0.00199450859741801,-0.0015973405890955528,-0.0013674356683889277,-0.0016194602964392235,-0.0017579141276603538,-0.0019951092219770983,-0.0014636988014375962
2005-09-06,-0.0016271757520951446,-0.0014055480174552937,-0.001565365437893984,-0.0014146144715410092,-0.002477059769150136,-0.0025109403211269754,-0.0023306167499768105,-0.0023940074158494973,-0.0013611193202971439
2005-09-07,0.001330050475981226,0.001319114722100112,0.0014471445784969283,0.0015138428375256474,0.00017401976944153574,0.0008427553980476787,9.58538849815671e-05,0.0007507640608670485,0.0019000483533553325
2005-09-08,0.001128647460919563,0.0011354085851791318,0.0010171980776338962,0.0008223861642100427,0.0014192331060609575,0.0014375284789147624,0.001164867751929144,0.001200787458453867,-0.0023741691482065397
2005-09-09,-0.0028394010679576587,-0.0027823820821816225,-0.0028119486143853845,-0.0028555569365856792,-0.0013745578312106543,-0.0013548235272905496,-0.0016299405179140969,-0.0015608509420557137,-0.0020412128476313685
2005-09-12,0.00018142808716192782,-9.961325074303584e-05,-0.00030853233142891234,-0.00042097156221321264,0.0007726415625881611,0.0006551820010314291,0.00024884822009374474,0.00013041911377897897,-0.0004056021744091032
2005-09-13,-0.0018352223676069146,-0.0020267458948544093,-0.002021683005560493,-0.0020859844444763853,0.00025846843904209216,0.00031213613500091775,0.00023864214254643024,0.0002046496850036661,-0.0015695270905127234
2005-09-14,0.00181715109702707,0.0017445927516632764,0.0015847820345844532,0.0015102918988898484,0.0035907451390426726,0.003653733912752699,0.0032166219985505506,0.0032094885090832026,0.003156780929949532
2005-09-15,-0.0004697690217686512,-0.0005308162061929966,-0.00036889123301520055,-0.00043806058910778045,-8.885745649478416e-05,-7.530598014005019e-05,-0.00027010255525716786,-0.0002550249152911688,-0.0008503361362367512
2005-09-16,0.0022632711971755093,0.002168848336457252,0.0023417370832568007,0.002327431935611912,0.000976623743047078,0.0009147884635187786,0.0012988193536260795,0.0011775768677018128,0.002452153762616094
2005-09-19,0.0007271319210941929,0.0007290834618909336,0.0008097210782367359,0.0008197955665110168,0.0005550147050099596,0.0005393828549140611,0.00035575579605051644,0.0003380510408503845,0.0012545897236235781
2005-09-20,-0.0018327633622636785,-0.0017308888408403833,-0.0016930527930515415,-0.0015979719209422427,-0.0017057205528797637,-0.0016423982601920795,-0.001673690582349563,-0.0015817595073642776,-0.0019837783297215195
2005-09-21,-0.0050186354857506554,-0.005013580659758987,-0.004890361249235697,-0.004760213814946623,-0.0034074926045992715,-0.0032852803583359735,-0.003122253919167761,-0.003027943410920053,-0.004650407082392394
2005-09-22,-0.0018667345982562589,-0.00171667002467768,-0.002026629217478537,-0.0018856695553589597,-0.0008632431567403565,-0.0008310523913468426,-0.0009432501358528356,-0.0009081521946823212,-0.0011456711667163777
2005-09-23,0.008519566589938243,0.008774838502727533,0.007966006926411362,0.007937987014102088,0.006571431159643204,0.006764739665607422,0.006218821776148742,0.006277941022566402,0.006459282798363164
2005-09-26,0.00365366456466365,0.0035641877729910565,0.0035093308305547133,0.0033156050825455807,0.0033355309948144285,0.0032353067950281478,0.003277786423538487,0.0032451010626395327,0.003667844720272484
2005-09-27,-0.003740356791087529,-0.0036522412539918836,-0.003494998034819674,-0.0033282334096139676,-0.002813213932810643,-0.0026973591312813294,-0.0026533264747662377,-0.0025928293320475193,-0.0011100424435257494
2005-09-28,0.005859397209321937,0.005639533557648013,0.0053471781490823656,0.005030090478865379,0.004251431254454596,0.004001468490470783,0.004064462834313609,0.003996558391919258,0.0035365813464973694
2005-09-29,-0.004634255240846041,-0.004631458168271485,-0.004663473431799403,-0.0046341564622829345,-0.0034351514859661814,-0.0034127786817008676,-0.0033863212717446523,-0.003368703679449969,-0.0016116557369131312
2005-09-30,0.0015618748412820072,0.0015127626302080532,0.0015711343734607919,0.0015000501472430816,0.0011713252327647528,0.0010514696305947702,0.0010985112515728979,0.0009113408825478508,0.003125595066257647
2005-10-03,0.0007372383096218016,0.0007708200093041739,0.0006102137826664578,0.0006464104225110123,0.0017298685603497344,0.001707428756741125,0.0019612711738619115,0.001969022894539041,0.0031587471898264496
2005-10-04,-0.0017472782105109053,-0.001663469907412396,-0.00172335873038032,-0.0016372842850993496,-0.0017424528920133575,-0.0015956059125751265,-0.001810075055079019,-0.001787600440698256,-0.001674375090302327
2005-10-05,-0.00046843541494590024,-0.00041729373462051633,-0.0004795330693306843,-0.0004026389272231423,-6.847817259014732e-05,-8.553692938295665e-05,-4.531286975528737e-06,-2.4139712163306903e-05,-0.0008237992752364587
2005-10-06,-0.003316597268112509,-0.00328854427941061,-0.0034222497256389817,-0.0033076814036621105,-0.002891774285275317,-0.00294094517657284,-0.0029552338277206713,-0.0030332353423776492,-0.0035531470980521007
2005-10-07,-0.0003137772839781894,-0.00021574149565195544,2.345651555679673e-05,0.00016362655997470554,-0.001112128165452475,-0.0009627091267360166,-0.0008247747766630953,-0.000790821861270441,-0.004340827854433349
2005-10-10,-0.0016783851253414639,-0.0016046745517153127,-0.001594539543568807,-0.0015272965337747024,-0.0024483285680350075,-0.00246767739344389,-0.002886218843650923,-0.002957378221740803,-0.002953682088842169
2005-10-11,0.003000771421948434,0.0028829205661839996,0.002846581844792695,0.0028659662489902704,0.0025727861371953598,0.0023912911383698887,0.0018219661079512672,0.001627905105992422,0.0025552789864615733
2005-10-12,-0.004253847531758503,-0.0042130398109856415,-0.004322705622153644,-0.00423634954195129,-0.003320924927778468,-0.0031568180614320873,-0.0035519172115262565,-0.0034014806798423614,-0.0035568388008272445
2005-10-13,-0.0005182883001787486,-0.0004205491976676523,-0.0004470744217811573,-0.00035875058736789533,0.000310183965349653,0.00042620549262051277,0.0005604293972527596,0.0005975158705240347,0.0018371096656937258
2005-10-14,0.0007716789613507746,0.0006920587639251963,0.000558988309053543,0.0004986246590843457,0.0016355944124135657,0.001570492994597883,0.0013307141623646324,0.0012796846616407453,-0.0007226441971781572
2005-10-17,3.7952281792819065e-06,-0.00014109114973304138,-8.764114495929398e-05,-0.00011106946839722909,0.001169773324597223,0.0010966836808068425,0.0012956752668820126,0.0012023732389805364,0.0018216960323813591
2005-10-18,0.0006701003912172876,7.644510476434441e-05,7.11914479385456e-05,0.0001514483204672068,0.003034350121939644,0.0030478995576423973,0.0027478882743541266,0.0027634994853160677,0.0024073296043836123
2005-10-19,-0.0009575781082609147,-0.0010166053491728055,-0.0008848574751566529,-0.0009031118657830683,-0.0013773526586685625,-0.0013247907045449425,-0.0011827930348268234,-0.0010929850707658284,-0.0022571559907718086
2005-10-20,-0.007705403796919752,-0.007315066085815558,-0.007461902140521004,-0.007233532736359627,-0.0063049290603680586,-0.006103387623259904,-0.00638677103092844,-0.0063619627014153135,-0.005204529087414089
2005-10-21,0.003667329806530173,0.0035871502717712556,0.003675426939746318,0.0036419195173031937,0.0035885161923387976,0.003555270299381741,0.00245235303873903,0.002459689607815063,0.002386960041730557
2005-10-24,0.0017844715960004809,0.0019165417835771414,0.0018662514587095558,0.0019084782910148146,0.0022409365258795333,0.002367283272876941,0.0015696491281340652,0.001805952738423322,0.004335976949693343
2005-10-25,-0.0022968385985048245,-0.0023238950503822187,-0.0020996830195590954,-0.0021191251238577014,-0.0019711905366723848,-0.0021074290481312152,-0.0019684148570537907,-0.0021164546409705443,-0.00462529115215804
2005-10-26,-0.0017876379572111523,-0.0017970155981140712,-0.0020302527850943886,-0.0020669536358464136,-0.0012114286945328345,-0.001157308931665213,-0.00140793163904962,-0.001420977126880274,0.0004596777134759922
2005-10-27,0.004070586950430943,0.004008500169464524,0.004020758020774284,0.003967900592334983,0.00237525513997916,0.0021731632823986935,0.002428751346682523,0.0022229979392638377,0.004711288119830792
2005-10-28,-0.00018400994918998936,-7.062923971867807e-05,-0.00016605172803996204,1.4631666255260356e-05,0.0010027645177221878,0.001112024743193496,0.0006738385957316684,0.0007744618871199371,0.00020445112072198235
2005-10-31,0.004885218457474583,0.004813955778621759,0.00490229890337579,0.004803148410913227,0.003836492275101522,0.0038111825466413674,0.0036035285611215606,0.003567813772131556,0.0039834527160174105
2005-11-01,-0.002108903957591335,-0.002257273416491512,-0.002174784756378667,-0.002372398804450171,-0.0016206198383581505,-0.001544040726116025,-0.0014128502254706632,-0.0014105951708426323,-0.003486144114006162
2005-11-02,0.0017113149229575075,0.001487305506808534,0.0014340949203528464,0.0012363984744432344,0.0013817467511578752,0.0013974302775543457,0.0009879181752132649,0.0009760824773361598,0.0023130063043337312
2005-11-03,0.0038845601604253766,0.0038761551161061725,0.0035181957498569005,0.0035171790894727994,0.0034950194193192896,0.003494349931425944,0.0032363016415322132,0.0032870695697790886,0.005418706405537321
2005-11-04,0.0017538485896853029,0.003449908909120225,0.003834781005380261,0.003681756354989796,-0.001197308406816977,-0.001321607518407597,-0.0014322687935548473,-0.0011401098604496562,0.005531397845432329
2005-11-07,0.001269440210266426,0.0014249249539137754,0.001808394149371395,0.001756623701082427,0.000659104987758008,0.0009511373488879649,0.0008979042820012051,0.0010176252553353304,-0.0023934782769977625
2005-11-08,-0.0027692235466304504,-0.00266768267737838,-0.0023429516686498397,-0.002292196082482989,-0.0013519776392633132,-0.0013551271392726605,-0.0009995832984807107,-0.00097681132906291,0.0010582102646838898
2005-11-09,-9.826940045110089e-05,3.7228073471951006e-05,-3.048147514106425e-05,0.0001477018941387076,-0.0008340236899838649,-0.0006397720958301045,-0.0004899860590668048,-0.00029837651001429766,0.0008472346870407321
2005-11-10,-0.0006851481363384648,-0.0007235744044384873,-0.0007504274361906926,-0.000758324152059564,-0.0013250691588617691,-0.00137378465681115,-0.0011452219834077182,-0.0011044595905324028,0.0007835475513733314
2005-11-11,0.0014467269475606503,0.0013750323490999694,0.0008496785405938123,0.0007980706124437464,-4.3456281536458086e-05,-0.00019872173865442821,-0.0006871767191715117,-0.0008145184848793452,0.0017557355812327646
2005-11-14,0.002352765438632609,0.002400383600987599,0.002592145666060919,0.002653893386157513,0.0010921919768547284,0.0011040700056108577,0.001105185239192119,0.0011228089914525619,0.0030408600448053047
2005-11-15,-0.0020493977192329593,-0.0017665495797550834,-0.001563113473386335,-0.0013294755698192162,-0.0025552169415246073,-0.0024239474138895156,-0.0020205445071465045,-0.0018826082226646168,-0.000652924597907889
2005-11-16,-0.004429637902224948,-0.004276316455962492,-0.004140961571738377,-0.003992414662682187,-0.0041294488526714135,-0.004206424931278763,-0.0037088437362338134,-0.0036407906394095857,-0.00415748320008591
2005-11-17,-0.006947295272427989,-0.006692513119695431,-0.006294684248662752,-0.006060567655627791,-0.006500250907420235,-0.006495695983677385,-0.005040752565708684,-0.0050150800212853675,-0.006400801462072558
2005-11-18,-0.0006980483702729856,-0.0005999296225509543,-0.0004052862055010653,-0.0004263530182885278,-0.001917015966218072,-0.0018423668582049357,-0.0018181544851915143,-0.0017323889521316804,-0.0007819023706598927
2005-11-21,0.0018289736718768435,0.0016200873500105128,0.0019101453196175289,0.0017827652657942394,0.00047531565179514956,0.00022742335784098344,0.0005505260606544216,0.0003039945771785568,0.0018444478875057069
2005-11-22,0.001240922264342803,0.0012774221335731806,0.0018023187051416922,0.0018206736771997356,-0.000735803461322404,-0.0008038800769628596,0.0004189133373313503,0.0003241991723275106,0.0016982815215254021
2005-11-23,0.0015172147623487842,0.0015764155088471288,0.0015375563896340427,0.0016635391022761237,0.001619719887734794,0.00179143007575977,0.001630759563873596,0.0017973948120697525,0.001639913469642762
2005-11-24,0.004760365762796148,0.0047302921679797105,0.004063612755687007,0.003945611586935627,0.0038210499593931413,0.0038417264662646833,0.004129603019927153,0.00414771234356448,0.004357935699011328
2005-11-25,-0.005057338518313026,-0.004976336438298312,-0.003862178253272508,-0.003866517849389406,-0.0052280002557862915,-0.005239895343959522,-0.004724137885851687,-0.004799793579803979,-0.004799341122529666
2005-11-28,-0.0011351676968287538,-0.001055539758346824,-0.0012990546928787206,-0.0012650097878909028,-0.0010585195087619015,-0.0009754115705080668,-0.0008902628514784183,-0.0008204547297350206,-0.0016589932006605412
2005-11-29,0.003484325274793365,0.0035136547989729205,0.0034019170050054726,0.00352468507637016,0.0011408638012602168,0.0011034471903925702,0.0011938266010671494,0.0011547706525927293,0.00264186219036211
2005-11-30,0.0008551458617769292,0.0009081694988744005,0.0008383431935121699,0.0008165364313135193,0.001474035795242301,0.0014583462054647,0.0012986827707206494,0.0013001112946422477,0.00028719915668107276
2005-12-01,-0.006702593030778359,-0.006647647174307436,-0.006345738051066641,-0.0062504875074052,-0.004578386278609958,-0.004486173291451401,-0.0042900874868435634,-0.004111561562624044,-0.005649278928877122
2005-12-02,-0.0010612255080278965,-0.0010040516563658564,-0.0013756971720295663,-0.0013239975167292917,-0.0017405392627346528,-0.0017054058392905747,-0.0018121211885543387,-0.0017716956463692535,0.00016116682740663357
2005-12-05,0.0012877139527920356,0.0013290194074428996,0.0010714618611495919,0.0010128897724597241,0.0015540202297641414,0.0018712304941497226,0.0014421641699873256,0.0015121067764494178,0.00039775845175538116
2005-12-06,0.00036281375887647904,0.00046578234032024213,0.0005320378777344814,0.0007527805325941994,0.0023501424893830336,0.002053553088795068,0.0024244873467449413,0.002371698774555897,0.0031136149204806784
2005-12-07,0.0006759404232830057,0.0007354025794832353,0.0006527268280840381,0.0007270967746799695,-0.00013828341768140628,-0.0001362360061922807,-0.000872154107319445,-0.0008062215364645908,-0.0007451548163566191
2005-12-08,-0.0008244137125201778,-0.0006701667971850123,-0.0007879022914715206,-0.0008615790447127347,-0.0002820977634141464,-0.00019527528707352637,-7.270637565348625e-05,8.337400470792566e-05,-0.002240990826410938
2005-12-09,0.0002622097416091762,0.0005329348059006644,0.00027297528428049667,0.0004101604667183789,0.0014216949443994764,0.0015425805434430284,0.001608611810820726,0.0017251356711951438,-0.0008213582054282798
2005-12-12,-0.0033976149025257696,-0.0032273632716547374,-0.0030182536708712737,-0.0030128276956499223,-0.0032665339696588136,-0.0031361463266739165,-0.0032566596543419646,-0.0032728820494928312,-0.0005804182626157894
2005-12-13,-0.003413696949403411,-0.003483572736007523,-0.0037229561183661497,-0.0038739011161239567,-0.001939543205497607,-0.0019689294507612143,-0.0008617445381917666,-0.0008897332831827587,-0.0007943530860301529
2005-12-14,0.001205193085077605,0.0011677246632981753,0.0012341983563022296,0.0011299729355134236,0.0005344848966535309,0.0005577482021121849,0.0005530033199749873,0.0005735339762482639,0.0010631736856394625
2005-12-15,-0.0005653110450516419,-0.0005591348600123558,-0.0005887626885576758,-0.0005871221215628664,0.00033933947753328475,0.0003407055664683689,0.0007431226690379766,0.0007228238961356492,0.001050815084256973
2005-12-16,-0.00026883694498236466,-6.218521572565194e-05,-0.00036778942005544213,-9.757134662702338e-05,0.0008159498425737155,0.0010628800631709012,0.000491744371218239,0.0007067672467957475,-0.0007815977126147677
2005-12-19,-0.0008418508735592578,-0.0009053493935358148,-0.0008093363434445999,-0.0008029754316177806,-0.001594198151134929,-0.0016039137193879505,-0.0016650286471564524,-0.0016448576626770794,-0.0014899009243717343
2005-12-20,0.002117839445747949,0.002701524063824623,0.002715264108097415,0.002553796932108554,0.0019336172470501012,0.0018423195633343603,0.0024498267884902614,0.0022868463340495193,0.0005703855803045332
2005-12-21,-0.0035691023538142463,-0.003567148108625684,-0.0036006454476781302,-0.0035854356933573417,-0.0027255353545238004,-0.0026218342937207595,-0.0026538343733439884,-0.002765454865455319,-0.006281682293909352
2005-12-22,0.0007580881374842363,0.000809119086319976,0.0008470637179840423,0.0008803085138988642,0.0013179329086900893,0.0013629071837886197,0.001589364789495118,0.001571753594272307,0.0005262780928434463
2005-12-23,-0.0023491088110987324,-0.0022599805053769018,-0.002771286593446387,-0.0026658673838793057,-0.0012405985312660128,-0.0010294373829989878,-0.0012344048463343027,-0.0010198019843130623,0.000306475691153274
2005-12-26,0.0006946946061245907,0.0007425983779347778,0.0005873582542970102,0.0006412418759158545,0.0008331352079986587,0.0008284845664112694,0.0007955625365503316,0.0007923818111374992,0.0012581357686836103
2005-12-27,-0.0004092260020729377,-0.0004237746622463012,-0.0006435167441282141,-0.0006268374138239663,-0.00044744039247468503,-0.0004035386156213683,-0.0003571045570480713,-0.0003165443291960335,0.0018312507876063755
2005-12-28,0.005149599901546509,0.005228801202375344,0.004049462249583025,0.004063934022746851,0.0035642815826215646,0.003618610903937336,0.003087775330244069,0.0031328179325762484,0.005787941231961691
2005-12-29,0.0007778555518180852,0.0005331168499089767,0.000946365034395269,0.000992564329938439,-0.00035931756308471563,-0.00046875622458253385,-0.0011023422312259612,-0.0011753800698418582,0.0029573266547351373
2005-12-30,0.006824922104276432,0.007109971874134091,0.006621742026228672,0.00688939958136503,0.006490708019591063,0.006298356924387294,0.006294303157784009,0.006170359087913635,0.009098128721210186
2006-01-02,0.00017286551615613988,0.00017343696508831385,0.00017387634610854796,0.00017407741535735433,2.637214755618622e-05,2.6371909438660524e-05,2.628151603412121e-05,2.62662034176131e-05,0.00040478330011284314
2006-01-03,0.0016940461050691802,0.0016891829249221502,0.0016696915888947395,0.0016378392055811375,0.002279343111535548,0.002199675081223207,0.0020777394877371513,0.002053790717999382,0.0011624437743615879
2006-01-04,-3.484488021143761e-05,-8.786312366881877e-05,-0.0005729926649875594,-0.0005833757736396494,0.0005659881563515601,0.0005327348089674278,0.00016392802185305477,0.00017242881429768708,-0.0032633130019470435
2006-01-05,0.004102407882303316,0.003959710156267393,0.004115092243085039,0.003910605750372165,0.0038348355868609296,0.0038335052943629933,0.0037866343582066975,0.0038868888203822394,0.0025689312803582887
2006-01-06,0.002058497326748343,0.001971461117497464,0.0011844842591026694,0.0011440187303144445,0.0011871357736277233,0.0012127595612407838,0.0011228874401614242,0.0011281036557102553,0.0018148996364237835
2006-01-09,-0.0010381450351016897,-0.0007714476922173752,-0.00107753573163194,-0.0009373587942448358,-0.00112833181589167,-0.0010322634049992896,-0.001145160789125077,-0.0009452979554939178,-0.0031975836333011376
2006-01-10,0.000861577560186344,0.0008593020069733726,0.0005293781768418437,0.0005098370785248107,0.001992009524534266,0.0020516060145752135,0.0020256371828688557,0.0021127912274760963,0.0011898572754012182
2006-01-11,0.0027127448085702,0.0018681619381955006,0.0020405831895713433,0.0020535910465993013,0.0019495128288544716,0.001994364144986882,0.0017945447239353651,0.0018951290533488763,0.0003409892802985759
2006-01-12,-0.003053803852983261,-0.0030980891369398744,-0.0032980467106797917,-0.003326761345166185,-0.003627736982640961,-0.0036584063841619274,-0.0036718844784435767,-0.003726571561807668,-0.0032343269633297034
2006-01-13,0.001275546810495909,0.0012211395794023971,0.0012638722250890577,0.0011750085854738135,0.000592236661511869,0.0006881801678046973,0.0007491365659610949,0.0008172433880981878,0.0020002541793728845
2006-01-16,-0.007328325514872058,-0.007125269243257071,-0.006805873742035895,-0.006586729024226856,-0.003963245418664441,-0.004050160441269268,-0.0037104832172401014,-0.003869192621211548,-0.006544524148974551
2006-01-17,0.0023285505962962194,0.0021936962347206546,0.0021891828065117025,0.001989449818857514,0.0019297496099812683,0.0018399083100866243,0.0018887277439332273,0.0017405480239853777,-0.002194628916072916
2006-01-18,-0.0030227992537157355,-0.003012586074208734,-0.003020182095821111,-0.002780754988485512,-0.003439922597187728,-0.003387832210823727,-0.003062338229757433,-0.003063136469775962,-0.003736375112946
2006-01-19,0.0010317320334900515,0.0008444687037141296,0.0009998325105418093,0.0007137332761593118,7.514793902974048e-05,5.798532742051776e-05,0.00034562432903295637,0.0003272539433274435,-0.00027109737612851514
2006-01-20,0.003445879970597421,0.003620606355529965,0.0033337073575379073,0.003617389749149602,0.0028442537336952345,0.002990775788270339,0.0026803965087009995,0.00270245037609107,0.005407190614572732
2006-01-23,0.0009130924662315021,0.0010285182867715292,0.0008357644653211871,0.0011454380504867245,0.0008372169201364965,0.0009454138433515613,0.0007606630069982856,0.0009670300921769126,0.0006019093342546356
2006-01-24,-0.0021527661003942766,-0.0021043913914418066,-0.0020388095303131015,-0.0026626813501159363,-0.0007708719473736858,-0.0006002330247647514,-0.0007353625908091965,-0.0005473829885346282,-0.0011988592626945849
2006-01-25,0.0002646385496707371,1.5868506438865282e-05,0.0001846898663047103,3.2410548946870676e-06,0.00014124519957503523,-4.64343407704515e-05,2.808853829727731e-05,-0.0001266635117636028,-0.0008507428893859137
2006-01-26,-0.004931572521459704,-0.0050961371632940455,-0.005094384080483905,-0.005116440709923231,-0.002845273572875451,-0.0028349408518044683,-0.0029909099217352297,-0.003041388823558422,-0.005615585331480655
2006-01-27,-0.000468051916555301,-0.0003991191740282396,-0.0005638966119093647,-0.0004253639594297143,0.0008358393629324112,0.0008741010381083658,0.0007680434759320676,0.0008310812491527653,0.0034977895645895707
2006-01-30,-0.000366482353782116,-0.00022196406661678658,-0.0002668575059578959,-0.00011235309834811691,-3.0512882282729414e-05,-2.6350913472361626e-06,-2.4649476510818502e-05,-1.9357768853978108e-05,0.0023260182944866425
2006-01-31,0.00012764705447643188,0.0003069297817495098,2.217627556033719e-06,0.00020503652158287977,0.001951693383120956,0.0020012661920703056,0.0014280911841453303,0.0016060365564749546,0.001938148720403321
2006-02-01,-0.0006242474214893656,-0.0006241790703278571,-0.0009196560823557798,-0.0009642774034293033,-0.0004831180102905508,-0.0006281730859692969,-0.0009740193756149207,-0.0007992886047680781,0.000992176638918707
2006-02-02,0.0002387766832603333,0.0001352258495879166,-0.00040373647737190765,-0.00047252994272539706,-0.0017157438311539153,-0.0017321803237916322,-0.001791175220702823,-0.0016830162059314757,-0.006461917048955046
2006-02-03,-0.004534435639307888,-0.005037679649523952,-0.0047871202919211875,-0.005280235862275218,-0.004787071847892066,-0.004786485991187361,-0.004437504769169709,-0.004742222943827201,-0.008455836922428572
2006-02-06,0.0013495026384617859,0.0013019677389145556,0.0011308499071109868,0.0011985894927140084,0.0023316526401038207,0.0022718387292717246,0.002566704739666026,0.0025086708228174714,0.0016291458471500153
2006-02-07,-0.0004977169857407482,-0.00038884301792974085,-0.00040122198201819614,-0.00024172510927922275,-0.00029792426297570174,-0.0004052166362097376,-0.00018729782264759187,-0.000185940394274553,0.004170403625515018
2006-02-08,-0.0012127633086382872,-0.0011545756238864335,-0.002109400896861513,-0.0023484882497766257,-0.00018932152930328794,-0.00026568746553845557,-0.0002094942916071041,-0.00025860541405708926,-0.0005550355906239757
2006-02-09,-0.0004346339671907895,-0.00039769053228255746,-0.0006180912049708054,-0.00044277135367498666,0.0002205982887910629,0.00031969607389248367,-5.658367994743063e-05,3.0640010275639895e-05,-0.0007210552436012208
2006-02-10,-0.0018969832027211364,-0.001446503096282914,-0.00036987613809225106,-0.00032200327147091645,-0.0017664427458737864,-0.0012274700264012228,-0.00137624094261235,-0.001205504825897541,-6.24962067008461e-06
2006-02-13,-0.002787418290968069,-0.002821289692406248,-0.002365384729215214,-0.002251221202178577,-0.002281826443232826,-0.002372195035195479,-0.001944257372571312,-0.002020024938909404,-0.0024488300068257196
2006-02-14,0.0010477263379771173,0.001126565048449324,0.0006792328913283185,0.0007513175909172887,0.0018807982465194328,0.001984184862821481,0.0014271643514967014,0.0015182907845734395,-0.0010118562767261752
2006-02-15,-0.0009474800885271861,-0.0010373924844284677,-0.0003082742750560863,-0.0004280039207843478,-0.001997352907029515,-0.0019671012099687912,-0.001788802710204096,-0.0018472785381944412,-3.220130449399505e-05
2006-02-16,-0.0025052785675554468,-0.0025353264869329983,-0.001992717400887245,-0.0020305151529524945,-0.0014980141465796848,-0.0013919735236160857,-0.0014725676936091503,-0.0013631119874362163,-0.004989450747122537
2006-02-17,-0.0032348508008076537,-0.003003525314008715,-0.003296273476973144,-0.003117511281621632,-0.002034088625649799,-0.0018587382453028045,-0.0017321990518048835,-0.0016302975339584913,0.0024919572191628436
2006-02-20,-0.0007364080575593679,-0.0007624468215459146,4.3616487729547515e-05,-0.00041567428725497457,-0.0016112997779201832,-0.0013301889510634046,-0.0014578648380305648,-0.0012348616148549763,-7.034185217480449e-05
2006-02-21,-0.0017761658370866185,-0.0015949625886677588,-0.0017833759506441504,-0.001693884586823735,2.5622678644587893e-05,-0.00028509669382092984,4.74638231606761e-07,-0.0002147122485908204,0.0037293825984219264
2006-02-22,2.6171986805989533e-05,-1.6975522408979593e-05,0.00016616466082886028,0.00011723215603876014,2.9803225059854555e-05,1.0142158433756876e-05,-0.0005106681896149823,-0.0005271552923358236,0.00037510768994830634
2006-02-23,-0.00253356686095485,-0.0024775309933866563,-0.0025410714827286407,-0.002506001434378291,-0.0022697455063105387,-0.002389129739671314,-0.002285067509690264,-0.0023820628180474257,-0.0004895670196725099
2006-02-24,-0.0030670329475654956,-0.003130646825663219,-0.0030316362009589204,-0.003065451099223071,-0.003152213454814645,-0.0030000084829979734,-0.002890585375056931,-0.002876033867747263,-0.003743882998408332
2006-02-27,0.0024963879747161855,0.0025132604934205993,0.002525210198273342,0.002398312505702327,0.0019329628240070118,0.0018595301982784473,0.0019825993667252906,0.0018478876030758595,-0.0005231898259586698
2006-02-28,0.003851709489354871,0.0037516069546974506,0.0036482079971298376,0.0038669165024589613,0.0029549789909686375,0.0033439964963430935,0.0028383829932763227,0.003043074105045118,0.0018743289616647285
2006-03-01,0.002380802878641175,0.0023358491990952412,0.002266169664797202,0.0022190709725415925,0.0019313551414332775,0.0018626119064384383,0.0019130690710131848,0.0018061112029894577,0.0016516028451651898
2006-03-02,-0.0022217758899821805,-0.002200760429634796,-0.002567953874895168,-0.002583587086483208,-0.001300597808332138,-0.001292408974472914,-0.0012469026198166366,-0.0012290690081698807,-0.0005345067527315894
2006-03-03,0.004145731824973575,0.004213528805520506,0.004068935542250518,0.0037934933958951866,0.0024472789424034858,0.002543206504229678,0.0024368212785594867,0.0022677340803922696,0.0062149549668790716
2006-03-06,-0.003944498749055669,-0.0037457572711303566,-0.003994670679798529,-0.0037801733680704608,-0.0028565148471153545,-0.0027058028325736005,-0.002785590437661689,-0.00262718445586696,-0.0034862797118642153
2006-03-07,0.0029119784628206524,0.002986690438009809,0.0031568516637847654,0.0032287804654269614,0.0017589295170659103,0.0017951145574650607,0.0017629450061147356,0.0018187750759846022,0.0011053307539712343
2006-03-08,0.0011382870540719292,0.0010643528996776563,0.0013280993499611427,0.0012732861862474465,0.0011397795066512284,0.0010318887281337563,0.0010341299585492347,0.000928964938459842,0.0015305843577566591
2006-03-09,0.0016002794944014465,0.0017133585095348014,0.0020279403319505285,0.00189051656431527,0.0010809745658169057,0.0009480431802399991,0.0016138063492299182,0.001414019278355605,-0.001395325189317842
2006-03-10,0.0016945872860039124,0.0017628386306580701,0.0017050172072885506,0.0017594093412418577,0.0006583586163417809,0.0006644266593269776,0.0007597453391319231,0.0007600284878550578,0.0036164666196376594
2006-03-13,-0.0012066287561773859,-0.0010226702410303101,-0.0008247160805892051,-0.0008107429024619695,0.0002977599855684687,0.00027395495343385257,0.0005401385257435276,0.0004970571279396818,-0.003395220558270573
2006-03-14,-0.0014301282335664744,-0.001287651008063606,-0.0010109280466726878,-0.0008484508425253834,-0.0008949715395650815,-0.001016447916627361,-0.0007211694889462938,-0.0008101061932159759,0.0027495061213487215
2006-03-15,0.0007851616156198116,0.0005902990740971337,0.0006610439007843638,0.0005317405569074118,-0.0012195865980775267,-0.0011568649365579775,-0.0013156208958808868,-0.0012546176020855615,0.003390300191384865
2006-03-16,0.0004593336076774701,0.00046684505302407864,0.0006340181164379288,0.0005568743637607287,0.0008173219002651777,0.0007571495715092968,0.0007797320357585402,0.0007594603235618891,0.0032681816149451315
2006-03-17,0.0011483018832945113,0.0012514578553628475,0.0013330112526557247,0.0013277159716309495,0.0013243399201814388,0.001319148057719044,0.0013649509569058083,0.001357286004173286,0.002373237235470782
2006-03-20,0.0019002211536818248,0.0018568600116746214,0.0017447754671011673,0.001723342517681914,0.0009576554400214654,0.000997617702797049,0.0008680130921654428,0.0008382417150953891,0.00437344560806463
2006-03-21,0.0014730022085880368,0.0014206823731728324,0.0013026791292276574,0.0013058136729731107,3.064180965384189e-05,-0.00011939390022952523,-0.00014167267920339732,-2.8876901352892226e-05,0.002971556316505808
2006-03-22,-0.004552030468263135,-0.0044321674868021965,-0.004497047291330936,-0.004367525363508373,-0.003225432169975173,-0.003313446345917126,-0.003113075122540665,-0.00320759411750704,-0.005345920515398062
2006-03-23,0.0024665277159336974,0.0022625687340223077,0.0022221029351490174,0.0021434402461681934,0.0025227518433508234,0.0025609442826699524,0.0025753242342267946,0.0026049836108963387,0.006044973796889508
2006-03-24,-0.0032128854322146516,-0.0033943425441119723,-0.002764930434504098,-0.00294538059756122,-0.0020481273206378603,-0.0019876425956346644,-0.0011212452907082282,-0.0013500067691996076,-0.005596838363702172
2006-03-27,0.0017751243626642488,0.0016948920008430512,0.001838630604346747,0.0017522168526795667,0.0008888048723474373,0.0008962330725192924,0.0014698438738671715,0.001475812189409842,-0.0017494299619310594
2006-03-28,0.0033083493530472463,0.0032288551604335858,0.003377177325879943,0.003297112475315389,0.0024586909118238243,0.0023504548884718535,0.003143258238956559,0.00314804791547596,0.002944641809838666
2006-03-29,0.00017834552544360172,0.000283640622515291,0.00041202250923921824,0.0006060772840437156,0.0003047416857693275,0.0004357118290678752,0.0001962856258515,0.0002331599196097045,-0.0016705812182667978
2006-03-30,-0.0010390992354797346,-0.0008522458454615078,-0.0009505242706299155,-0.0008938545660459596,6.365955002718415e-05,0.00017108218049477486,0.000618676535438123,0.000681765526982181,-0.0023225804319005894
2006-03-31,-0.0010643385977858744,-0.0011056027848705963,-0.0007767652291219562,-0.000846454921214268,-0.0011773781810191508,-0.0013346192242601473,-0.001119006040727455,-0.0012411055106716917,-0.0006918699545943596
2006-04-03,0.00035940168788162197,0.0004721043325301988,0.0002555001182964478,0.0003333972723182921,0.0010624109316144104,0.0010489827031776588,0.0029088532711269988,0.003040365104121978,0.0020988556227194977
2006-04-04,-0.00023520415058475574,-7.547038189115174e-05,-0.00035406065575460666,-0.00018854905487353246,-0.0015699657796669486,-0.0014160597662490337,-0.0016568871885718206,-0.0015854522433199625,-0.0013463023629922688
2006-04-05,0.0024699188798760208,0.0024378374508453593,0.002547479987249135,0.002511522250072673,0.0011402583684094747,0.0009864440937961128,0.001298932603382097,0.0013071385373608635,-0.000608773011920527
2006-04-06,0.0035287805597954414,0.0035899717922098784,0.003161407647930048,0.0032863962135898372,0.0032984821910531092,0.003432869140631123,0.002987405275539645,0.0030515865094096206,0.004170838345434635
2006-04-07,-0.0017936218888447986,-0.0019013420350184607,-0.0017113931850044617,-0.001816550314557408,-0.0017704102524314091,-0.0017100406213854669,-0.0017791345780263645,-0.0015798079454222291,-0.0008964803962914214
2006-04-10,0.009222243962437426,0.009514606649621005,0.008113759249859243,0.008391086954755211,0.00754186513250632,0.007388437484751931,0.006232878753845483,0.006168401712277394,0.003660452192108199
2006-04-11,0.0011146240666077833,0.0009014623860221782,0.0011591594277686745,0.0009499447778631431,0.0006839272091636595,0.0005060205546563168,0.0006431551697294591,0.0004184954396384555,0.003497578669465984
2006-04-12,0.004519432804406254,0.004563616936012149,0.0049025135110754015,0.004897417441320329,0.0020997242924454262,0.002192132387693224,0.0023650156480559126,0.0024107119806155985,0.005299355530565819
2006-04-13,0.002616613095203002,0.0030267061569231313,0.0026732195035743533,0.003051561170344552,0.0017521520792249667,0.002014640636178733,0.0019905466492535773,0.002172966296984491,0.0052225157891614415
2006-04-14,-0.0007974934421274282,-0.0007787708527609016,-0.000791995136575796,-0.0007723905920671292,-0.0007262272676412662,-0.0007134095254015538,-0.0007089195974715468,-0.000695902455211006,-0.0006146059928497927
2006-04-17,-0.0010473078641006772,-0.0011233951229264738,-0.001120285690227929,-0.0011763050261773822,-0.0006968161535281236,-0.0007956325166513789,-0.0007076138949340116,-0.0008941405940426916,-0.0009636193204184407
2006-04-18,0.0005884229889290271,0.0005309818841081615,0.0004584818818080816,0.0003981121493050743,-0.000981807296403181,-0.0009090648325628115,-0.0008953956317793166,-0.0008054880474046566,-0.002176727648069421
2006-04-19,-0.0020036833215606453,-0.0017948668742027163,-0.0019925889246605877,-0.0019774543460487903,-0.0016284182287561455,-0.0014079331106141568,-0.001519764326782469,-0.0011750011318518716,0.000937465593574105
2006-04-20,0.0029403663179916606,0.0029611636090669524,0.0034584064872977827,0.003475468367738044,0.0024342110955508645,0.002480569688473544,0.002689693814873495,0.0027387217801040364,0.006427393291555505
2006-04-21,-0.0016789252233669893,-0.0016471960464311541,-0.0016949920735099822,-0.0016619854243931087,0.0002258375281189995,9.186346711875792e-05,0.00013772839238712642,3.748120814273115e-05,0.0009435034993336977
2006-04-24,-0.00014910462954131898,-3.326235103129349e-06,-3.3420256891902866e-06,0.00014900514010851573,0.00026642471870785833,0.00010215692899895323,0.00031138613471726195,0.0002107495644145807,0.0028699890739005696
2006-04-25,-0.00010596494550441093,-8.317563026349895e-05,2.7251863558008793e-05,-9.447485570612812e-05,0.00023789151006248233,0.00017625862592529629,0.0003300879817269564,0.00026611965658984715,0.002077447512577768
2006-04-26,0.003016264730676399,0.0030146287119923176,0.0031236630838147317,0.003251076123172325,0.0014922526562504146,0.001548459993903295,0.001832144731725771,0.0019085879051325971,0.001494346000956881
2006-04-27,-0.0004413308549569006,-0.0005250755636138082,-0.0004606757348382118,-0.0005536222261997015,-0.0012340797423419092,-0.0012382572364808553,-0.0009713716495058922,-0.0009804093143770398,-0.0010108557370080984
2006-04-28,0.0023309198634990924,0.0022581926062543722,0.002157308847274386,0.0020805117216855518,0.001232642679408924,0.0010592341223898405,0.0010055319608182067,0.0008355454452559918,0.0013944265841554504
2006-05-01,-0.0008606692959856055,-0.0007161500046524161,-0.0006266724842800553,-0.0004836696127081819,-0.0007503447223292659,-0.0006547206275094863,-0.0007457853234460465,-0.0006507568185279977,-0.0011851382310658076
2006-05-02,-0.0014060825295125756,-0.001473059013936684,-0.001823045818609148,-0.0017357864888348784,-0.0006628567771187477,-0.0007377007043031236,-0.0009548665316162497,-0.00102819195169368,-0.0022998555842835833
2006-05-03,-0.003721160603700424,-0.0036414026781780295,-0.0037328437055145214,-0.0036441963505970953,-0.0021235240319241733,-0.0020392422646886565,-0.001953151722511648,-0.0018689324245118044,-0.006124001070122453
2006-05-04,-0.0016187406841614571,-0.0016755931506373667,-0.001590933407139783,-0.001601286902578991,-0.0006823202812968887,-0.0007064211324923075,-0.0011947971546848457,-0.001217543500234175,-0.0006598490625998599
2006-05-05,-0.0018577937937150901,-0.0019157016869542076,-0.0017836471046533964,-0.0018780476303946747,-0.0010025593729217075,-0.000932756010299518,-0.0009796226168038435,-0.0009100343578104519,-0.004520625275093226
2006-05-08,-0.00016033118659364298,-0.00014156665222087028,-0.00011966053875966942,0.0001377781634426256,0.0012525452741227738,0.00144543822267873,0.0008122831704069355,0.0010006076585764578,-0.0033146375785225723
2006-05-09,-0.0017983730415740418,-0.0016585877626789092,-0.0016740912312747103,-0.0015071596110478591,-0.0021522079703578667,-0.0020758695269829097,-0.0019393945936002632,-0.001895363532575245,-0.00428838902451667
2006-05-10,-0.004256231922705966,-0.0041810284492869165,-0.0037629510759614737,-0.003641532523572688,-0.003870134429434957,-0.00385291916951791,-0.0036508699771391484,-0.00361396337867681,-0.005963949370158872
2006-05-11,-0.0037055470655614764,-0.00372331750312338,-0.0033171771242024306,-0.003327092000161458,-0.003133907269849745,-0.002260566404070352,-0.002176345848522665,-0.002164801035386743,-0.0021724432818869266
2006-05-12,-0.002146002844886974,-0.001591643217378258,-0.001951600963262412,-0.0013926950078405609,-0.0019101822334818275,-0.0014976753175944824,-0.0018822245206342458,-0.0016071544835769558,-0.0008979850542142342
2006-05-15,-0.002512180436443634,-0.002578649101467434,-0.0024854770080543487,-0.002544224054724209,-0.0012123539324938593,-0.0012822957813652947,-0.0011673211724296806,-0.001203915944938072,-0.0007137596216604258
2006-05-16,0.004212736009483242,0.004407976083791176,0.00420373854720868,0.004411355695774999,0.0036014302034175216,0.0037799207476085783,0.0034496002323680663,0.0035915726222570665,0.0001339303368157463
2006-05-17,-0.0029901175798550117,-0.0030113869368769697,-0.0030418708023368657,-0.0030809694538940224,-0.0022063169953141504,-0.002181814259042625,-0.0021870759769353487,-0.0021220217940052244,-0.0037745566471737435
2006-05-18,0.0042235504213135044,0.0042183478875341684,0.004213052095457748,0.004258439725935759,0.0039240091681551625,0.003838803434496718,0.00391171770477472,0.0038627102243191658,0.0033401280855194226
2006-05-19,-0.002472326929102042,-0.0024485396517979208,-0.002289933603582761,-0.0021774740862897657,-0.0023676022286290843,-0.002043190899467362,-0.0020740868549653513,-0.001851766510599151,-0.0017099762057113388
2006-05-22,-0.0018459819647407283,-0.0018653821072350807,-0.001275714103822656,-0.0012369966518021025,-0.002331059317136397,-0.002343702122239333,-0.0022892196603188086,-0.002302408242586207,0.0017110567807989696
2006-05-23,0.00274112780606961,0.0028516244971046323,0.0027944240031181344,0.002738388972252981,0.0037439855270520184,0.0037051684474529445,0.0035881892095555035,0.0035861450091159153,0.0028501396967721693
2006-05-24,-0.002631904064923196,-0.0026421182133617993,-0.0027917042279747006,-0.002695455052700746,-0.003527469824873175,-0.003458703532718488,-0.0035244770464375463,-0.0034900922443953375,-0.0005330397751909244
2006-05-25,-0.000627087094417278,-0.00047941165590348334,-0.0006484412062086609,-0.00040640416670667534,-0.000608962538726332,-0.000546411102169686,-0.0007134935925755537,-0.0005405355319451077,0.0016612510448223983
2006-05-26,-0.001369977079525242,-0.0013442766280536977,-0.0011214544441672247,-0.0012748181597550534,-0.003946984604104142,-0.003941627130024328,-0.0036016299914722882,-0.0037219452895231875,-0.007263265493905435
2006-05-29,0.0010339695302976626,0.0010794693232820674,0.0012348444726419938,0.0012818454343486163,0.0006691821930571162,0.0008080152547973452,0.0008085060575870884,0.0009081661233942828,-0.00030705191200941506
2006-05-30,0.0008685712211105034,0.0006684094090729786,0.0009669750451686276,0.0007266292677878816,0.0007185327857857082,0.0007696510586114869,0.00043672662246341254,0.000525397812095596,-0.001393412934517002
2006-05-31,-0.001443913153991061,-0.0015131680643131196,-0.0012936496560562727,-0.0013620648482759456,-0.0014159806745149828,-0.001527924615793319,-0.0013856239397033177,-0.0014840441161907414,-0.0015858525642905574
2006-06-01,0.0057011137374529675,0.005673752811883759,0.0062884986952649324,0.0062493570874644355,0.00520275499988343,0.005308832860996482,0.005280345699756328,0.005347445815919283,0.003581077510884434
2006-06-02,0.0012600466208980698,0.001129862944254878,0.0007810648380830454,0.0006604672505816644,-0.0004153121831024231,-0.0003921754964740787,7.830513750017865e-05,0.00010176556227436961,0.005309475993088064
2006-06-05,0.003048833309765797,0.0025413703151453415,0.002514488906298684,0.002642652025590664,0.0025305434853977182,0.002478084312445894,0.002421168071040647,0.0023979221368559678,-0.0001852989732453736
2006-06-06,0.0023134063988248244,0.002418050676640693,0.0021902078809141745,0.002264939112450959,0.0031586499283653424,0.0030016604888254417,0.002946581418817429,0.002989157902227424,0.0011405917966793577
2006-06-07,0.00010313708023379498,0.00022484011899792655,0.0001281810790387805,0.0002282167179203931,0.00031975960498042966,0.000338063148334955,0.0005125318803176349,0.0004969110442509805,-0.0006106979364036702
2006-06-08,-0.00037707783205664924,-0.00047209193329345034,-5.0283353838942446e-05,-0.000234591275891205,-0.002101098938644852,-0.0019365162605525787,-0.0019155881542184394,-0.0017997899060324674,-0.0010386893509670703
2006-06-09,0.003310701921589443,0.0033749471491129057,0.0033722828450042375,0.003383275995920254,0.001873877123796941,0.001759684262909511,0.0017771715737047167,0.0017438677268353242,-0.0015634647145107428
2006-06-12,-0.0005133847733213015,-0.00043020704726037806,-0.0004919400490640546,-0.00030988208568727416,8.043533451562723e-05,9.289243289378746e-05,0.00011608481052660657,4.6941912612341596e-05,-0.0005948514381398651
2006-06-13,-0.0009165159245639876,-0.0007855961310831994,-0.0007979458042320919,-0.0006305617959575516,-0.00013633817627878297,-0.0002747376840748217,-0.0006077392756660416,-0.0007316213461212584,-0.004036542420494782
2006-06-14,-0.0017460696927250607,-0.001375904204286682,-0.00146881788186215,-0.001272288925016296,0.0006293001265138543,0.0004678069148873476,0.0005786140234567139,0.0001898709099026341,-0.005962877342282846
2006-06-15,0.00043311776995014206,0.00040004186975672873,-0.00043493431471908206,-0.0004809598829553785,-0.0007680364470034062,-0.000793704854875843,-0.0007633269299326395,-0.0007907700541862628,-0.0009476140484746542
2006-06-16,0.006871202457700898,0.006058623752237757,0.0065360922598063365,0.006216567106287263,0.005226766692321361,0.005351259701975808,0.005061583329800667,0.0051913380656216646,0.005651850064780861
2006-06-19,0.0020832266173700376,0.0020687281287055104,0.0018754708068846604,0.0018543866476741222,0.0015201217459233085,0.0015662335738464428,0.0014977904516373375,0.0015444010093101923,0.0028399915451167157
2006-06-20,0.002989605106000992,0.003063294525427196,0.002056903940941046,0.0020869232946356675,0.002246900072864433,0.0024179913837962808,0.002280201371354762,0.0023019236956791644,0.004503346546057996
2006-06-21,0.0019641557112779484,0.0021925107471392202,0.0019007935319215186,0.002115198200846269,0.0020582080535680447,0.0022556811356135853,0.002036601793106385,0.002219263154181972,0.003278109930716866
2006-06-22,-0.0037527347037927816,-0.003664229216810977,-0.003597074427155733,-0.003488560686111808,-0.0031521211845865205,-0.0030462052757335156,-0.0031231289622781766,-0.00299730040329782,-0.00365458162208232
2006-06-23,-0.004711468594413848,-0.004509255093817277,-0.0035614005707891305,-0.003308804593835646,-0.003685049662641826,-0.003435575231696575,-0.003609025431439594,-0.0035548137472456443,0.00020858948756985463
2006-06-26,0.0008223059683318823,0.0007307684200204001,0.0006810775205037256,0.0005478503602043272,0.002376327414851831,0.0020277398698276272,0.0019956137000696206,0.001786252895175533,0.0026142116636378443
2006-06-27,0.001138749936713035,0.001114565485600405,0.001488018438405847,0.001488016368302647,0.0005479597724511454,0.0005824537751042413,0.0007752760650117096,0.0006941057877734025,0.0021825545225397924
2006-06-28,0.0017346353536540349,0.0016551591728082293,0.0014372756246863183,0.0013495248758710332,0.0012566106573450586,0.0010932414358895137,0.0011623948323431499,0.000938027697915178,0.001848517233842717
2006-06-29,0.005188385880436686,0.0050207222461613465,0.004901508757872763,0.004709869677224976,0.003857084243664266,0.00398426842630295,0.003905553391679417,0.004121236909266024,0.00336263052836161
2006-06-30,-0.0017250044390688668,-0.001873620817436028,-0.000616485619142737,-0.0006981491075899182,0.00018854466105566736,0.00011877280876171348,0.00045852292353876223,0.0004716668657016587,-0.0039019614314296236
2006-07-03,-0.004934506631582458,-0.004734190985947184,-0.004023061927581617,-0.003995810253215493,-0.0038916580495435005,-0.003939300694993042,-0.0037057670188880287,-0.0036716777682239687,-0.0018343838998474693
2006-07-04,-0.0007240374810537631,-0.0006584081154156207,-0.0005204284505402335,-0.0005451795076439891,-0.001192379443770264,-0.0010074593526183673,-0.0006390400397155993,-0.000640552315987919,-0.0025422689521288344
2006-07-05,9.685076649335045e-06,0.0002210777049129753,-0.001194347702452414,-0.001082321541904685,0.0005434150435166263,0.000662910474490408,0.0002592802973053754,0.0002626143533426273,0.006391083525739472
2006-07-06,0.0019805028846662243,0.0019212275236735188,0.0012585830828910627,0.0013212609438575385,0.0019818849312776,0.0019355399544642715,0.001884447038354553,0.002082094321369521,0.0012629534782779839
2006-07-07,-0.0007945594861175076,-0.0008374261708146147,-0.0009801436742017389,-0.0008657376848938414,0.0007232533764225391,0.0007837704436568504,0.0002770850837148231,0.0003350786462736899,-0.0006566451518787986
2006-07-10,-0.000230143486995793,-0.00017464435869163353,-0.0008581942855311331,-0.0008178512367466029,-0.0004841571114229115,-0.0002667192823093689,0.00016180591619763263,0.00043993348322279857,-0.0009917332141011759
2006-07-11,0.000976249102043969,0.0007884970391793811,0.001147676279957599,0.001022605632904794,-2.3732514653818093e-05,-0.00038447678811048824,0.0006850663373083599,0.00041324020644895043,0.0029779412536510286
2006-07-12,-2.8911936812092698e-05,-6.914937365087859e-05,-6.0837951635361875e-06,-1.647928982351221e-05,-0.0005638008242745407,-0.0005919241236289619,-0.0005413175826670669,-0.0005766476699128331,0.00012748755310765247
2006-07-13,-0.00586322015433649,-0.0058214688151061456,-0.005268334576709166,-0.0051940420487706085,-0.005030777765567596,-0.0051576457209752125,-0.0047446890110730555,-0.004795871750332026,-0.004034174479083719
2006-07-14,0.0008105521246832836,0.0007868143972173947,0.0007085327105695871,0.0006923670158183182,0.00027910006968512313,0.00026123767243357854,0.0001324255415324771,0.0002381042204910866,-0.0007354860140177388
2006-07-17,-0.0010569631664151258,-0.0009584932951308689,-0.0010154298135522932,-0.0009451101153870045,-0.0007979544958292006,-0.0006785035518089844,-0.0007151793652435678,-0.00050357261623446,-0.0015152087064671527
2006-07-18,0.0010038399781151508,0.0009862401028217782,0.0012803291973955133,0.0012368762834682467,0.00022863236224113237,0.00022766827018050328,0.00039734338727215324,0.0004073618371074339,0.00030531244056919427
2006-07-19,-0.002406288922196187,-0.0023527639919541654,-0.0027338901798813486,-0.00261584913892543,-0.0026519203068107178,-0.002271468206747951,-0.002427368493255311,-0.002137552232225226,-0.004108783432536178
2006-07-20,0.001814671140843327,0.0017189062239202357,0.0016851827048949275,0.0016440375273363284,0.0010364141633907309,0.0012303917256564212,0.000940178118791879,0.0008933838588986998,0.0021310082096481775
2006-07-21,-0.004135149378502012,-0.004114727399182061,-0.0044015782582399465,-0.004431824289555908,-0.0034179576991111293,-0.003282308598279937,-0.0033305951144689816,-0.0033618650114058957,-0.003970544768166273
2006-07-24,-0.00450519118469439,-0.004703597194581022,-0.004480296993785382,-0.004536254524490468,-0.00314548203797016,-0.0032797606392810374,-0.003387405623875628,-0.0034983256306116983,-0.00305280456379442
2006-07-25,0.012405346945678408,0.0127156488399629,0.010109172105695174,0.010217588636922459,0.01178574216798478,0.014199725670595686,0.01219377085820339,0.012028534039052241,0.009411459084496032
2006-07-26,-0.000876833599057103,-0.001199166364769133,-0.000966531835638218,-0.001013301720457549,-0.0005547161472703177,-0.00015011156300426265,-0.0004156570749161981,-0.00015878826537019108,-0.0007068430695967853
2006-07-27,0.00027269908962979095,0.00019291110829366964,0.0004039241798072801,0.0004420203170494297,4.3488123155688285e-05,1.24977714281993e-05,0.0001810561643045272,0.0002144335798106578,-0.0005433813708246582
2006-07-28,-0.001106537094562765,-0.0010794755568955816,-0.0009630020753946811,-0.0009352764031390626,-0.0011263325616960307,-0.0011242534632089907,-0.0010800652429039381,-0.0010658169769504067,0.00010794810516912001
2006-07-31,0.004386011565164605,0.004342040186765317,0.004561217469091439,0.004496160575923724,0.002750494018056049,0.0027854477742008665,0.002633484898123095,0.002645250677821842,0.004868081230580357
2006-08-01,-0.0006111307711910152,-0.0004555065900655464,-0.0002788052430484633,-0.00023722173759155307,-0.0010805761842209716,-0.0008628195900063362,-0.000640543273408678,-0.0004485167556832481,7.146894846177254e-05
2006-08-02,0.0010746942561972173,0.0006785958915378476,0.0012637275608098353,0.0010664490686225214,0.00104612430983142,0.0009320271899582178,0.0009039663356440464,0.0007960624014506923,0.0010427406761865932
2006-08-03,0.0022843980800546504,0.0020784142024050656,0.0016106657472323427,0.0016012973508394701,0.0003289825943091351,0.0004329453401461514,0.00019397369570994805,0.0003090666507883366,0.003730274333430428
2006-08-04,-8.360970509502241e-05,-0.00016346949912937614,-0.0006574176025895273,-0.0004683181099672806,-0.0008660356354547316,-0.0009485350786292424,-0.0009823458787981965,-0.0008265468199701864,0.0005257547461370304
2006-08-07,-0.0005188637586802658,-0.0003984351711751044,-0.00039003149108640667,-0.0002663959017015216,0.0004153585702924012,0.0003901706452267284,0.00042970070845171904,0.0005167060394468681,0.0012931881270834555
2006-08-08,-0.0023865097815207736,-0.00249570328537585,-0.0024396287754283597,-0.002566719862609257,-0.0013003352327576323,-0.0012279452547043768,-0.0014059067358539457,-0.0013355035674833537,-0.002923104901235929
2006-08-09,-0.007324496208962583,-0.007259859268270441,-0.007034663704118427,-0.006978747660789986,-0.005391144455229813,-0.005294015033741606,-0.005225342220209983,-0.005149587141704659,-0.008323375194516425
2006-08-10,0.0007893411845967258,0.0005048003922876187,0.0006450085090377033,0.0008989136552004506,0.0014887906584448718,0.0016990766276137048,0.0019561257065567883,0.001878945945754662,0.0013585603254862022
2006-08-11,-0.0019745440359441035,-0.00200104155116565,-0.0017460173478481833,-0.0016510501807486255,-0.001067736148400833,-0.001019839952788093,-0.0011326900417921726,-0.0008640694165543694,0.0004114783133397637
2006-08-14,0.003775405970408263,0.003719839913343348,0.004466637112355176,0.004365524789837094,0.0035128395527346257,0.0034927685388905783,0.004082066564440545,0.004080066189297016,0.0036876282346600675
2006-08-15,0.0015432487289286367,0.0014779384920429184,0.0016000306460450808,0.001639718240903143,0.0028846553455281754,0.0027169060470080275,0.00250179510255899,0.002162203517689587,0.002871226216287326
2006-08-16,0.0008012079293764351,0.0009548065499376257,0.0011824043301498222,0.001294319111153186,0.00041382936401324066,0.0005764417517521991,-7.519886749129956e-05,0.00010146976325575707,0.0019201691285311018
2006-08-17,0.004737875431784833,0.004927982967114275,0.004412516816726608,0.004571236157103309,0.003992857307946185,0.004417162349249049,0.0036478198349103597,0.0041431851921560625,0.00704586663595852
2006-08-18,0.002916985228389235,0.0030739935334329616,0.003089066620554304,0.0031236032696102534,0.0015931432851037375,0.0015322856916704097,0.001420079899384863,0.0014689964777656606,0.003956853903051227
2006-08-21,0.0022277775482320017,0.002315277934457294,0.0025838079064379738,0.002659092704867305,0.0023000918034032924,0.002150517812806285,0.002472992137010799,0.0024952761076395547,0.0019444729400610594
2006-08-22,-0.00023122434324673868,-0.00011683822021524293,-0.00012649761804317539,-5.636347176840584e-05,0.0004794648909216548,0.0002611198810531512,0.0004797850103241963,0.00031402684657377833,-0.00012546134709701118
2006-08-23,-0.0057005366147478975,-0.005262516881160528,-0.005584191452678189,-0.005687535837578417,-0.004776817476099704,-0.0045781500770245565,-0.006250468104645357,-0.006308739948129083,-0.008121896772030235
2006-08-24,-0.0019026249461951972,-0.0018374438388949477,-0.0016588631930258835,-0.0015553114664821344,-0.00010216287015507586,-0.0002818196570730791,-0.00025138331118268464,-0.0004116143171133402,-0.0012989970020845787
2006-08-25,-0.0005841506445983802,-0.0006491613415954278,-0.0006384317638912229,-0.0007064551942451702,-0.00022298939434584053,-0.00028416161605870904,-0.0005228535117678401,-0.00048322900417308023,3.2253334931731104e-06
2006-08-28,0.002556344065521632,0.00260018985072219,0.002480204117853102,0.002472156957809668,0.0020955358664613843,0.002147923739894475,0.0019406246718696174,0.002042308794367953,0.0024684975147384325
2006-08-29,0.0006031812480031817,0.0005184914834297505,0.0006164748304589018,0.0005162827960856209,0.0003901619050630245,0.0003236224883496064,0.0003514023626531859,0.00028184840331890726,0.0004829546485072278
2006-08-30,0.0011004392219815529,0.0011277922456660594,0.000741358242948964,0.0007943604266089643,0.0022042189216322505,0.0023537181228396875,0.0014352242859476672,0.0014823250885100947,-0.0007008553328419209
2006-08-31,0.002298886333410799,0.002262675500332323,0.0023732138814593906,0.0023233624856837665,0.0018192501930323068,0.0017950446141983267,0.0017871072523780729,0.0017688037470318108,0.0024292922000965778
2006-09-01,0.0046347573822960175,0.004815115443990825,0.005007715468928753,0.00491094734547759,0.0015742650575536477,0.001753942639949102,0.0019028736333872587,0.0018095195286067511,0.00430210472873771
2006-09-04,-0.0018976029090341795,-0.0018600284093618358,-0.0011263010649531502,-0.0010874492070913622,-0.002999853798514418,-0.002788229619773097,-0.002511644176337424,-0.0023128433922904312,7.1414516764845e-05
2006-09-05,0.0005018957866731455,0.0003805980603488468,0.0002948715690276327,5.1074457285027464e-05,-0.000547082982361724,-0.0006200389711539245,-0.0006005116065300742,-0.0007055610849137084,0.0015891360213140526
2006-09-06,0.003653654878524648,0.003678802678209081,0.003722833399741443,0.0037046826703071023,0.0034086718553856254,0.003582818324930459,0.003623690225333931,0.0038068153873433985,0.0016510712162101093
2006-09-07,0.005816257736150687,0.005816628791873724,0.005697374964827695,0.005745342981700041,0.0034071182227028984,0.0032352606984553667,0.0033903355539335323,0.003305497599016105,0.00595668530188842
2006-09-08,0.00428389364478754,0.004214469506192975,0.004242337833738397,0.004163968302644427,0.003158003916935437,0.002957479364858351,0.003314570468290867,0.003202144748334357,0.005935191575851206
2006-09-11,-0.0011069136281702807,-0.0010392347284904346,-0.0010836138227765524,-0.001027361403666771,-0.0002776339136277839,-0.0002925078890678723,-0.0003873552399682456,-0.00045391287366702837,-0.001703427515842959
2006-09-12,0.0012707945309948787,0.0012321412464839643,0.0011348125881915916,0.0011074906035892784,0.000332963441790568,0.0003645239524956434,0.00035822782745098536,0.00031777286898004853,0.0007777670008468629
2006-09-13,0.0017370110300920505,0.0016523737350748746,0.0015048641976151966,0.0014485026707420356,0.0025771919131190035,0.0024092333025873547,0.0018485691336131982,0.0021618489076999925,0.003222071835121021
2006-09-14,0.0032875784424182264,0.003225907035793618,0.003098473614336461,0.0030605743565876864,0.0033874226400569807,0.0030759724660291976,0.003227108502731335,0.0029921372839298854,0.0024177972131653735
2006-09-15,0.0019723382920620036,0.001976048757299953,0.002049060512185008,0.002047309183836221,0.0014070555200615953,0.001453492121928246,0.0017426529498099086,0.0016657824770931473,0.002689033312787359
2006-09-18,-0.0044010727316513565,-0.003925552283262745,-0.003666746617485006,-0.0031766899444574115,-0.0045760019328142665,-0.004066372750050284,-0.003913011644952835,-0.003462019260382254,-0.004407399227412179
2006-09-19,0.0024644363143573322,0.002416016477201355,0.0024408636601269684,0.002383397911058349,0.0023926265504652378,0.0023914316512125833,0.0021534687425486254,0.00214648874782708,0.0017498677422653763
2006-09-20,-0.0015209685526030858,-0.0014896403769200095,-0.0014651041798040554,-0.0014464224077584964,-0.0012200151476968735,-0.0012340962699005642,-0.0009436644981335451,-0.0009605634931650897,-0.002490873871059507
2006-09-21,0.0006105958355961949,0.0007301025984041143,0.0006638620636951753,0.0007832068053481578,-0.0008589458195199517,-0.0007594009311224781,-0.0007539238551697025,-0.0006598367649099934,0.0015212799426835844
2006-09-22,0.001066646974180463,0.001032367117748123,0.0010327946431463175,0.000993954144451692,0.0012431350549992892,0.001175406681243496,0.0012627820129875733,0.0012563522448256759,0.0005416867819114657
2006-09-25,0.0006517029128312313,0.0007509333945048269,0.0005235541088930429,0.0006222640231086096,0.0011392571720516553,0.0012653445259516172,0.0011268559112485033,0.0014509016030950228,0.001029974515835086
2006-09-26,0.002271738737230189,0.0021298962147948686,0.002244683307497608,0.002132130460377857,-0.00018568663130935636,-0.00019753809117373233,-0.00012166772396426939,-5.980772601066331e-05,0.003973182298248945
2006-09-27,0.00535180501245569,0.005380117334048862,0.004958463243322386,0.004970917028231714,0.003584750305931639,0.003672106034092071,0.003589781299470074,0.00357625200353362,0.0045278432636395305
2006-09-28,-0.0008236893319732985,-0.0008808041250630838,0.0002375559374514502,0.00017909936900228907,-0.0004905463369224705,-0.00035542266939769807,-0.0007099585560242927,-0.0005945788847496747,-0.0009755745144739425
2006-09-29,-0.0035919456028539187,-0.0036887823103596284,-0.003612115959630402,-0.003660579074457604,-0.0024132772910619993,-0.0022809528188638684,-0.0020891452196705185,-0.001852477349447712,-0.0023563346454673617
2006-10-02,-0.0018925704805531351,-0.0019101431468203645,-0.0020732400511710436,-0.002086167630885538,-0.0024217095350035356,-0.0023887928014550974,-0.0025562353534197557,-0.002378031199263164,-0.001850202075544205
2006-10-03,-0.0032834147461463514,-0.003254787123198266,-0.0026923180305777894,-0.0026370903461120365,-0.0030516940527378633,-0.003058126969727959,-0.002645370412458492,-0.00257950848873989,-0.003957735831485176
2006-10-04,0.001537553841974404,0.0016316830548601668,0.0010654361538118273,0.001147678860368373,0.0010415263308349854,0.001170997542874419,0.0010429351619838378,0.001329049275333949,0.004400848151265846
2006-10-05,0.00045090383959212055,0.0003501926772750963,0.00010393031173472345,2.0846657740047903e-06,-0.00014014932847838946,8.50644586249949e-05,-0.0005414741479514706,-0.0003640257532291358,-0.0013314439535412337
2006-10-06,-0.003753299137270183,-0.0035807199420013758,-0.003522750052708523,-0.0033416865354551906,-0.0029410433001437752,-0.0027068173273605556,-0.002327567060116942,-0.0021864053677331796,-0.0035550434537490183
2006-10-09,0.0029882645354109005,0.0031742558228511353,0.002602302184910421,0.0026980101427647174,0.00328610899607229,0.003374930344960614,0.0030145325650614563,0.0030157126138161683,0.0015126675611762952
2006-10-10,0.0023677754410074137,0.0023944314405883738,0.002275060148969832,0.002187015613890786,0.0025155339154681045,0.002532270832784178,0.002286269282588016,0.0022752453135481687,0.0011527041656456127
2006-10-11,-0.0016243130872519718,-0.0014704320922704905,-0.0010732361428703596,-0.0008858975411136782,-0.0013430416364755837,-0.0013075306028741407,-0.0008941703087855801,-0.000808771294863786,-0.0007306866926718447
2006-10-12,0.001966638615334526,0.0019091334298559914,0.002223976299646546,0.002158208214962931,0.0019119289337174994,0.0019540924743057797,0.0018849202386350683,0.0018782386610214363,0.0012767048844257722
2006-10-13,0.0008593388051776341,0.0009443561960800206,0.0008748482351694786,0.0009466589408413384,0.0006249661276223062,0.0005726382949218234,0.0009605943312402943,0.0008914149336334276,0.0004732340738882179
2006-10-16,0.0008588785114571618,0.0008317133795221476,0.0010923910791695857,0.0009803148682381302,0.00017471166398341786,0.00023456963235246597,0.00046382831124214263,0.00039969909015091787,0.0006790334284871857
2006-10-17,0.006135360859718775,0.0058503989282558955,0.005654772954515552,0.005246504312503397,0.004640505815168838,0.0046949033751391145,0.0041784898765742096,0.004396258268901221,0.007449147383247867
2006-10-18,0.006298690394586526,0.006239818425827881,0.006163763538244771,0.006004878881062936,0.004628106672357468,0.004499831621482153,0.004338095062433878,0.004350724650759696,0.005598806445213489
2006-10-19,-0.0027804787990663993,-0.002745616072419077,-0.0026006585319292563,-0.0025218558254271883,-0.002246957532077154,-0.0021993807190926473,-0.0021030157645278713,-0.0021015290583369373,-0.0021640153820084995
2006-10-20,-0.0025195218748707005,-0.0025126165456128557,-0.0022927016933426136,-0.002321132032959916,-0.003061978258234399,-0.003044658944776679,-0.0023969316393089857,-0.0024525153090700913,-0.0017407437238814438
2006-10-23,-0.0007021042140531453,-0.0003425770961582586,-0.0005725102688054484,-0.00031849921757975963,0.0005180370209552088,0.0004375606323894221,0.0009641991148874318,0.000880672607651789,0.0017161885560581513
2006-10-24,-0.000726413041739371,-0.000580685275420656,-0.0005322825789570995,-0.0003997262760917497,-0.000393377682838536,-0.00046323638657463917,-4.0199765507509255e-05,-0.00012949305311626969,0.002404996994138431
2006-10-25,-0.0032614445925185365,-0.003131657076221206,-0.003457594564646005,-0.0033306577702210127,-0.0017707698944637862,-0.00153295424265798,-0.0017959024448591654,-0.0018486765643555003,-0.0020716139206349293
2006-10-26,0.006122620477107876,0.005950972793153708,0.005265347506660856,0.005107360388078908,0.00538229736494622,0.005408579503008548,0.004786179165092053,0.00483805581690544,0.00426991355697437
2006-10-27,-0.0009864913480494009,-0.0016693668647371762,-0.0017366989057252535,-0.0016457350760390455,3.748503692690974e-05,-0.0004059804545214485,-0.0005182887832169136,-0.0006572544950883552,0.001448441512646781
2006-10-30,-0.0029762246371518586,-0.0031497126343092985,-0.0026918990986498637,-0.002814603837216989,-0.003164100454333907,-0.003005732551470297,-0.0033959845160489444,-0.003249017573306978,-0.005842339889823411
2006-10-31,0.0003080282210363716,-6.710861892855746e-05,-0.00016826279932269372,-0.000587402247372304,0.00012940927097560007,2.12685583147465e-05,5.993570258322478e-06,-0.00028848315847818107,-0.0012329450044835655
2006-11-01,-0.0024975077780624577,-0.002419662119328536,-0.002217026025152724,-0.0021478804953112274,-0.0018972219453077255,-0.0018054622739226422,-0.0014048158008234113,-0.0013714960363363504,-0.002489359064707375
2006-11-02,0.004086778455139939,0.004028003723537399,0.003476198448601364,0.003458853161386166,0.002867183079169111,0.00287328264121145,0.002192750769008933,0.0021202148891152905,0.0059762593855055
2006-11-03,0.002738198294805816,0.0027614794073731463,0.0029472556426428653,0.00307648536929106,0.0027936099754612975,0.0025861824992148286,0.0031313226664626548,0.00304431431208263,0.005204044505905614
2006-11-06,-0.0014678613705007004,-0.0014291522281520974,-0.001966745482065879,-0.0020285685451770785,-0.0008757765937029705,-0.0009398251425313253,-0.0012637587840981235,-0.0012768952951925927,-0.004078010426345924
2006-11-07,0.0018144003974382983,0.0018008614427826863,0.0015433256944024087,0.001417874284334708,0.0017585590966153752,0.001707731205786267,0.0020032069703592725,0.0018129930068560007,0.001927739287024055
2006-11-08,0.005118290425914163,0.00486937606983151,0.005298471843711905,0.005079608557539306,0.0037504038074755996,0.0034934715726524512,0.003153048965611527,0.0032238291454549373,0.003509375563734096
2006-11-09,0.0020934309125013595,0.002001975561485292,0.0026822030982969203,0.0025777931075805505,0.000923340176559817,0.000920478437365535,0.0009318387515322435,0.0009848111642993818,0.001913601122556452
2006-11-10,-0.0016080430087875852,-0.0016402790033553938,-0.0012323372140488065,-0.0012720224063754726,-0.0011005898857434637,-0.0011057368293746483,-0.0017888172713286243,-0.001808743471944818,-0.005827277639107731
2006-11-13,0.0031076679083508196,0.0031386602980216782,0.0022716499447983374,0.0022698473301672184,0.0023851409873902885,0.0022723234556376593,0.0023511645739449083,0.0022084024659267953,0.0015500266954640018
2006-11-14,-0.0004136173023732148,-0.00017007173809313603,-0.00010855287911237799,0.00011219877431423164,-0.0006926512345362124,-0.00030031117080076,0.0002516801562424398,0.0003470380970516107,-0.0011813935700183409
2006-11-15,-0.007083000273193973,-0.0069224675204118125,-0.007013647187432359,-0.00681754650224442,-0.005599986869905815,-0.0053249722618824435,-0.0058273421065065945,-0.005452628384965741,-0.008293016553057475
2006-11-16,-0.002007103824338552,-0.001942508509023555,-0.0019122441314852745,-0.001853160972181911,-0.0010246093250796395,-0.0011316309609712416,-0.0010099803482104264,-0.0010566527755943023,-0.0008533553427733098
2006-11-17,-0.003086088969004308,-0.003141379022327806,-0.002877816634484387,-0.002930051940199463,-0.00243393912112555,-0.002679006741545531,-0.0023493767222457773,-0.002587008115869538,-0.0037308553314103765
2006-11-20,0.0008161226627003693,0.0007966862633024263,0.0006729997516075059,0.0006519936467455079,-0.00012509152567508064,-0.00010992779281360221,-0.00019537666922619934,0.0002450633173909367,-0.0015321278554566442
2006-11-21,0.00047418153427880583,0.0005314513409104826,0.00019016894964996034,0.0002325081890011127,0.001142738060883719,0.0011324215299077789,0.0010639547299522434,0.0010361618083425395,-0.0013291725400572663
2006-11-22,-0.006766552143736337,-0.0069140714009924276,-0.00669618163197383,-0.00688637578703144,-0.005324197308594014,-0.005454591944626053,-0.005184309496988337,-0.005352988499729205,-0.006112462352574788
2006-11-23,0.001473968956442695,0.0013255941822061246,0.0018331225070451485,0.0016791955020138971,0.00047044821124386793,0.000485914044303426,0.0004668784956891603,0.00048027734237354736,0.0007936496734493037
2006-11-24,0.002274987358593661,0.0023537010922909385,0.0014956258308682635,0.0015664464358347008,0.0001318683689897071,1.5481136163231213e-05,0.0012196055785731463,0.0011390156030066656,-0.0003572303113370534
2006-11-27,0.0019539457075581357,0.002098822600892669,0.0016237603887945262,0.0017425603824197111,0.0002602368174804415,0.0002474390866324949,0.00014720767764675458,0.0002602698146272342,0.00600354074084386
2006-11-28,0.00251897576382043,0.0016135727326951343,0.0015443234342167322,0.0014664168297575664,0.0014169397922190186,0.0014076367796580502,0.001650045896270047,0.0015746976552031278,0.0028542783234721814
2006-11-29,-0.006899042589064264,-0.0070036662350324574,-0.006353755319574161,-0.006409434364419542,-0.005698267041582827,-0.005543906933112019,-0.005836350209523444,-0.00543925641217935,-0.004892102175611646
2006-11-30,0.00029498514530068576,0.00016633165446688913,0.00010876137725679413,-1.4718391913470796e-05,-0.0004895214957540972,-0.0006250267100220697,-0.0007755906353424935,-0.0007486073879422461,0.001074218452268294
2006-12-01,-0.0003418754554926906,-0.00025849516985454457,1.8170878686163405e-06,8.167522834789942e-05,0.0003663546987835442,0.0005367521320929214,0.0007104908044368585,0.0007247973535302599,-0.0005655087144341708
2006-12-04,0.0044056083874064456,0.004408323578217965,0.004712780800184113,0.00466122727378071,0.003469013227860529,0.0033604687380675013,0.004319263218352409,0.004100362100347255,0.004057457363972006
2006-12-05,0.0019264758938819515,0.001875154846914917,0.0019571344291073878,0.001878714909769652,0.0019418134993893776,0.0016770208962855193,0.0020839419482479027,0.0018737315116807984,0.0028465706067304364
2006-12-06,0.0035209993812861384,0.00347552664353179,0.0034215555611194493,0.0033596679196559176,0.0025238052162748215,0.0024686968642650964,0.002564938057976862,0.002432914452984658,0.0014510612584623939
2006-12-07,0.0028105587167190915,0.0028770067696530788,0.0030307061413836767,0.0031370487032584826,0.0031570454873619536,0.0031055216918876027,0.0032642700271170444,0.0037037727512427843,0.0027996916135304417
2006-12-08,0.003237505894815751,0.0032320501805425117,0.003231585627325728,0.0032220817155801385,0.0024283793627450923,0.00231178421592948,0.0022846359896628865,0.0020527243936263595,0.005196076484446754
2006-12-11,-0.004027071343727706,-0.004211223355270466,-0.004166900226623249,-0.004336498455002502,-0.004581528156154868,-0.004459303752056609,-0.004757460929172841,-0.004514439467313003,-0.006763888870015111
2006-12-12,-0.002011825406461387,-0.001851594574474591,-0.0018994076448540786,-0.0018199432924375092,-0.001331496938024368,-0.0013207255794440709,-0.001365393088687994,-0.001262326106134748,0.00012336863904871542
2006-12-13,0.0021263051272046862,0.0019014337080136556,0.0023660018557465357,0.0021191074073436678,0.0018120609677303445,0.0017759764538707312,0.0013776126240843123,0.0013827661614422837,0.0033233204306282182
2006-12-14,-0.002578772755815195,-0.002302927342582861,-0.002341130160045002,-0.002324858247957806,-0.002211901452970899,-0.0019916790490027703,-0.00197672541275995,-0.0018630641394912217,-0.0029571382291486703
2006-12-15,-0.0054510627759633,-0.00537909962229699,-0.005681831060631359,-0.0054441668913010055,-0.004291499802662191,-0.003985704071027496,-0.004634580904813723,-0.0043124261766439576,-0.0044354718103924995
2006-12-18,-0.0008133673392881624,-0.0006501376844865181,-0.0009798137163022913,-0.0008323864391314162,-0.0007356672577989443,-0.0008220496519815157,-0.0008274692027639974,-0.0009318742387672829,-0.005537417690468338
2006-12-19,0.0022043580909425486,0.0020845460261063042,0.0022989532921173783,0.002030896762570178,0.002339718730055562,0.0027139211432400945,0.002655467152308244,0.002733704095726708,0.004920387452821862
2006-12-20,0.002646519795788116,0.0026996337179823193,0.002714816299161704,0.002718755466762257,0.002213595670744084,0.002337164106613887,0.0022305836757443576,0.002179004870374701,0.00030199589477275524
2006-12-21,-0.0018594830995605216,-0.0022850775439293702,-0.0024319363312939046,-0.002490364126743194,-0.0013172233436367087,-0.001116631111540367,-0.0014225456430538852,-0.0012718625917819137,-0.0047797562069265
2006-12-22,-0.0021864673931257794,-0.002045947970535811,-0.002216866160065889,-0.00223266135757183,-0.001898115998679284,-0.0018226804926966267,-0.0019224206466174065,-0.001887525718010541,-0.00382316806969063
2006-12-25,0.00020028792168069742,0.0002368752438399735,0.0002060221795101569,0.0002400133883615485,0.0002531224032655821,0.00023883426832504995,0.0002763918039663249,0.0002586101502390914,-0.000641870767286945
2006-12-26,-0.002064064218610273,-0.002125981820207512,-0.002019885967690427,-0.002004549344289508,-0.0022539226546149926,-0.0021831924950285186,-0.002857149522198843,-0.0028247387781197286,0.0009820814189165361
2006-12-27,-0.002968627648221034,-0.0028414389691838737,-0.002861128229053711,-0.0028090110362067877,-0.002898358903581033,-0.0027036727481924983,-0.002403017580969502,-0.0021983136560780325,-9.249046036385877e-05
2006-12-28,0.0016997881539009274,0.0015701533321601513,0.001666898057146593,0.0015954107282325491,0.0014269910557482834,0.00116392769516116,0.0014037739986951792,0.0012291586915964547,0.003391672748136898
2006-12-29,-0.0022171316926341555,-0.002203575269036584,-0.0021425561332463205,-0.0022133697045143563,-0.0018659945373854514,-0.001918814092200849,-0.0017012690988447154,-0.0018659215230129034,-0.0033820890330794606
2007-01-02,-0.0016044978412772526,-0.0015080117969299422,-0.0016809444457385192,-0.0017831126214797877,-0.0015944754415434526,-0.0015778443203452452,-0.002389467809972845,-0.0024665991425752987,-0.0024496765041497337
2007-01-03,0.0014296139196232627,0.0013028022163024122,0.0013322904017691872,0.0015191863104973002,0.0003714447162446177,0.0005334835094676915,0.0005510384944003022,0.0006794877407463318,0.003092176569177374
2007-01-04,-0.0013775208341074707,-0.0015524304094318708,-0.001689956004855997,-0.0015333557170502665,-0.00036869427116226205,-0.0002121424018745044,-0.0007079174660542531,-0.00047833072905301144,-0.001839075504969756
2007-01-05,-0.0019592264859309427,-0.0019523842821640436,-0.0020060408915607564,-0.0021144554432677154,-0.0019649137298320962,-0.002328343232185226,-0.0016310327377391243,-0.0020312484745261816,-0.0012573523518373264
2007-01-08,-0.0003854197592819686,-0.00012740172308811637,0.00020485316010709909,0.0006492907860344843,-0.0003966943090742969,-0.00016831935811678633,0.0002491527158647866,0.00019449429864093482,0.0011692760086439158
2007-01-09,-0.0004538198568623253,-0.0005735306428665821,-0.00040261858562440356,-0.00046121667468279615,-0.000731913676927709,-0.0007610975232500428,-0.0006494458937083003,-0.0006192137161541433,-0.0020832959788641414
2007-01-10,-0.003489639060459515,-0.0035514373326061,-0.0036942568908746587,-0.003767332069362417,-0.003423293181947007,-0.0033053446988655644,-0.0034145866313589623,-0.003327631324892888,-0.003918073946281853
2007-01-11,0.0015361279802008632,0.0013187408995272154,0.0014712971855397328,0.0014162153509156283,0.0013291998938005367,0.00247133760747964,0.002428024726583322,0.00250127686679269,0.0020570978694907094
2007-01-12,0.0019289011978762538,0.0016793730596573742,0.0018859999736688948,0.0016567409546504042,0.001333030591672113,0.0011207355183471268,0.001336184536725682,0.0011616372476022097,0.004825614324867944
2007-01-15,0.0007981310621605342,0.0007091376191685761,0.0007303129516442741,0.0007284547766588378,0.0010381911598917881,0.001152763638536447,0.0010458816541705218,0.0010672512093785613,0.002694668192764871
2007-01-16,0.0009649832588005669,0.0007170980151318673,0.0007864142579769862,0.0006964021370026163,0.0008288057037368901,0.0008585536967053997,0.0009098994952820849,0.0008138821316532319,0.002982029849588619
2007-01-17,-0.005754722433396475,-0.005659873437496077,-0.0052951602111230844,-0.005220672811170113,-0.005623125416176378,-0.005511834108770541,-0.005180459265496262,-0.005331826257242933,-0.005545075662381049
2007-01-18,-0.0003310975012111861,-0.00024332706206653398,0.00020624408449876341,0.00023860553318111322,-0.0011572149640440843,-0.0009965066672957823,-0.0004580630984317713,-0.00040767633160532224,-0.0020051616032585873
2007-01-19,-0.0024987264761886507,-0.0025070919534011527,-0.0024445390736727024,-0.00241313906314089,-0.0025618935367600626,-0.0024843890964192372,-0.002429148769261147,-0.0023722693854630883,-0.004086370999235367
2007-01-22,0.004434024825096916,0.004539619909181392,0.00403292012324119,0.003977636889620273,0.004392848372474667,0.004443186293752399,0.004028198826195206,0.004050269564078723,0.005309344939396166
2007-01-23,0.006585058777034192,0.006517681633769756,0.006460114369919223,0.006407507164025494,0.005857218161307909,0.006149651724007832,0.005565298822002074,0.005474464344632057,0.007594716595830109
2007-01-24,-0.001004385572346389,-0.0004871676771688316,-0.0005451810165947313,-0.000514992690759386,-3.438938359046073e-05,-6.08640880428446e-06,-0.00021087356985105554,-0.0002701285353191585,-0.0007800234941872652
2007-01-25,-0.0010460389919538793,-0.0005536447019202084,-0.0008050573624237556,-0.0005370183184203459,0.0003978302666733935,0.00037929688299587205,0.00032893638008713033,0.0003180053964606522,0.0002646283505569613
2007-01-26,-0.0024376244053241347,-0.0020066316418642094,-0.002543525364342658,-0.0022296547274635037,-0.0017637679056982103,-0.0016085559352777556,-0.0019023403609544909,-0.0016592171106366571,-0.002648894319417616
2007-01-29,0.0019321408092252135,0.0018501904621837095,0.0017481795751010942,0.001905681125245584,0.0012734747540179558,0.0011467001835263613,0.001306858085605045,0.0012684652083669867,0.0015020108631320639
2007-01-30,0.004562373846835888,0.004214648456386971,0.004091214712663049,0.0038111613025808566,0.0025594128072050637,0.002908721059593944,0.0024138723034659026,0.0023556454689133144,0.0035661055691103005
2007-01-31,-0.0023446795956522104,-0.002171200832252307,-0.0026005468833099066,-0.0025574719450640604,-0.004002963413739957,-0.003480768609150031,-0.003271033062400064,-0.0029469125332836077,-0.0012891019617596866
2007-02-01,-0.0006294802814792444,-0.0004096571551008843,-0.0006369663172717255,-0.0005634566089569581,0.0002489402369214577,0.0002775416119618068,0.0003827894034527102,0.0004258728916699539,-0.001125874309040209
2007-02-02,0.00023081252924517237,0.00011389277461448799,0.00031945212986483895,0.00016550499562906218,6.103063617435289e-05,0.00011431934186845183,0.00013456376428089278,6.95276958355695e-05,-0.00056349008813672
2007-02-05,-0.0026807104262182024,-0.002561730153587294,-0.002619938144158951,-0.0025356733927395236,-0.00319957419797523,-0.003248070433997219,-0.0031208172226742104,-0.003228958097359347,-0.0009463045928018721
2007-02-06,0.001667887224111153,0.0018806255844368014,0.001739721733533539,0.002016666729123928,0.0018979255870807954,0.0013528380370555482,0.0018286997647132264,0.001924619584391607,-0.0004930688178926834
2007-02-07,-0.003052440895995878,-0.0027526509630079188,-0.002502737057234694,-0.0024573929960804985,-0.0016548138496788045,-0.0015344621232704636,-0.001907912955457447,-0.0018270026677922324,-0.004927114550594358
2007-02-08,-0.0012027387843135395,-0.0009800141248400562,-0.0011001832619329521,-0.001159925479520596,-0.0008469679982764378,-0.0007401441933180264,-0.0007516291959884791,-0.0003879634593781933,0.0012767080540281306
2007-02-09,0.00032310429777915317,0.0002762005075642726,0.0002821251275149095,0.00016331857139340045,0.0008061587250469682,0.0008593922937867315,0.0007143971158387608,0.0004560995087594666,-0.0032948478735221887
2007-02-12,0.0020039169174124183,0.0018735562324334598,0.0016464124561872406,0.001560741035567137,0.001088302450942491,0.0010289382171750905,0.0009031452440231291,0.0008624684455695864,0.0003312564120703243
2007-02-13,-0.004722729738381837,-0.0045963935380284315,-0.004781470510453412,-0.004657404215665961,-0.004075706035396087,-0.005037765484699697,-0.0041382517806933805,-0.0040734401330816405,-0.004045844709009816
2007-02-14,-0.002954747500716781,-0.0029941691355915845,-0.0029386058964816497,-0.0029638761008535797,-0.003460643333165425,-0.0032943131518399227,-0.0027481967156860465,-0.00278002430792168,-0.00721181841453622
2007-02-15,-0.005029572125216597,-0.0051027707508374265,-0.00513375323979548,-0.005215899827457626,-0.003869163048075497,-0.0037309994382778155,-0.0037321237404561725,-0.0036521362574370997,-0.005207820907777827
2007-02-16,0.0020913958216901563,0.00211875708730469,0.0020970871372554267,0.0021179130045898553,0.0006646735237287871,0.0006631722815406693,0.00087230270510541,0.0008780271172963428,0.003640207315485533
2007-02-19,-0.0023128310826172616,-0.0022380515627572484,-0.0022136497571034752,-0.002131796782834039,-0.0035419091718981166,-0.0035558599293120663,-0.003211374296275382,-0.003067719307640271,-0.005418073088296116
2007-02-20,-0.0055244933516049866,-0.0054934635021755,-0.005409797740104638,-0.005326228445867276,-0.004188216100602937,-0.0037650985761886746,-0.0039207448520713895,-0.0035906325120887983,-0.0032686468834483007
2007-02-21,-0.0018866523186222839,-0.0018921268194991292,-0.0013634566479950871,-0.001519581986477725,-0.002869215889350296,-0.003123810857261322,-0.0027058275288427414,-0.003051067805254992,-0.003462782304675893
2007-02-22,-0.0020290083245286805,-0.0021174543462231243,-0.0020534341304182524,-0.0021878777657659,-0.0012483428541842922,-0.0012053861855070291,-0.0009782180070699864,-0.001054268023902405,-0.002944585287560142
2007-02-23,-0.0019222593985791514,-0.001875563253508128,-0.0018760771713877133,-0.0017734090110873568,-0.0017987408440323094,-0.0018588135213908341,-0.001943366300523608,-0.0018883270881704384,-0.0035585055120600506
2007-02-26,-0.003518755117398298,-0.0035494423451488677,-0.003462983193075919,-0.00345430457046747,-0.0015973565123891253,-0.0018389953466890763,-0.0017315457287677694,-0.0019215913725114664,-0.007259708428841161
2007-02-27,-0.00010924178124982475,-0.0002958760688286377,-0.0001586331549808806,-0.00031041781256657686,-0.0023582211204100645,-0.0024398151660516287,-0.0023616380389240854,-0.0025896286176902983,-0.0025457438943089494
2007-02-28,-0.001450653263801449,-0.0013867241867374647,-0.00128277447569769,-0.001197476371454731,-0.002286644284628103,-0.002255573531520061,-0.0019276131906668104,-0.0019052150030786086,-0.006563723886380601
2007-03-01,0.0025523287721587185,0.0026223587062492726,0.0022049620456259245,0.0022107575523742096,0.0028491322012000886,0.002874082646672216,0.0026621106574817865,0.002725947492641767,0.00532414054450947
2007-03-02,0.0013686557778209707,0.0014436516524767296,0.0013821365400363828,0.0014088202468767186,0.0013683379543671936,0.0013874544948906387,0.0013591218157047447,0.0014351940129972984,0.0013680200643304552
2007-03-05,0.004534859596448282,0.0043295448098332745,0.004624086020341256,0.0044271968374982595,0.0021403098461207914,0.0021387120372597934,0.0021557155898459524,0.0019293191872085114,-0.0004049062945288284
2007-03-06,-0.004329748530518263,-0.004526486949797848,-0.004227265354016296,-0.004412264054635795,-0.0028874778169122317,-0.0029002350027711454,-0.0027670163331797726,-0.0026305377238023953,-0.001925564440930172
2007-03-07,0.0010020657833524904,0.0011488242113055769,0.0010201848217690213,0.0011668633014632057,0.00033319917330065785,0.00042612311546119663,-0.00010157490716933282,-0.0001080663771775292,-0.0023047547256636047
2007-03-08,-0.002872768285019811,-0.0028449603443955196,-0.0028130367652878796,-0.002777220395207447,-0.001221702185602913,-0.001071418265843893,-0.0012097563304085401,-0.0010881932173508746,-0.001234116715997824
2007-03-09,0.001547363780077804,0.0014808338696905565,0.0015118065796899671,0.0014402183705086724,0.00046141757125250926,0.0004278751795281366,0.00017571083195844217,-5.770280896133517e-05,-0.00276038486673047
2007-03-12,-0.0026376892904899085,-0.002673320087647757,-0.0050328410527987755,-0.005058658655727966,-0.002240925238113256,-0.002322796693541296,-0.0035579506881459055,-0.0036514723725198373,0.00039424686383982
2007-03-13,0.0013062342459502219,0.0011103614490433067,0.0009580606829808769,0.0007542365357784409,0.0010895673620829882,0.001078223648075527,0.0010369167677359847,0.0010463833796297006,-0.0019999536426382747
2007-03-14,0.0010424898094347768,0.0012339993419245854,0.0011132433981644319,0.0011412358463733785,-1.0134318165100353e-05,0.0001951808425457724,2.0374214767082677e-05,0.0002851481473435946,0.0025638950994855136
2007-03-15,0.0008419975361455556,0.0006687532265345908,0.0006738638764225424,0.00044088824114862923,0.0017493852047520964,0.002088996936140397,0.0016648169994490924,0.001642305327414384,0.006956785473270388
2007-03-16,0.00042708092139998044,0.0003639811627194067,0.0003424992971639007,0.00033673702328318456,0.00016024903342759522,0.00045937109513527474,0.00036581058525841925,0.0003888338695001714,-0.0013749012249208992
2007-03-19,-0.00015425388686707286,-0.00024867735440381455,-0.00037842439701729624,-0.0004772921773241734,0.0003173777825418167,0.0010854002015587838,0.0002241890954632897,0.00029428486769811357,0.0037170423053165536
2007-03-20,7.617381397562184e-05,-1.738099193182574e-05,0.000184054010304191,-3.570800390872986e-05,0.0012633397833476945,0.0011637537330457803,0.0009139775030071462,0.0006879972554847402,0.0026301775042465447
2007-03-21,5.070284152530746e-05,1.046102714674646e-05,4.7226794447574605e-05,-4.843461458803322e-05,0.0010797413544305634,0.0010014428618572158,0.0010842065397800305,0.0011170532458335547,-0.0008942854708196002
2007-03-22,-0.0021874252083662338,-0.0026350425397739796,-0.002325678748286042,-0.002368374701870346,-0.0020556723787346076,-0.0023590241659229294,-0.002090911470038481,-0.0021222405831479163,-0.0033559435724056508
2007-03-23,-0.0022720998383665147,-0.002091113328037908,-0.002318798447979775,-0.0020464264335964266,-0.0009628622729203062,-0.0008955280936533416,-0.001016893878063585,-0.0007588096805682953,0.0009964197408054432
2007-03-26,0.0017499633651394397,0.0018973591196627115,0.002027661865374286,0.00217089074357224,0.001211361777491815,0.001376529461832865,0.00160981108664493,0.0017834232737325983,-0.002573382093677745
2007-03-27,-0.0018935567052165148,-0.0019174569534164965,-0.0020753624530529535,-0.0020917440221777106,0.0005330588457257424,0.000558405973505316,0.00018519703855002234,0.00021800918705339178,-0.005316615239747802
2007-03-28,0.0006048399388387526,0.0005301406906901285,0.0006410126874745181,0.0005672566610583907,-0.0004655951937346803,-0.0005904655587459784,-0.0003405896166405187,-0.0004771192063879326,0.0007108985918264921
2007-03-29,0.0005237744988182413,0.00048381334786484764,0.0007537869855442914,0.0007556401373398636,0.0009686057707354312,0.0009573623917960017,0.0011365813517727474,0.0012281677369618826,-0.0028558306225756613
2007-03-30,0.0017337050823860167,0.0018221039869876776,0.0017063352322601588,0.0016837564545213457,0.0002691123955591568,0.00021721685580811112,0.00020942127260736854,0.0001037949363746904,0.0028092359790843346
2007-04-02,0.002491982061257003,0.0025337921419039677,0.0025758007657874504,0.002581571248993386,0.001210898627846957,0.0011192271134783383,0.001270500559654053,0.001223905595540975,0.005077645326398317
2007-04-03,0.0027922628613603617,0.0028516768048487684,0.002946943397607704,0.0029303019694286725,0.0033509021463131727,0.00325120018355185,0.003368737325961213,0.003314316104076065,0.004820983055085604
2007-04-04,0.00020674348657245822,0.00025324600414511345,0.0001062224177728055,0.0001298742412103593,0.00022505347955936728,2.021031115440053e-05,0.0007136558603608734,0.0005502754711774749,0.0001717895132413716
2007-04-05,0.003443734493696393,0.0033735995706647426,0.003719843097155451,0.003716853254795982,0.0017264002746952833,0.0015607425242860629,0.002108209613522316,0.001979746265243998,0.007501675298859256
2007-04-06,0.00043969433557711213,0.00038491993163147775,0.0005582428052088861,0.000615010163486529,3.5675998640627427e-05,3.352175469251151e-05,0.00019754296345908529,0.00014277819582653173,0.0006061150523049008
2007-04-09,0.0014347330167159278,0.0014463972693665728,0.0013208996019495878,0.0013387035389478275,0.0013239446359341045,0.0011169215366764185,0.0012343219884152212,0.0010478326077154598,0.0016469458265835346
2007-04-10,-0.0006117947702392046,-0.000440248569782975,-0.0004013907026679808,-0.00012831793399836755,-0.0008173861647363667,-0.000752320860081368,-0.0006507881457705755,-0.0006146324196539821,0.0013930958933863202
2007-04-11,0.0012907409379747659,0.0013556274573078841,0.0013506803071055007,0.0013832115001399803,0.0014328206014808664,0.001298586699928439,0.0016828594776143735,0.0015822601889450283,-0.0009644774265376022
2007-04-12,0.0005053891016670864,0.0006201715966163146,0.0004582403602209073,0.0005836070971527718,0.0009228430430530121,0.001135109054991812,0.0007295499712536291,0.0008528671599488113,-0.0019482444346471395
2007-04-13,-0.00310837303693301,-0.003265905720896467,-0.003312960758027672,-0.003273907415079158,-0.002667706597502928,-0.002675744493062404,-0.0025489838833443468,-0.0025678730262472804,-0.0005833962558524641
2007-04-16,-0.0017536056988877169,-0.0017512419476486407,-0.001598681382042999,-0.0015865959052205891,-0.00034336248544308834,-0.0003025063330327482,-0.00037403567006499827,-0.00031887568780442077,-0.0019351611142940373
2007-04-17,-0.00031506534028347133,-0.00021746510346376535,-0.0005249939821110328,-0.00040476651495924276,-0.0006087206094783637,-0.0007401324123411657,-0.0006841991023955885,-0.000836553231004844,-0.00016171000686238113
2007-04-18,-0.001245458224688023,-0.0011842049377722708,-0.001297246496600235,-0.001269662324330234,-0.0010533815411926106,-0.0014696372768476795,-0.0015528473430198586,-0.0014735753790756645,0.0015060797536421422
2007-04-19,-0.001270381424535616,-0.001175967430465108,-0.0012937574828806309,-0.001163772814475883,-0.00040842892648096374,-0.000270501841157067,-0.00048446807517921187,-0.00030113000472031803,0.0018313194937638055
2007-04-20,-0.0008406222978690758,-0.0009278353600802314,-0.0009315634568524134,-0.0010557803921743547,-0.0013774165879589795,-0.0012616253446262604,-0.0011677657547424225,-0.0011564223075389846,-0.0018006017056296786
2007-04-23,-0.0014953416117678975,-0.0018568821786637546,-0.0014088908382634546,-0.0017548864474936643,-0.0019274784970942926,-0.0017238105659032055,-0.001401174112491188,-0.0013446882942563798,-0.0016257848969937205
2007-04-24,0.00011126946105721736,0.000162239332002434,0.00022312183358508264,0.0002895668361473369,-7.381222871327697e-05,-3.4480732305719464e-05,6.894642010646379e-06,3.807509673370291e-05,0.003308361524624992
2007-04-25,0.0012392649999364291,0.0012074371151689078,0.0015430837332839342,0.0014477302988180618,0.00045609638065302605,0.00038287112426549363,0.0005039113109277515,0.00032975137552004874,0.0003665168873767666
2007-04-26,0.0023486863394919233,0.002388848270707955,0.0022636128096251706,0.0022962594758706434,0.0010248208340541964,0.0010220305211781078,0.0010046670170036354,0.001011014267960464,-5.0167148458291067e-05
2007-04-27,-0.0015277238695119433,-0.0014695610976304119,-0.001538446247775438,-0.001482809320655143,-0.0014003938599995713,-0.0013868279517084137,-0.0012006923387049007,-0.001196014829962011,-0.00031940784250727994
2007-04-30,-0.0017121992222367544,-0.0016493667915498111,-0.0017364281891263378,-0.0016929311794673385,-0.000906347841463262,-0.0009708657209238636,-0.0008852081412368262,-0.000987247290483273,-0.0011167263869743538
2007-05-01,0.002056903311637104,0.0019341880455752136,0.001996767050328918,0.0018007460515032658,0.001768670878433909,0.0017096267108314134,0.0016911496982381369,0.0016853631417508286,0.000979150425842512
2007-05-02,-0.0014371859844463097,-0.001283748208303126,-0.0013179923143629146,-0.0012905977299868532,-0.00011782357120859732,-0.00010903833227771109,-1.3634168813281278e-05,4.439899595642949e-05,-0.001116659821808974
2007-05-03,-0.0015492562479174632,-0.0014913832025907903,-0.0013030515348150251,-0.0012440488888616485,-0.0015621172009300244,-0.0016191404690318878,-0.0013943787688346365,-0.0014241853201325538,-0.002099621722967404
2007-05-04,-0.0029397378765582127,-0.0028283423026955745,-0.0027062249541254246,-0.002634111374998249,-0.0026031485162792967,-0.002707747635030011,-0.0020558219850027593,-0.002116224567455194,0.0003357244459167852
2007-05-07,0.0010833662679976541,0.000956028719637958,0.0010735975824527344,0.0010433121486381758,0.00045907430856706455,0.00046017859440827813,-0.0011233862276844864,-0.000977780474818224,-5.6128199683924684e-05
2007-05-08,-0.0009718527786081177,-0.0011965917709613194,-0.0011405403370261524,-0.0011145364863512919,0.00019254441712290848,-0.00017752120570346808,-0.00031965026448066425,-0.0005714071314351088,0.003297909415768352
2007-05-09,-0.0018894478179803942,-0.0015484995033400173,-0.0014006470293017603,-0.0012496264978454352,-0.0012728549019265234,-0.001333007134497577,-0.0010767674816972717,-0.0013585628955385953,0.002588735335830039
2007-05-10,0.0033032944950242005,0.0032234920566964753,0.0030950399086255853,0.003119890140550252,0.002479963364222293,0.0025435343546242883,0.002278433943821323,0.002316737036388572,0.001641728870983794
2007-05-11,-0.0011233624669370057,-0.0010214371246541898,-0.0011732832082267386,-0.0010713465507101727,-0.00017363028519601365,-0.0003119845019268208,-2.390198699331325e-05,-4.4744456797363164e-05,-0.000495172064979732
2007-05-14,0.0021803474693677938,0.0019356208815866083,0.0016250882225927743,0.0016281422266091194,0.0021233169545744612,0.002058023811041698,0.001713828135891271,0.0015151991351607386,-0.0018738167579158693
2007-05-15,0.00286620846058927,0.0028212888455405594,0.002578895285535454,0.0024323530666967574,0.0011548933782636883,0.0008731757815894081,0.0008313251930904819,0.0007533774576826691,0.0016418997138993863
2007-05-16,-0.001052544019431667,-0.0008785663979438141,-0.0006743759924993098,-0.0003958812530160394,-0.0007606463865771351,-0.0005875248615935247,-0.0003887985374986247,-0.00012992499099351296,0.0038311567666045043
2007-05-17,-0.0014033258510441904,-0.0013783561167635128,-0.0012380128708422422,-0.0011235885684655056,-0.0012727347028653746,-0.001106388837820771,-0.001083836424794704,-0.000911898056390581,-0.000471261776337939
2007-05-18,0.00041213185023325494,0.0001723053409978803,0.0007458902615777863,0.0005273489845578627,-0.0002813435664569264,-0.0003069845862024856,-0.00035902474269433604,-0.000363974006311496,-0.00038419989700932966
2007-05-21,-3.0448477940536733e-05,-0.00013765288655775976,-0.0004476635826178299,-0.0005575485538279468,0.0003077864999161406,0.00013157313572187412,-7.010771654158976e-05,-0.00015011797750841271,0.0021512302688198037
2007-05-22,-0.0013342563068414748,-0.0016770098918867937,-0.0012861040076070918,-0.001338608859882906,-0.0032046357427928385,-0.0032260560095417334,-0.0031280798233254137,-0.0032619101370090497,-0.002438995324332671
2007-05-23,-0.00045423807086342194,-0.000552308115371658,-0.0006985279565713265,-0.00044628015054681835,-0.00032276185882151864,-0.0004452741155843709,-0.0005481193023336717,-0.0007921075222223628,-0.0019640155767775003
2007-05-24,-0.0001784000098978833,1.0930584840584956e-05,-0.0006769225436399351,-0.0004476636204856499,2.171132772921247e-05,9.906130386161394e-05,-0.00024873233276567763,-9.506547017823497e-05,-0.0014956115553843574
2007-05-25,-0.00412489488900547,-0.004013717298910313,-0.0038526734539001684,-0.003750715749395339,-0.002916345204138082,-0.0027240182076464503,-0.002656405499840586,-0.002532202445070686,-0.002259087819623584
2007-05-28,0.0002265453872143386,0.00033159811627703206,0.0003746976626568532,0.0003540426816137643,-0.0006021055689998667,-0.00048237295464304,-0.0004729304163686443,-0.00042885512079637866,0.0035398883990840346
2007-05-29,-0.00019103167340472904,-0.00019556463159808857,-0.0003266962341639257,-0.0003172666446864536,-7.138540904028101e-05,-0.0004816706600866416,0.0006094939920517906,0.0005445243524715426,-0.001856353264466537
2007-05-30,-0.005144766243251442,-0.0050456187051627355,-0.004946929745606843,-0.004932295728839686,-0.002212310992653066,-0.0019593284514582976,-0.0017820884573025442,-0.001597903770095166,0.002728229448080155
2007-05-31,-0.0028589385456625482,-0.0028574069635042276,-0.002783033783179789,-0.0028041258556209536,-0.0016204979457652424,-0.0015654156470911174,-0.001655755641197576,-0.0018164698669091983,0.0022534353153329523
2007-06-01,0.0005353645188912459,0.0018434168995185019,0.0012914554371556974,0.0012083051229085928,-0.001746627712081672,-0.0015818648497359922,-0.0003842013427760582,-0.00033309771307943326,0.0021045591021449095
2007-06-04,-0.003613803331444565,-0.0035753070882675875,-0.0008227181183003696,-0.0010041283041873905,-0.004019434250106535,-0.003762457640618444,-0.0010918812940950984,-0.000877753277567006,-0.0015036397182980332
2007-06-05,-0.0007565841020457098,-0.0008090625904079163,-0.0006909351494878146,-0.0006033997759079535,0.00020076599562957043,9.82351232805545e-05,0.00030310536530930854,0.00016706693041368403,0.001195515360001842
2007-06-06,0.00097376096583357,0.000753721492050774,0.0008813372600062763,0.0008309170084193074,-0.00016414481204074516,-0.00017530412650224036,0.0002913020048436188,0.00030061743940823504,-0.0006538142388480273
2007-06-07,0.0012246470709871282,0.0010159979885600023,0.001053473115893544,0.0011041037076884308,0.0007927429499501315,0.0007992538916801184,0.0007085819039609476,0.0008243094125368611,-0.0010844118299263572
2007-06-08,-0.0010089806261561751,-0.001011197531460395,-0.0009785044090870887,-0.0009238836390190741,-0.0011341942879562472,-0.0010895366206968848,-0.000340168395650875,-0.0001987354817585274,0.004631537220937565
2007-06-11,0.0031335053793599688,0.003187470546592408,0.00337835036339329,0.00332747627082286,0.0027518516264528614,0.0028561953806027773,0.00341389251396107,0.003535684945457973,0.006395380704358633
2007-06-12,-0.0006100059760126841,-0.0007176234549695071,-0.0014625389219057316,-0.0014971768234880445,-0.0008702153339288365,-0.0006999310495932054,-0.0010445975382471495,-0.0008727402975239329,0.004240809545463353
2007-06-13,-0.0013857839116814263,-0.0013707861571472524,-0.0013349923883970716,-0.0012526750530581499,-0.0007863337054149211,-0.0007103296405972515,-0.0009161525753328403,-0.0008080232779399399,0.0007827718638089287
2007-06-14,0.000264137128029418,0.00023030154651748624,8.829249298192288e-05,0.00014049943221694505,-0.00023995294823886404,-0.0001489620777123113,-8.927334254704711e-05,7.194518052466847e-05,-0.0002728943536366435
2007-06-15,-0.001742951669626902,-0.0018407798652241292,-0.002193714669110003,-0.0021869958559469493,-0.0011979852404322422,-0.0011280714623952415,-0.0014541353247226052,-0.0012723366421286686,-0.0007419820703061797
2007-06-18,-0.00010694351833806515,0.00021726880093519974,0.00010851396212530062,0.00028279237875872276,-0.001401957775401308,-0.0012894406858092733,-0.001313978429302809,-0.0014023651441207319,0.0034267388368023344
2007-06-19,-0.00014405920691418217,-6.068955105131835e-06,0.00012559915159626733,-1.2339784189574488e-05,0.0006727768925514077,0.0006646660168347918,0.000723430920246626,0.0006510830949777446,0.004822194092939158
2007-06-20,-0.0010486032541946466,-0.0008622343329086624,-0.0012280082414916071,-0.0009903606390839759,9.471931360072183e-05,7.76032507967539e-05,-0.0002286537282747414,-0.00014321587060117658,-0.002704594309072772
2007-06-21,-0.005439272992357358,-0.005496626599925558,-0.00536196793625443,-0.005263765946434962,-0.00450939770763592,-0.004490609546978552,-0.004245341575498052,-0.004242318466845529,-0.004383882296133734
2007-06-22,0.005280148680454122,0.005244016459296619,0.005165892022448659,0.0051176940312176455,0.0033541267465568847,0.0033584268850346266,0.0032296615566862474,0.0033266639785287655,0.0034786083830367076
2007-06-25,0.003946600059665961,0.004071763294654085,0.003968249053570405,0.004174595119347035,0.0023331328685085584,0.0021396183697748317,0.0021958346227746173,0.001981533696599591,0.0051426679519577245
2007-06-26,0.0020481790842492575,0.0022702567177010913,0.002084100158067148,0.002243199744881963,0.0025638201494169177,0.0024988985315816947,0.002213038007891077,0.00210858754279708,0.0045764935085166325
2007-06-27,0.002415759948676044,0.002499324519977586,0.0024251757047268896,0.0025313575405296884,0.0023117673546710904,0.002199894866226515,0.0021964673197780726,0.002090626201258994,0.00019910123244026856
2007-06-28,-0.00960681277123887,-0.00935988740852245,-0.009393920686193713,-0.009035631725146653,-0.006535936370032136,-0.00640118687899105,-0.00620836016726245,-0.006277653301484887,-0.010585982431756236
2007-06-29,-0.00444210971855552,-0.004228056834468363,-0.004320415876909234,-0.004068199425082519,-0.0034956900291472914,-0.0033036157911304764,-0.003477428109920022,-0.003080066527260228,-0.0038842760207636884
2007-07-02,0.0012042634956737075,0.0013429760622507558,0.0012285655671939733,0.001360649768679778,0.0012573515514258116,0.0013406410857985662,0.0012742809308630143,0.0015205036723762166,0.0024441859847041947
2007-07-03,0.0016970412454677675,0.0016912737963794555,0.0017830232719886485,0.0018669427284041529,0.0009175458781647272,0.0007487040383011845,0.0010921479718997151,0.0011216611989104397,0.002187817744726095
2007-07-04,-0.0027308175081424135,-0.0027822234252540268,-0.0027670724127741853,-0.0028094571845973526,-0.001375485917589514,-0.0014478077609724194,-0.0016427279930976146,-0.0015127392768382597,-0.0018623403257338467
2007-07-05,-0.0016180952987325803,-0.0017940238392754049,-0.0016203890570891666,-0.0017904416497427356,-0.0013428295874440277,-0.0013800254500062614,-0.0008583378080458948,-0.0008887694354783315,-0.005205588331048339
2007-07-06,-0.0002446760019766403,-0.00011602092873375103,-3.184421014179595e-05,9.813090308830041e-05,0.0007467361494986058,0.0009624712128375457,0.0005200354234877747,0.0008043618604931524,0.0011876143495979097
2007-07-09,-0.0024501539215960877,-0.002523009103267526,-0.0022252788362540077,-0.0022892915749256337,-0.0011926923465102046,-0.0010683651975587072,-0.0014859573559252715,-0.0008792034197773191,-0.003644426864897632
2007-07-10,-0.0015176987528497943,-0.001241380537853165,-0.0015722056201928902,-0.0012877976158303106,-0.0010102868482302352,-0.001080927715612523,-0.0011645155346539093,-0.0010136146007172497,-0.0005293266666078766
2007-07-11,-0.0012968555604295773,-0.001372775495653844,-0.001408277614665443,-0.0014307171606957603,-0.0014471960240916015,-0.0015036754310834288,-0.001451386758813844,-0.0014844814126915296,0.000215434529217573
2007-07-12,0.00029376559683558234,0.00035869930348697565,5.3127288123899774e-05,8.35614812138008e-05,0.0011833317568139545,0.0011030525658382029,0.0011647011258246742,0.0009287949090337477,-0.0005541269065283405
2007-07-13,-0.003717320550659764,-0.004120785828011009,-0.0038499671683692727,-0.0039717159607362,-0.0024736100422658724,-0.002534446148434233,-0.002618402095587502,-0.0025560878980458446,-0.0015880914872096197
2007-07-16,-8.0560620126513e-05,-0.0003637971406365015,-7.995490579804088e-05,2.1341653167805674e-05,-3.110961719754446e-05,-0.00014435130974621568,0.0010525444209079637,0.0002197038014142283,0.00298440750286999
2007-07-17,-0.0036970391870878583,-0.0037925689763556036,-0.003721956098528323,-0.0034717094487309863,-0.0022229993757422184,-0.0022494045043182087,-0.0022201159796229053,-0.0020180943097548587,-0.001509010762247076
2007-07-18,0.0015206607014970341,0.0017249209248326736,0.001459167407018569,0.0014839449143762007,0.0007293401519863352,0.0008111748872594582,0.0006835296920537637,0.0007114625869526492,0.0023534952060995096
2007-07-19,-0.0022017229277380146,-0.002161452974596356,-0.002346378911756819,-0.0023587311142075906,-0.0005184343863279262,-0.0004895835494561629,-0.0004901869745123077,-0.00046195119903835735,-0.0017237368645530715
2007-07-20,0.000193618704694698,0.00020479014899388304,0.00020162034304083143,0.00014138658859930153,4.6013954785539823e-05,-6.352835964562598e-05,5.474280403516829e-05,-7.048133891662811e-05,0.00044761698348927403
2007-07-23,0.0058095624125025225,0.0058773652320420755,0.005790584270768173,0.0058251456772080434,0.0036229823761273483,0.0035440575692151643,0.0037731382353130005,0.0036243398783815106,0.006477633697112406
2007-07-24,0.003922793121298174,0.0038076135379259135,0.0038114928528836245,0.003700985180979055,0.002660147810441771,0.00267209400933921,0.0025887830282267377,0.0025933737915657673,0.003243977602828796
2007-07-25,0.0015712358958779316,0.0014726901760686584,0.0014292607200818708,0.00143684812417888,0.0007075798063835848,0.000735210643289852,0.0005315066497537657,0.0005642003888037816,0.002682261760528215
2007-07-26,3.628847901593346e-05,-0.0001495654478740338,0.0004625870990220271,0.0002964310019497596,-0.00035797369350032415,-0.0005198640137700217,-0.0002283930643653953,-0.0002781584370057377,-0.0008999174138963895
2007-07-27,0.002583456352389213,0.0025109871501167724,0.0025368559338421193,0.0024596783269412725,0.002498354678613035,0.002391063950632155,0.002553688814178834,0.002498773774771035,0.001218351578500254
2007-07-30,-0.0038486325649395026,-0.0038300714702835803,-0.003925674785831168,-0.003818310102320699,-0.002137057715532853,-0.0021004156696057263,-0.002344444574070792,-0.002509249242630962,-0.00535752610040785
2007-07-31,0.0019264930348876774,0.0020032054509095953,0.0017417026483097509,0.0017833663849327053,0.0013414075319890806,0.0015300163686504664,0.0013975184972703225,0.001313340340020508,0.002821241813844688
2007-08-01,0.0016834782018453343,0.0015802614493418687,0.001704444652598447,0.001593420236164933,0.001643298827086026,0.0015506566540570699,0.0021672628092086477,0.002059042359355834,-0.00030083779605760697
2007-08-02,-0.007378953813563571,-0.007195551575822523,-0.007388189823364422,-0.007171139763980872,-0.0050630934874509315,-0.004825563979289904,-0.004819184913448016,-0.0045579098358579095,-0.010536888525315535
2007-08-03,0.006853162720438233,0.00641137945363357,0.006960427532342273,0.006486536750323291,0.003045000469341641,0.0026677773430456853,0.00303803095820121,0.0026238667829687756,0.006001788157033339
2007-08-06,-0.00017415644482343673,-0.0002573354905210934,-0.000375660925764687,-0.0004576141503429554,0.00020456030078341847,-0.00015112553870544332,5.947258528093968e-05,2.157327065988035e-05,9.104585140762289e-05
2007-08-07,0.0034896347503852176,0.003372474808433168,0.003647684113539107,0.003511580215962873,0.002092990506772141,0.0019585825096160026,0.0021180239809781565,0.001836217333921475,0.0038683908618690754
2007-08-08,-0.004684816373085932,-0.004582539713738343,-0.004205964312173793,-0.004263259759363702,-0.004754312030428975,-0.0046559711190746755,-0.004445153384540768,-0.004304402593123258,-0.003598417523225206
2007-08-09,-0.0004653449267219001,-0.00033675680457612156,-0.0004439986799235074,-0.00031246705472698366,-0.0016054824738755968,-0.0014999546296041721,-0.0009262940595503588,-0.0011694403034485656,0.0025392291443970816
2007-08-10,-0.0014859530142639077,-0.0016688333885246376,-0.00164173224470332,-0.0018217187991282913,-0.0011152314292406373,-0.0011700375230918603,-0.0013625984751179931,-0.001457894077992683,-0.0021090666181128315
2007-08-13,0.002728025648503385,0.0025797453079083876,0.0025833269950217286,0.002460283242272654,0.002364325701224912,0.002513382704440792,0.0021579275415439803,0.002348294248172289,0.0010849058722881555
2007-08-14,0.0009497346447371324,0.0008717594931051398,0.0009091770576412639,0.0008467856132401419,0.0004554373504184195,0.0005107635693777368,0.0005610138993479286,0.000619416838667286,-0.001153480657627659
2007-08-15,0.000696883745713972,0.0006265626233366017,0.0005720296752615983,0.0004804900502974885,0.0001482299514894425,0.00014120853020083146,0.00023393206268096378,0.00018630064918978562,0.001275548767772916
2007-08-16,0.0010453035251611897,0.0010399921005170842,0.0009882088712411807,0.001071806146142329,0.0014590315686155986,0.001627499918634312,0.0010958239556266847,0.0012970866553962956,0.0016081633803977091
2007-08-17,0.005657755688124322,0.005570041067034293,0.0054096881904415195,0.005335058468677323,0.0060089330761683435,0.005816053625404383,0.005576442332149378,0.0055190297707279345,0.006332397698074921
2007-08-20,0.00046116424310671533,0.0004968031560488306,0.0005542600144590182,0.0005536077451524513,8.416050748749626e-06,0.00010506417438294058,0.00010194315529954423,0.00010490178039179732,6.863568613457716e-05
2007-08-21,0.0010853959569394611,0.001187488169953621,0.0010796853810113305,0.0013125423333908426,0.0014278299902061864,0.0015333208871419757,0.00141721602549838,0.0015221513627978744,-0.0029390692105796257
2007-08-22,0.0023001317920277042,0.002111672601275316,0.0021820188918701966,0.002133065611990226,0.0015786883482529213,0.0014716976547965999,0.0016182042842720623,0.0015059153884851018,0.0033431490171527134
2007-08-23,-0.001160870500801936,-0.001079561357471337,-0.0010023675575279167,-0.0009467908342128961,-0.0010005188868403847,-0.0008679983903966404,-0.0009279235861626711,-0.0008501266916197681,0.00036782473350305267
2007-08-24,-0.0010169930479013711,-0.001033161865046206,-0.0008145860758795864,-0.0008536678632897754,-9.952959447878662e-05,6.807039444622909e-05,0.00015138391675639795,2.4100125221693247e-05,-0.0016742420542454894
2007-08-27,0.000668476027028353,0.0009694228612568967,-0.0002802465552631528,-1.9300934375188206e-05,0.001453499855539775,0.002000199518378487,0.0016344548053179864,0.0019274101995474524,-0.0028020841984179867
2007-08-28,-0.0022288454050837236,-0.0020377423910744596,-0.0026153481137427548,-0.0024130232052648193,-0.0010637192186689903,-0.0009491681972720878,-0.0010406438710632848,-0.0009786522633867811,-0.0044881120235708005
2007-08-29,0.0008368094968906892,0.0007399291239669203,0.000746823986127243,0.000642623931990105,0.0005584199518289257,0.0005715074489642813,0.0004913187449677725,0.0004614514015874871,0.0006988176968909521
2007-08-30,0.006431041979322094,0.006264205558468516,0.006669227419939583,0.00646175370148816,0.004965013943839303,0.005459446256795175,0.005413925949745435,0.005199005050985139,0.00562284256201373
2007-08-31,0.00013853522744389224,-0.0004838924079949569,-0.00045561452208287,-0.0004549625868593976,-0.0002994994678895413,-0.00025825888265462726,-0.00036692241031588413,-0.0003317981384723945,-0.0008553771851241843
2007-09-03,0.0013764001748943766,0.0014350455888709757,0.0013530205554315167,0.001502927430309109,0.0012180725795769565,0.001318056128348788,0.0016068448337482888,0.0015201740379642281,0.0035724896910542814
2007-09-04,-0.00024590794707302077,-0.00024685478365626956,-0.00032498446809314796,-0.00031598502686414065,-0.0010292687029006542,-0.0009734747709714275,-0.0010180674271733636,-0.001101780550265108,-0.0005259535063419918
2007-09-05,-0.0016021840470024085,-0.001244997941557524,-0.0016461209302214286,-0.0015792617636583017,0.0004866517432788875,0.0006984516913948191,0.00026694743536337384,0.00022007861555817243,-0.0026530302259680782
2007-09-06,0.0005598829617714518,0.00048380584132479143,0.0008101754307765496,0.0006874481800827059,-0.0007773035149643004,-0.0010087360058880224,-0.000591877225206372,-0.0007358228744877016,-0.0022352646657894937
2007-09-07,-0.001149617098763489,-0.0011220832512968126,-0.0011637636938248708,-0.0010049506757937587,0.00016631067941696998,-7.261587175289019e-05,4.302254531229899e-05,-7.568255312095928e-05,-0.0003699317176325545
2007-09-10,0.0013497770255630481,0.001239175302555573,0.0010664973475384976,0.0009023141566011361,0.0017665768797794357,0.0016491215334957232,0.001733607068109766,0.0014204441891612074,-0.002028938504972766
2007-09-11,-0.00011154420821457567,-3.035481370106119e-05,-0.0009936621062931472,-0.0009269083970159242,-0.0004569216713073976,-0.0005767391713136227,-0.0004997111485420813,-0.000636177367746793,0.00021354544101837014
2007-09-12,0.0009723420823966045,0.0011254458814753399,-0.000994920039260383,-0.0009315136047461925,-0.0002453648958696819,-0.00015634559872268472,-0.00019747899365785138,-9.98581050691838e-05,-0.0013747237717087746
2007-09-13,9.506346891430262e-05,0.00010652553337786586,0.0007747536085267459,0.0007719941214010539,0.0003546571003643084,0.0003000875021546001,0.0005746860974378265,0.0005059271957941203,-0.003443797943367799
2007-09-14,0.00633361580615488,0.006101049746484399,0.005972810341992707,0.005678344310449113,0.005695254232376046,0.005540325145037661,0.004963473384600903,0.004736832938932789,0.006300836047234304
2007-09-17,0.0031715083513201847,0.0032022959608040136,0.0027995093980697217,0.002741506100966351,0.0024313750388396116,0.0022946882568828375,0.002158591162904955,0.0020609055279026123,0.0016362378140322154
2007-09-18,4.40391717244637e-05,0.0001612111382600645,5.9408246349867966e-05,0.00011679629667837865,-0.0010896026354577648,-0.0010827667721039491,-0.0008167479949257039,-0.0006559420425639173,0.001960202684528012
2007-09-19,0.001405519968758151,0.0009573630137440503,0.0010217869248327904,0.001139733817618671,0.0012725363486278951,0.0012976503317820853,0.0009806011209130272,0.0010662966400551976,0.002280349053069619
2007-09-20,-0.0007947605887874687,-0.00041104917741885405,-0.00023404676574423355,6.179732308631003e-05,0.0003138364203614241,0.0005407791765317249,0.0007719543768414106,0.0008699532291234213,-0.0001899721755038719
2007-09-21,-0.004680117979000253,-0.00464585903271586,-0.004992403670644019,-0.004906705648634491,-0.003327069771048241,-0.003142437860754632,-0.00336784087031361,-0.003247524705888405,-0.0049437843534223536
2007-09-24,-0.0010385471785082645,-0.0011825418983312241,-0.0012407960479966507,-0.001381679763445831,-0.0012102272001570658,-0.001409500349968007,-0.0011625980531073665,-0.0012493007632958797,-0.0011143307956107407
2007-09-25,0.0012313605545470896,0.0011985645572114567,0.0007833296240771226,0.000896131395042854,0.0009330630950228347,0.0008265596140322184,0.001142930181322832,0.0011641403046285248,-0.0003578770805533482
2007-09-26,-0.0011679987333996777,-0.001082058707520206,-0.0006189997614808318,-0.000504415809465808,-0.0020038734002065794,-0.0018664094342838444,-0.0018327785608561742,-0.0019764774756392267,-0.002665692105741857
2007-09-27,-0.0011482959807775917,-0.0012722194150320831,-0.0015259919245095288,-0.0015236346266869205,-0.000705951420136075,-0.0007702505305525742,-0.0008104981987602233,-0.0006039893857954226,-0.0011947628957630352
2007-09-28,9.736692176609552e-05,0.00011299297577238576,6.415657692837584e-05,8.230883675497402e-05,-0.00015134199502875312,-0.00019004390796928394,-0.0003271025782939363,-0.00029545260346441893,0.0011110572483954417
2007-10-01,-0.003678440001286809,-0.0035128513222124624,-0.003969710789096581,-0.0037612796056972764,-0.0023620546910655404,-0.0023710268360330744,-0.0026160054505586228,-0.0026385103755476313,-0.0013744229140186803
2007-10-02,-0.0030567154933233143,-0.0029739616390259682,-0.002881177251004896,-0.002545280351532342,-0.001625341725600804,-0.0013351544167686802,-0.0014860120323741954,-0.0013539712382678593,-0.0034284043871029013
2007-10-03,0.006504958127766081,0.0065371455669804845,0.006066488333114073,0.006051599613627001,0.0051629376078441425,0.005050770009836114,0.005218509307322927,0.005186270559954798,0.009324542014563342
2007-10-04,0.003299388163485961,0.00339020043050664,0.0029133371357528137,0.0029577181024804666,0.0034943159003428814,0.0033756101982957976,0.0036932735323591537,0.003692335198369978,0.002744314981971474
2007-10-05,0.004283212942206571,0.004266528706836192,0.00436429032350838,0.004348274763221083,0.0037914382662485036,0.0038025574638840265,0.0038603413172952905,0.003944806631658526,0.005045112071837554
2007-10-08,-0.003374143821929465,-0.0032091439590488102,-0.0031468422914732175,-0.0029782640464821597,-0.002954965323648695,-0.0030763602290299064,-0.0031143549897028056,-0.0031719347240962703,-0.002756811585144403
2007-10-09,-0.0021638714002051307,-0.001979717974150863,-0.002125000696235557,-0.0020709572349421057,-0.000725309947267383,-0.0005968483175520234,-0.0006764423102949557,-0.0006820933659329453,-0.002633740469070056
2007-10-10,-0.0020292756542122925,-0.0018764233495071059,-0.002077337323738604,-0.0020492349414429345,-0.0013811701809416377,-0.0014067127752138697,-0.001383152621884487,-0.0013614333446426707,0.00025688492083375536
2007-10-11,0.003719357138885826,0.0037973569075069324,0.0036726496480847803,0.0036983648311574857,0.003531415876868449,0.0036564202183013705,0.0031926149065406584,0.0034039974259800765,0.0024086459739367516
2007-10-12,-0.002217868500561604,-0.0022519088080461547,-0.002270175091054094,-0.0023637372906023524,-0.0026283311320980385,-0.0026021752824900712,-0.0021333257828581864,-0.0021350104246968815,-0.0012839613567942054
2007-10-15,0.00047548681696985007,0.0006616837416346666,0.0002767499818929764,0.000469858175059068,-0.00044999144702906335,-0.000322680588952573,-0.00019676366352361363,-6.88847615458732e-05,0.0031615670631395254
2007-10-16,0.002077202102105158,0.0020812067472812945,0.0020416039088617666,0.002128891434523439,0.002135440446497272,0.002249343426035777,0.0018789343939829006,0.0021028760130774593,0.0008441222541906157
2007-10-17,-0.001963536016323486,-0.001806579517175333,-0.0012231578692085687,-0.0010893024410886243,-0.0015936118516372,-0.0014702738640153257,-0.0014874334283557777,-0.0013774098523460232,-0.0005064924865156861
2007-10-18,-0.0008197612384911457,-0.0006998867747217696,-0.0008088418659446539,-0.0007800661708006196,-0.0005886248469109123,-0.0004897584192089521,-0.0005310590179422592,-0.0004318936479154045,-0.0029043173427242275
2007-10-19,-0.0030618055933929744,-0.002999991263317958,-0.003127710594179267,-0.002914202494997964,-0.001322057419231526,-0.001192445247632734,-0.0013473255139909712,-0.0014000840158302497,-0.006001003209776479
2007-10-22,-0.0038261579529292877,-0.00362075765097003,-0.004854380945870318,-0.004662624922680436,-0.0025111008669158608,-0.002205719316319632,-0.002730966752158004,-0.0023551862704266346,-0.006294829301373817
2007-10-23,-0.00448929485294125,-0.004637228971934748,-0.004415374966883379,-0.004597726124671686,-0.004674015060532888,-0.004895252106214887,-0.0046390948883227034,-0.0048956138216943446,-0.009362165426457625
2007-10-24,-0.0023063661607436448,-0.0020626213350045663,-0.002103389192736227,-0.001888942534398974,-0.001137464656759235,-0.0009517556556063456,-0.0007506424387712096,-0.0006400646087730832,-0.005323664794195104
2007-10-25,0.0036662788831576254,0.0034985052423910368,0.0034752699423252764,0.003284694001823407,0.0014747432806301308,0.001492476484564298,0.001532635683321626,0.0014104864114965476,0.004578503809476775
2007-10-26,0.00031541133204826544,-5.0980702400504896e-05,3.0095522477902037e-05,-0.00015308191365948076,0.00019416114242698512,0.0002553752583998037,-0.00015753758265835138,-0.0001338363335050552,0.0013867388539081649
2007-10-29,-0.003948393336168143,-0.0036540539369146474,-0.003598852906230743,-0.0031498128264458858,-0.0026770996188508756,-0.0022398588233973893,-0.001868252943261206,-0.001589292935312292,-0.002535809929664734
2007-10-30,0.00317237008789073,0.0030391140785190895,0.003314912909215817,0.003229940396277886,0.002132580059653,0.0018945039002533637,0.0019638021340919742,0.0016910811363410883,0.003026507112488197
2007-10-31,0.004066145543449418,0.003740415607363934,0.003796748892619606,0.003441064258690618,0.002123732695167968,0.0017674678173704716,0.002088471189982233,0.0017510905799780208,0.004606803931277215
2007-11-01,0.003452337032035846,0.0033257670893058755,0.003505376388667658,0.0033467460753437983,0.0014183677745276402,0.0013112074537890983,0.0012985657205506485,0.001174566439834157,0.006956732721720815
2007-11-02,0.002076223920670195,0.0019241094906550238,0.0016181178809642205,0.0014752613159974004,0.001694156306037975,0.0017627430692881418,0.0014153517571153795,0.001459735028219722,-0.0007688445221926132
2007-11-05,-0.00038468192586427197,-0.0003229978296948044,-0.0004843657658184508,-0.0003967093506532793,0.00019095731902529778,0.0002428914320797837,0.00011096388575970728,0.0001525465553575689,-0.0009841616621960592
2007-11-06,0.001326632317077081,0.0014837651301087273,0.0013993918931238802,0.00141940234222937,0.0009060740404336354,0.0008739303113431962,0.0011695070912323136,0.0011600387497179288,0.0025026281083155855
2007-11-07,0.0036470035893128028,0.003694867953464076,0.0036430843808246127,0.0036741127946935404,0.00243253769071905,0.0025315429741217255,0.0024550757787300537,0.00244328714010722,0.005959027519183202
2007-11-08,0.004216209227930534,0.004286134982249612,0.0041426684413221615,0.00421283552673013,0.002518057486216918,0.002638532940124394,0.0023800608192099393,0.0025189790170869752,0.005551440691943688
2007-11-09,0.0003654522655351933,-0.00010632197317550496,-0.0001688994873737526,-0.0005496618502039974,0.0012240958057923024,0.0010572587003603306,0.0008261633540147528,0.0006983472536863378,-0.0015709382919559811
2007-11-12,7.664508808780113e-05,0.00015654749701066173,1.3487666150835409e-05,5.653061242183455e-05,0.0008513315750304784,0.0008310474155794889,0.00039644876912015015,0.000384663471709068,0.0009315811501735549
2007-11-13,0.0021417130237761928,0.002267924441850866,0.0022109478952583306,0.002150869642936426,0.004575660412822868,0.004424098848987423,0.003917434388837515,0.0037889300532150116,0.0011121707285606242
2007-11-14,-0.0017517964245316042,-0.0017423722316630696,-0.0015971482617403998,-0.0011078100596310092,-0.0007949806665881187,-0.0007177902400500313,-0.0004376324133098519,-0.00022801675188477422,-0.0019771179848098175
2007-11-15,0.0006454384198315566,0.0005470998423149354,0.000593874614421841,0.0006291863006444576,0.0002565908967999686,0.0002952340642068396,0.00029580565926434765,0.0002764364813592213,0.0008911279821690599
2007-11-16,-0.004501872812432084,-0.004592213791703714,-0.004689147538588623,-0.004695575441442279,-0.0037367332961308897,-0.0037400038352228826,-0.0037860477448545815,-0.003902294386111338,-0.004561198923500265
2007-11-19,-0.0016277860924799326,-0.0015370848264745218,-0.0013267445569404845,-0.0012300277451776642,-0.0017400553870174917,-0.0017516185427247644,-0.0012385386926585529,-0.0013248596314430205,-0.003713222813549799
2007-11-20,-0.0005678323483050418,-0.0004820334527482206,-0.0003747908269929878,-0.00034345514190836646,7.325245339484532e-05,6.532012137849819e-05,-0.00015179321240954557,-6.0257632711890885e-05,0.0013754211853309606
2007-11-21,0.0032911629472016646,0.0030990221134028495,0.0037036853610517007,0.003440931422643123,0.002925248040084538,0.002661858901080505,0.0027356438233083757,0.0024944852147130714,0.0032991975343081847
2007-11-22,0.0008808347796289695,0.0007745732130801652,0.0008637454553606094,0.0008252676745001963,0.0008930078070787939,0.001129554320512538,0.0013160221090382507,0.001276493744455598,0.00028777774095556374
2007-11-23,-0.003202009754223467,-0.0033445082153357175,-0.003548638288688122,-0.003802503288909187,-0.002674182061891517,-0.0029876591964770327,-0.0031358216454034915,-0.003160118211427365,-0.0037374846096189795
2007-11-26,0.006287357204267652,0.006353875299598188,0.0060534150694888655,0.00605964085814148,0.004968276701546648,0.0053052885933653204,0.004640757224086078,0.004824901218929423,0.0072917158180820785
2007-11-27,0.002669688429010053,0.0029344843692555855,0.0028327610248950474,0.002996125165747987,0.0015269231598851185,0.0019897429172477388,0.0014171103293378895,0.0016962712258961066,0.003429656955014071
2007-11-28,-0.006461113091535187,-0.006495777907574496,-0.0065996062200459615,-0.0066049111593907694,-0.006522868586056885,-0.006372847390728853,-0.006543917054043891,-0.0064443355559202775,-0.008838178769469573
2007-11-29,0.0008276677156295875,0.0008805379511023226,0.0011057092720174744,0.0010966250505430875,0.0005643330159208482,0.0006330359944091146,0.0004593362123079814,0.0005843017899054281,0.002944031589916518
2007-11-30,0.000769667748519387,0.0007748995385934432,0.0011235605551112027,0.0011762988466827995,0.0006588638804405633,0.000705585615284221,0.000750475197383027,0.0007696385162012653,0.002548717942909784
2007-12-03,-0.0014148483801895706,-0.001374787408790934,-0.0014262642595588293,-0.0014429212557848237,-0.00017493932076972918,-2.89068377972157e-05,-0.0002998359974567544,-4.414557090570703e-05,-0.0011438727856744046
2007-12-04,-0.001374683331558546,-0.001360891891153293,-0.0016456237959560083,-0.0014679390562242212,-0.0030909430434773455,-0.0028803983826510837,-0.003027896227415394,-0.002793955588747621,-0.0002830265070951077
2007-12-05,0.000757746056871067,0.0005537678977716176,0.0004183074863612912,0.0002669557512315901,-5.6310487054567204e-05,4.4547830398977695e-05,-4.089117443983881e-06,0.00011111582878764459,0.002121298013543216
2007-12-06,-0.0037068823844722543,-0.0033086021127743948,-0.0033060055427078794,-0.003105504913686774,-5.824132710752217e-05,-0.0002990794196330304,4.4115171399905506e-05,-0.0002279811103303997,-0.002192352166154321
2007-12-07,-0.0005047145345159487,-0.00045979996075096174,-0.00021157307314512153,-0.0003024263812181349,0.00015372047943462697,0.0003375278063533216,0.00029970468677587014,0.0004560193620082309,-0.0019406828852791547
2007-12-10,0.0021830048878801467,0.002195586490993051,0.0023436747796368174,0.0022883477463389035,0.0017874288944148553,0.0016826710755855068,0.0017134514369701037,0.0016953569284572367,0.001815301932724056
2007-12-11,0.004533568512627539,0.004325082258547663,0.004277629894647861,0.004236860670101095,0.003876414421046137,0.0035164504765923255,0.003680584096965145,0.003499142000564115,0.0046765712723964015
2007-12-12,0.0014703216716662748,0.001621669161901318,0.0015543913324915781,0.001590628932718774,0.001628463582883155,0.001965062078691071,0.001589305954809106,0.0018377098703667993,0.0018938444056961767
2007-12-13,-0.0008730095345725886,-0.0008264203656862534,-0.0007519871113551568,-0.0007579779821944577,0.00036015487990748163,0.00042945281150297276,0.0003675396185698343,0.0004906469831442717,-0.00042989285309413816
2007-12-14,0.0026532303283142156,0.002724113694655861,0.002739004549520363,0.002820187857779821,0.002444954134371402,0.002429995985581357,0.002480509554682042,0.002322048161546686,0.001175926230466251
2007-12-17,-0.002197796566447807,-0.0019758880266759205,-0.0022395685609598592,-0.0020003498506220296,-0.000580862097913859,-0.0006917004362421153,-0.0005858697218233955,-0.0006641839354274426,-0.000995233982903132
2007-12-18,-0.0023464475479649805,-0.002041639337534873,-0.0022277294097955425,-0.001852274473444937,-0.0003760042414705511,-0.00041524301517781304,-0.0001937695302124398,-0.00029085444656695714,-0.0031129906269605767
2007-12-19,-0.001291376354717988,-0.0011359289610023415,-0.001088567009168817,-0.001022376433359784,0.0004110342093384123,0.000409632112189362,0.00035783385538334933,0.00028840829508047783,-0.0017913684379581296
2007-12-20,0.0007454819437959781,0.0008875947672941642,0.0011043360272473546,0.0012524442916501677,0.0015946776461157608,0.0016085282529816336,0.001712786127459287,0.0017597070530308567,0.0027080426768093524
2007-12-21,0.004216800430073109,0.004311740680929876,0.004090660727992246,0.004089054321927632,0.004717807862701262,0.00483119607527871,0.004410900916065108,0.004578569906540597,0.0010231989358313598
2007-12-24,0.0021059000969705366,0.002067991507370248,0.002344694075337772,0.0022737684969886818,0.001058081319698756,0.0011223818389674012,0.0011291829169997047,0.0010613375601085107,0.0028970034327802097
2007-12-25,-0.0001836164793460604,-0.0001303207960535735,-0.00015563493511350224,-0.0001257889190559025,-0.0010418699197254355,-0.0009795835815893383,-0.0010167887524618058,-0.0009622424268859175,-0.001588601960760494
2007-12-26,0.0022396577632310954,0.0020096583095561282,0.002198413659150189,0.0019346696872948321,0.0021099552420718037,0.0017595118365709705,0.0015975364300384598,0.0017309761195078988,-0.0006409355439306319
2007-12-27,-0.0018338350658715363,-0.0017382095295156441,-0.001754635868024157,-0.001731910905574674,-0.0012877269834682403,-0.0015269255616053856,-0.0009679573547283216,-0.0011338484096170554,-0.0002692747850724375
2007-12-28,-0.0023558679608197686,-0.0024421825580641654,-0.0024643714371964665,-0.0025477986757322935,-0.0024803043554297854,-0.0025593377554938845,-0.002508413835120016,-0.002643845453162319,-0.0013804219568727127
2007-12-31,0.005788636753439436,0.005620128915981626,0.005675213307662297,0.005618617793265113,0.004409280473192556,0.00423854508909427,0.004192348050905403,0.004157839011531106,0.003784049843199133
2008-01-02,-0.00667796330204995,-0.006643065066175291,-0.006798496344635141,-0.006860283191267524,-0.0045067527486223335,-0.004794682741155909,-0.0044074430582382584,-0.004752115965023007,-0.006232567907718423
2008-01-03,-0.0019073372302605973,-0.0018437744445380932,-0.0017755320983381395,-0.001728017807798965,-0.0019514268250974132,-0.0019032946972958875,-0.001817113537033399,-0.0017755961895383754,0.001455663686908082
2008-01-04,-0.004286343782669455,-0.004202097747991407,-0.004108083570449228,-0.004008720980684277,-0.0038018935754433603,-0.003774151025187633,-0.0035665688345188906,-0.0035133278765580034,-0.00317960724647115
2008-01-07,-0.001316058551750543,-0.0011934345678180636,-0.0013125838763768938,-0.0012647144997505189,-0.001347155778392728,-0.00118199068402558,-0.0012739339174643316,-0.0011626080699373986,-0.0012125513264104049
2008-01-08,-0.0019945302094480644,-0.0020453710203562903,-0.002203638105740091,-0.002330865823659267,-0.0013044541562687861,-0.0011107932440298507,-0.001228749182151323,-0.0013817893416211424,-0.00044889169368145243
2008-01-09,0.0008635900877482783,0.0010719756701174088,0.0011509938760339011,0.001388317832005992,-0.00018202081038631857,-0.00016723800894002938,-0.0001660294482477287,-8.638498096114056e-05,-0.00022405102565947743
2008-01-10,-0.001365307382612757,-0.0014035006756160096,-0.0011722011919250708,-0.0012879597316355351,-0.0008422707585523659,-0.00039901431871047777,-0.00046765236615331496,-4.29512056270287e-05,0.0002137480553632276
2008-01-11,-0.00148549228985706,-0.0015512715380037179,-0.0013708321744861918,-0.001456646284686447,-0.002109129888324013,-0.002102681848688781,-0.0017866055197816033,-0.001743607504361866,0.0017238192753663562
2008-01-14,-0.0007694299897765822,-0.0007518456422064279,-0.0007922334214064408,-0.0007117725950683829,-5.940620085831405e-05,7.189355687420296e-05,-5.4251133307925414e-05,-8.343755062989455e-05,-0.001566650379968837
2008-01-15,0.0009809009321173345,0.0008804492413689857,0.0005502514324116081,0.00045238387517132495,0.0015096362376383343,0.001408342698326459,0.0013787498856001612,0.0013443277797202668,-0.000311416528411379
2008-01-16,0.0011938202963426292,0.0013284978111234302,0.001380531986127087,0.0014900770378016848,0.0009551453816925015,0.0011639143204815738,0.0010527679924019484,0.0010964183919144332,0.000662194113733694
2008-01-17,0.0020420824178952746,0.0020357546044000863,0.002555177280710419,0.0025578691425856004,-0.00010009236436092639,0.00044703505482801553,0.00021168899844470346,0.0006909222269866344,0.0011495689332690073
2008-01-18,-0.0007827647973870366,-0.0009333869149105167,-0.0006363722145461548,-0.0009411234548681868,-0.0008163300133675611,-0.0009960149514324224,-0.0007168010536686698,-0.0008822593379834709,-0.0005255881554594444
2008-01-21,0.0014380537081233324,0.0013902029020878004,0.001478814943613127,0.0014365484856486699,0.0016313701410204384,0.0017268587177334815,0.0017519189072410235,0.0017111718317517344,0.001939369948662728
2008-01-22,0.0005010177545601291,0.0005270739545111258,0.0004829797235474942,0.0005106613160548168,0.00241538874968672,0.002477478479989248,0.002615287039014369,0.002768499979552974,0.002012605656588562
2008-01-23,-0.00125390600409081,-0.0014424016989903476,-0.0011888918832859696,-0.0013591853030403556,-0.0017977613629928113,-0.0020589334975938955,-0.0019161475460783839,-0.0019731493353167817,-0.0017143667459629253
2008-01-24,-0.0024614413297640025,-0.0025888641458036155,-0.0024093920908301314,-0.002469659727436735,-0.001587333935416213,-0.0014990645007815218,-0.0015032650433712824,-0.0014278424243753252,-0.0018502140992975313
2008-01-25,0.00017429119150391692,7.66978737125612e-05,0.0005150810265428518,0.00040550967758012924,0.0010168003017596572,0.0009936845945692774,0.0007184285062367124,0.0006346937502577088,-0.00020541882208224838
2008-01-28,-0.0007791768947548183,-0.0006627086194274101,-0.0009367124978277852,-0.0009068204822549886,0.00014490105870024195,7.67040915956585e-05,0.00015778155347101475,0.00011229420050629102,-0.00034800660372802383
2008-01-29,0.0023475991397023943,0.00243524125973571,0.0022877193682149244,0.0023697217093157086,0.0023336976611751936,0.0023692925111267193,0.002121181026685015,0.0023543368359661976,0.0012588829717634642
2008-01-30,0.0013976506913839781,0.0016256770616767113,0.0016264217039414497,0.0018408639893736645,0.0005685200334215601,0.0007234271357194899,0.0005402031241421579,0.0007701300229305819,0.003816454553057236
2008-01-31,0.0022789755836418735,0.0024059700967429265,0.0024869532134115246,0.0025425681918951337,0.0017994821611917455,0.0016260043528706358,0.0016095118632040162,0.0015351937414858075,0.001144436175299468
2008-02-01,0.0005769379939744024,0.0006839406523171387,0.0002151885965600009,0.00028166684557806576,0.00011064049815301402,-4.289588063610683e-05,-4.2097566828713795e-05,-0.00010946288903479484,0.001046907826284027
2008-02-04,-0.001192913175999566,-0.0012964369307115753,-0.000998294656326837,-0.0010803281528014574,-0.0014374563732809653,-0.0012140840204802883,-0.0012846251683525933,-0.0011021459045585935,0.0020445988597954656
2008-02-05,-0.0003572829853045745,-0.00040717721812855157,-0.0004034148567948481,-0.00037197265541755176,-0.00042918634502631114,-0.0005764982745410929,-0.0005888317314618474,-0.0007053047369243171,-0.0015978047298877973
2008-02-06,0.003041201427657514,0.0032158344963730823,0.0031566210246740667,0.0033791230786597293,0.003220839375587925,0.003375196351027565,0.003129566129438599,0.0033216568887537434,0.00614220480144545
2008-02-07,-0.00040471960156196474,-0.0002862585319745037,-0.00018276473194045462,6.652884768287848e-05,-0.000655923991124574,-0.0004338285751054327,-0.0006004113641654429,-0.00016058928332796096,0.0015732032858135625
2008-02-08,-0.00027377255108218534,-0.0002759655346081802,-0.00024437315974756846,-0.00024100288665096503,0.000585765873965638,0.00047535921799202185,0.0008869179310526665,0.0007509769554485679,0.0015841678424108885
2008-02-11,-0.0014130647468909574,-0.0013377294725308575,-0.0014360679216531835,-0.0012364679589258465,-0.001112442925286894,-0.0011100604530901448,-0.001021622214060991,-0.0009688004993670951,0.00040323040477896477
2008-02-12,0.0050081844864426905,0.005075268194345783,0.004578795172012651,0.004668886923307802,0.0045907588884883666,0.004321643462303237,0.004271561963551385,0.004076686501000681,0.005404978420558759
2008-02-13,0.00014244465412649454,0.00018162790977838128,0.00021688239544892518,0.00031904844288921375,0.00012357182938660394,8.712189498139011e-05,0.0003209485049648908,0.0002614919234698032,0.0012881137224103334
2008-02-14,-0.0010672767522615922,-0.0014243053619262813,-0.0010893160120086787,-0.0014158109412112374,-0.0024354070052207133,-0.002597258523942436,-0.0020795977067837867,-0.002221148802683648,-0.004008866955307777
2008-02-15,0.002756966611182854,0.0026264616012994235,0.00263224607994883,0.002479947158886553,0.0020479682778444808,0.0017345606604286523,0.002265780489792979,0.001912447739558898,0.002446922582352906
2008-02-18,-0.004617183148202253,-0.004547030555275722,-0.004449938642939966,-0.004371545021626955,-0.003484419319102705,-0.003078674563010919,-0.002998329158642843,-0.002756854908317008,-0.004132967472114224
2008-02-19,-0.0012277576225155906,-0.0013728440904735573,-0.0011301975670795494,-0.0012230267360127112,-0.0014308918456452657,-0.001450377599847008,-0.0015564429784049594,-0.0015549921811226497,-0.0004149797509142017
2008-02-20,-0.006598820761732904,-0.006785380233258365,-0.006875788906300806,-0.0069978556073382325,-0.006237860610044499,-0.006204615089458909,-0.006158182230731946,-0.006142603745462938,-0.004876060630195189
2008-02-21,-0.0025859183945479147,-0.002337106362663599,-0.003015470127645914,-0.002825090282058018,-0.0017485059576585193,-0.001755450169801831,-0.001004198298033887,-0.001036089855955269,-0.0019881266010733922
2008-02-22,-3.770776487599381e-05,0.00013587683763205405,0.000724699392638195,0.0008808578193497674,0.0007579073163497263,0.0014719660885316177,0.0013734378873020425,0.0015687363210421523,0.0046365977056948005
2008-02-25,-0.0029013651727629597,-0.0022984570217355893,-0.0017899132296820275,-0.0014831414529483666,-0.0017917742629127709,-0.0009851333965478215,-0.000808398792815801,-0.0005651258057455255,-3.613056377493873e-05
2008-02-26,0.003196689912023931,0.003221256439222886,0.0024038305649261016,0.002415365458122265,0.0039990660118722765,0.0038142883565417396,0.003250209375143198,0.003303091633689581,0.0029483584960146025
2008-02-27,-0.002910387444975293,-0.0030307883047748785,-0.0033264855089255585,-0.0034590375154749387,-0.002486771710896063,-0.002448121399066583,-0.002425475162271762,-0.0025611312284932186,-0.0034968621932012223
2008-02-28,-0.0004029057194588903,-0.000402373341739537,-0.0009108516443477876,-0.0009213783743960979,-0.0019160156656401472,-0.0018311500270689063,-0.0015262216561502395,-0.0014142605940733466,0.00011053101883518046
2008-02-29,-0.000217486295115199,-0.0002347934364794746,-0.00014167588838887024,-0.00021797217679997427,-2.773832822222655e-05,-8.946717232849455e-05,-0.0002819686918255071,-0.0003716028197304766,-0.0010255802592293861
2008-03-03,-0.00290563471714278,-0.002750617431647173,-0.0023771569251765934,-0.0021095961847613642,-0.0011376780945649978,-0.0011836418315175345,-0.0004970105253701007,-0.0007446189801858516,-0.003825217322140251
2008-03-04,0.0006483402931520832,0.0005606049036670502,0.00010807490032416212,-8.83435815346445e-06,-0.00020942758718778265,-0.0003391758860977756,-0.0005292840641980545,-0.0006185026370384428,0.0010886116398347578
2008-03-05,-0.004314804174133657,-0.004798559259830637,-0.00444820098012888,-0.0049708744981799,-0.004319972543240347,-0.004112373523048052,-0.0037529437120602527,-0.003923262203751499,-0.006925918612927684
2008-03-06,0.0024460282599880756,0.0022488057397265226,0.002592687425477802,0.0026114381700981237,0.0021477335840858203,0.0024606270322924395,0.0021393584826112644,0.002426281690240284,0.0026982244602409278
2008-03-07,0.001455333373212131,0.0013593085345018352,0.0016634265903443524,0.001553438127817719,0.0009068603397850428,0.0008001911036081832,0.0013800058924304803,0.0012742167968966545,0.0024613636513468595
2008-03-10,0.00564466203164371,0.0057038597159631,0.005099781546676008,0.005133878349781629,0.00398776746634022,0.0046713681568599785,0.0037210730929029268,0.0036086098691348045,0.005977872897915848
2008-03-11,0.00019369646206213176,0.00016941009806425988,0.0004477302783318926,0.0004161577392682858,-0.0006413853390608848,-0.0005350144359782538,-0.0012702228667409443,-0.0011445189656608123,0.0008358160721297914
2008-03-12,0.0015364653399538852,0.0016907773518228808,0.0012219842078613485,0.001365819556656378,0.0013775277445267076,0.001516076066562233,0.0015185196421141356,0.0016217930911770484,0.0019258855644010975
2008-03-13,-0.001721638694592964,-0.0017929525063631324,-0.0017019535437950983,-0.0016881343095228596,-0.0011091904454910706,-0.0008842490518981005,-0.0012049831936210564,-0.0011394634170740492,-0.0045016948431434445
2008-03-14,0.0029200678067073937,0.003007581846392604,0.0031445767201851993,0.0031938077602753356,0.0009509225679469324,0.0010631466456967331,0.0010147406789027258,0.0010939430834526753,0.004340425364698364
2008-03-17,-0.0016905186784259563,-0.0016988843291788625,-0.0016591172554674127,-0.001607175803166827,-6.627391736546695e-05,-0.0010025915262541485,-0.0014120980077833023,-0.0015172754293292234,-0.0037872462418196973
2008-03-18,0.002407446184433004,0.002234049411181882,0.0017114747184374668,0.0018935646244773174,0.0031575459954007457,0.0027590799805328192,0.003213908565711243,0.0028573048804232393,-0.0030411269242889283
2008-03-19,0.0002812574994424111,0.0003168279398706453,0.000182247449026951,0.000239808587526813,0.00018382895459212456,0.0002704901044365826,0.00013840995871272632,0.00023541190517617494,0.0005065018208920691
2008-03-20,0.0008696276519282176,0.0007057615317811461,0.000812347113240186,0.0006366137454349996,-0.0006361839267983171,-0.0007690011025927035,-0.00033305009538819874,-0.0003399679849434012,0.0039376664540069495
2008-03-21,3.4985736710568816e-05,3.072807548765155e-05,3.5058652723130024e-05,3.2634914209239696e-05,2.465775291859984e-05,2.9198296395138712e-05,2.719686133234589e-05,2.5114460496800106e-05,-0.0008967389297590556
2008-03-24,0.00240465655943356,0.0022523074332809756,0.002440940985943829,0.0022914226745540667,0.00138491634994109,0.0012394410830693925,0.001540593163811499,0.001264212560569744,0.004068205429529792
2008-03-25,0.0014356043046708233,0.0013204376298334708,0.0006463716756197613,0.0007420478098847383,0.00013234644174398014,6.549075602535481e-05,0.00013779629186472242,0.00014653049955404285,0.0028079358291939194
2008-03-26,-0.0023192972335173145,-0.0021871994536556416,-0.002715074052848876,-0.0025246072273901188,-0.0023819022188605876,-0.0021845986317672317,-0.0022678816084729103,-0.0019486462384943337,-0.0010580656375446251
2008-03-27,0.0028411642883992005,0.0028472685027480793,0.003287776613072557,0.0033094879529975696,0.003455506851661072,0.003063115420413931,0.0033051457468193934,0.0030108177977701267,0.005660268914841504
2008-03-28,0.0013530657088207665,0.001277224446595282,0.0014530902372680288,0.0013922785709741259,0.0012999803502253826,0.0009663827510097978,0.0015954474216337555,0.0013598256384854679,0.00192268319262201
2008-03-31,0.002334927713828261,0.0022169759406240885,0.002187603288194895,0.0022040527374451724,0.002584694975121593,0.0023241362258301645,0.0025367239419791243,0.0022735201606545186,0.006326307746088666
2008-04-01,-0.0023191990345262647,-0.0023697292318182184,-0.0023105619590274573,-0.0023725980708334538,-0.0024111921731876373,-0.002346393422671511,-0.0025090540918494275,-0.002407519654741841,-0.0015469200593183352
2008-04-02,-0.000442014636209187,-0.0005805555243267868,-0.0006603703430630992,-0.0007210736245705229,-0.0014810132743998672,-0.0011562647406938575,-0.0012463775539217625,-0.0013135044772560889,-0.0037313833355656634
2008-04-03,-0.00023328184053050816,1.4227629972607403e-05,-0.00014510389424404746,0.00010303674502942783,-0.00026971974465372917,-0.0002376118397445781,-9.241772453760788e-06,0.00015438216912211367,-0.00048467275374097785
2008-04-04,-0.0010740807240514627,-0.0009710697380850286,-0.001546645904935584,-0.0014111260829744454,0.00021472344536888066,0.00041950932940437724,0.0003121743198997162,0.000563722111758258,-0.005478722183458462
2008-04-07,-0.0008691040823987084,-0.0006214073755297367,-0.0003771143373877406,-7.490389913644702e-05,0.0005383457241814327,0.0003628270307736159,0.001117783526360272,0.0011093374559334457,0.0001004785765790217
2008-04-08,0.0015264831593282402,0.0016935750089255297,0.0014363640056946902,0.0014114517357284306,0.00042530145941444,0.0006480408143070271,0.0006650517557600377,0.0008398461474561358,0.003166795046905646
2008-04-09,0.0007717739776962329,0.0007867479748591144,0.0010956478992651952,0.0011489941628604061,0.0010571446570368792,0.0011509539386407308,0.0010526278071414374,0.0012159579912638385,0.002150801216076914
2008-04-10,0.003146101664919243,0.0030773874526430767,0.003240144574774284,0.0031930271081004324,0.0027566123393261144,0.002573582919792594,0.002329787599365307,0.0020645631313411794,0.002458037567813376
2008-04-11,0.004940889805823856,0.0050238223003138405,0.0036883060060790562,0.0038525040110508613,0.002601879379368288,0.002308695039785258,0.0026521339454139703,0.002642680429437938,0.006070495856862701
2008-04-14,0.0020834866240930783,0.0020430893502931813,0.0016999097441330324,0.0016462331735718205,0.00040539371515269096,0.0003223725152363688,0.0003988660719751458,0.00018903307719364548,0.0006749936514256483
2008-04-15,-0.0017446216457228658,-0.0015685722185498907,-0.00201224770806685,-0.001982532374739332,-0.0012152867769543718,-0.0012283192779608543,-0.0011653295679822095,-0.001175553021846798,-0.0030651178230705067
2008-04-16,0.001530781355448818,0.001641232175941587,0.002089251072966203,0.0022829003703945805,0.0029259838642297087,0.003243415004657857,0.0026622688676711803,0.0026685731614826125,-0.00024981240870924903
2008-04-17,0.0012457566994918956,0.0011548317373637484,0.0009084869661866168,0.0008024406139350848,0.001210897713065373,0.0011792105639285566,0.0012130838002863964,0.0010466810385976189,0.0025347291818547113
2008-04-18,-0.002503321083444976,-0.0022684053296420092,-0.002159906038701531,-0.0019110018312766819,-0.0008509376440654082,-0.0006528391822019364,-0.0005071502326960964,-0.00026431273213645134,0.0014241871717537435
2008-04-21,-0.0006837544642954718,-0.0007459444375064184,-0.0006959383728072366,-0.0007559973146470389,-0.0003373957739370992,-0.00021615280778053414,-1.2699400634641478e-05,-5.994285830634993e-05,-0.0007151800829486854
2008-04-22,-0.00021827328571255578,-0.00021571471219583582,0.00031902331780298,0.00031950286468962474,-0.0006245539332128125,-0.00032897123182840105,0.0002540774895387621,0.0002156185216919404,0.0018728079528032016
2008-04-23,-0.0001264190372091134,-0.00024350249898852372,-0.00026516846173929576,-0.0003844370071115488,0.00011252853562115916,-0.00028944984245804495,-0.0002581004189082803,-0.0004252787888183729,2.4881131538645462e-05
2008-04-24,0.004350382467811054,0.004274153364600242,0.004265398251955599,0.004257554097205185,0.003444169945695963,0.003258622009197909,0.003512595115409134,0.0033485053951940458,0.0008764664437777014
2008-04-25,-0.003518610241719622,-0.003516402235607008,-0.002615336523145273,-0.0025965897350928024,-0.001721987804838565,-0.0021335052418296474,-0.001297791321042796,-0.001293428236962768,-0.002202612209956878
2008-04-28,-0.0033576456734200066,-0.0033682449418490634,-0.0031017552230141465,-0.0030955023646470625,-0.0019299649422381826,-0.001734795111235088,-0.0016451180103616014,-0.0013355510017388772,0.001569294401954524
2008-04-29,0.003584817161347509,0.003547817030802536,0.003302953430047939,0.0032435533601029576,0.0008574515709223185,0.0007169336645926894,0.00107731471890804,0.0010656987841521914,0.00028984565360112846
2008-04-30,0.0007123225464789051,0.0009561942352456221,0.000523688840429859,0.000758671552108181,0.001443355520522438,0.0016075445595291615,0.0012611449463122426,0.0012660291142154723,0.004061612336392129
2008-05-01,0.0005764055097730036,0.0005908600846229461,0.0008521293725898271,0.0008214156111956417,-0.0010466028997865306,-0.0010730965723759756,-0.0008586374284333953,-0.0009197401697559338,-0.0002791740126368847
2008-05-02,-0.0009354875261101681,-0.0010462420674804962,-0.001108971865925401,-0.001221297991794379,-0.002618093736481142,-0.00249883693548969,-0.0027707828923921873,-0.0028408379308272336,-0.002561558980191503
2008-05-05,0.003856510662767265,0.003635336866565142,0.003980195975065159,0.0037829398572215567,0.002986688973254603,0.0027288590717182704,0.002502758513549752,0.0023780120927372472,0.004448065722997496
2008-05-06,0.0008757398896244162,0.0008741040899171715,0.0012514036946620344,0.0012462599978826372,0.00024059802817988363,0.0004173840282835073,0.0008460663760221365,0.001016368011692803,-0.0024028809575147303
2008-05-07,0.00027665396569553913,0.0005213799363050775,-0.0002662951349832188,3.994011268715347e-05,0.0011903594251865268,0.0012827350341686472,0.0013576070545830987,0.0013344098684320294,0.00449746682282659
2008-05-08,-0.001476567535739548,-0.0013283579984378902,-0.0016432531046859378,-0.0015578382734550145,-0.001268316433932326,-0.0013999952529544224,-0.0010532568202773485,-0.0010742551047948634,-0.0012678433822775892
2008-05-09,0.006384667297751223,0.006324720160527653,0.0061329307999002936,0.006129575964393785,0.004110260477561356,0.004274178199058731,0.004052240708595001,0.004072188356478712,0.0053213564333109975
2008-05-12,0.000665341312951151,0.0006970384575053501,0.0006362492754667937,0.0005951504486783055,0.0014664489289091254,0.0016649249697542334,0.0012949085131712668,0.0014707401876206116,0.002782417117646485
2008-05-13,-0.002083488241159004,-0.00212515807937963,-0.0012443404041002637,-0.0011689854127857613,-0.00277062504723935,-0.0029249467039136334,-0.0017801573800716453,-0.0019558352020252467,-0.0028152863643197135
2008-05-14,-0.004633679880813868,-0.004658689599089438,-0.004034532874616525,-0.00395185499255557,-0.003701828162300469,-0.0038866387230507282,-0.003791409327799533,-0.0037700706342692625,-0.003461192195420182
2008-05-15,-0.002148743204604675,-0.0021774428266870816,-0.0014899841853102114,-0.0015384399803216597,-0.0005912469147284494,-0.000530619894325679,-0.0007680719033369421,-0.0007376851468807732,-0.006214232939136921
2008-05-16,0.0012119729316319994,0.0012841323869667853,0.001198309874350434,0.0011522250239686116,0.0015751314534058203,0.0015008838145373904,0.0015048049359969173,0.0015911779242483437,0.0012748583940771496
2008-05-19,0.006056805524831788,0.00599160630054274,0.006013382061168304,0.005817877680142969,0.0032941749422874533,0.0031204923434187126,0.0033123573523288208,0.003270225089336165,0.005331499003503826
2008-05-20,0.00044621769685959656,0.00043712933668182963,0.00040194003242954857,0.0003176608749408949,0.0004835759877097612,0.000446937494663624,0.0005348032287528781,0.0004845428098789739,0.001515285777566877
2008-05-21,0.0015752444023231504,0.0016116076652576972,0.0011379331933143444,0.001245410493748933,0.0015160320503462277,0.0015746673877596873,0.001764512995465095,0.0017444644693767053,0.009414624093559976
2008-05-22,0.00041072891758764385,0.00036904832870665594,0.0008882112885053584,0.0007887248200337815,0.000423848055604914,0.0003114812794211552,0.00045501771673328584,0.0003640187842781639,-0.001844454267229012
2008-05-23,-0.003693381066720902,-0.0037091853495186955,-0.0034322315490113997,-0.0034780888550344224,-0.002766782088602593,-0.0027085073324661924,-0.002691097030588896,-0.0026196094456805152,0.0031420253889939964
2008-05-26,-0.002322956290227385,-0.002515445136740846,-0.002271689286890588,-0.0024294871119326933,-0.001232540742549193,-0.0013641999274307537,-0.0021209562320558817,-0.002228279348976403,0.0006191753699609226
2008-05-27,0.0020902693494413427,0.002100957973854234,0.0020706920001465345,0.0025286188111968144,0.002814284109170506,0.003139737268384346,0.003293883338668646,0.0033558436023386484,0.007496824555372372
2008-05-28,-0.008402550264900888,-0.008331539799630971,-0.008771037705867402,-0.009104961711836057,-0.008241507636341683,-0.0081469448184186,-0.008037467590699121,-0.007950808480209237,-0.009404241854058304
2008-05-29,-0.0003762376853665428,-0.00031528275637426884,-0.00016805854653667573,-0.0003864939871541795,-0.0005981138509649764,-0.0004580117103024639,4.1362877381434515e-05,0.00025331414474294434,0.0008473539831879151
2008-05-30,0.0004165198004915105,0.00017388400833429074,0.00014249366974183886,-0.0003376907613682478,-0.0001074778782792496,-0.0002731336567803888,-5.921086884286275e-05,-0.00018087289572277232,0.0005200785926007256
2008-06-02,0.00015774662105050297,0.00011003532519882064,-0.00043034960387322574,-0.0004519522873790427,0.0002794191698625159,4.836109119898957e-05,-3.667963675924035e-05,1.7087144110750074e-06,-0.0019040379176381572
2008-06-03,0.0012857145827624983,0.0012935749410050157,0.001638452350227304,0.0016266016516015558,0.0007541436834315185,0.0007604899540905041,0.000907560820416542,0.0008733004395418131,-0.00121493936532735
2008-06-04,-0.0006241615652436971,-0.0007018691404103716,-0.0008469943643308886,-0.0008932813654903837,0.0002845501073933665,0.00015830812715411646,0.0001308419673879957,7.4165470434151e-05,0.0002260950623556024
2008-06-05,0.0022424988483595865,0.0022009495553820813,0.002168859411476598,0.0021603669525591673,0.0017414051659330188,0.001860756144403286,0.0015759480344041954,0.0016878921878353825,0.001397671163611891
2008-06-06,0.004261482053722121,0.004260241785135843,0.004639694448002274,0.004643215671119361,0.004262610169187386,0.004179114436212883,0.004557618246930906,0.004533157004452892,0.006342452251847597
2008-06-09,0.004281997417463712,0.004117736664981386,0.004487346177611151,0.004316081883548373,0.004238947152364281,0.00402392411918262,0.004192656366407865,0.004016152067510603,0.005204329752421577
2008-06-10,-0.002154812034502851,-0.002044312321721642,-0.0026010538577176945,-0.0025233130970527817,-0.0007500057073633881,-0.0009720817753380295,-0.001078157870612717,-0.0009482600736978597,-4.612809044046706e-05
2008-06-11,0.004323875066678529,0.004005909187215773,0.004484312880543184,0.004111172047110312,0.0030618392688879226,0.002716171439427928,0.0028722628644310966,0.002693593064656108,0.003853273957121539
2008-06-12,0.003520463958336384,0.0033932413287685037,0.003641960933120414,0.0034682893745809906,0.0025185337109556727,0.002353660584619277,0.002548968990556233,0.002415320126200493,0.0027218508726283286
2008-06-13,0.001911709754872426,0.0018313261974551853,0.0018103578011632315,0.001840786594085042,0.0024049843051774378,0.002363552231909649,0.002043434651145981,0.002051326372696005,0.003610280659485099
2008-06-16,-0.004703118026251341,-0.004453865845871818,-0.004267165146718321,-0.003994703853980819,-0.00395672884538778,-0.003768510660671187,-0.003621010232108479,-0.0033991774018579113,-0.0028161769675859594
2008-06-17,-0.0005737709365249977,-0.0006524804840164489,-0.0006015674237324076,-0.0005611873390053423,-3.5138456176864175e-05,-0.0005709770320263541,-0.0003668692361448178,-0.00043558827483136664,-0.001451849611284639
2008-06-18,0.0023041097954343837,0.0024585913339036924,0.0023219414196877786,0.0024023883337289664,0.0021457050285418333,0.002154921292375489,0.0021342828340287223,0.002181678804667131,0.003644911241464488
2008-06-19,-0.0011420293648959357,-0.0011284080256055429,-0.0013608144057909444,-0.0012758828990627746,-0.001375693724837923,-0.0014348819864420381,-0.0013056727138618385,-0.0013455212086845858,-0.000910221665864297
2008-06-20,0.003086393061331849,0.0029046075718837105,0.002882841962896343,0.0026684843972890615,0.0026502789573794594,0.00248540798892094,0.0023318580543985057,0.00211892763474264,0.0011282995749044566
2008-06-23,-0.0028500940644557993,-0.0026294002966081864,-0.00268583466085226,-0.002548989712712113,-0.0024977947988455984,-0.002328414360881048,-0.0023528200647099373,-0.002222196486914907,-0.0021452328876880866
2008-06-24,-0.003224686102771379,-0.0033591074870108484,-0.003422186300882313,-0.003536427161454414,-0.0038900005389475023,-0.004545328015349015,-0.0038514351404604907,-0.0038257718567730192,-0.004694971321904218
2008-06-25,-0.0021706678316419925,-0.002138298494996027,-0.0018329343021066258,-0.0017996601826120173,-0.0011039254677717159,-0.001426510788641977,-0.001000618911800366,-0.000990554742262173,0.00026086292222915475
2008-06-26,0.0006924143721223075,0.0005797249198595811,0.0001762444345108083,5.9217139792844264e-05,0.0007971152759054245,0.000711989913518396,0.00048625708899874276,0.0004232783007918073,-0.001221757560020409
2008-06-27,0.003217512421904045,0.003094565657334236,0.0029701818541565395,0.0028367287940602726,0.0021494356398614745,0.0014603893630980025,0.0020675638617626557,0.001810050564645893,0.0034250046714165983
2008-06-30,0.0023286566659510566,0.001992341029476208,0.0018281187890738515,0.0016015566628306832,0.0009813222499654994,0.0007971199483247648,0.0005326221929509156,0.0005049068066687035,-0.003407157908568381
2008-07-01,-0.0018236939648599293,-0.001891127461597808,-0.002031462782918214,-0.002089868537060724,-0.0022526987937203646,-0.002312170610511255,-0.0022075458272347026,-0.002211762519848781,-0.0024209536973782697
2008-07-02,0.0016560966852849912,0.0014921086274244377,0.0010349017228392654,0.0008456515252819319,0.0019469475863500563,0.0019233178510056348,0.001245613654046407,0.0012085897858933325,0.0029267388640861203
2008-07-03,-0.005572838077124831,-0.005665014657513789,-0.005219340221563784,-0.005324368433680893,-0.003621284627077115,-0.00363814632387216,-0.003379740655380159,-0.0034234747910074637,-0.006210236160891003
2008-07-04,-0.0028338999172676793,-0.002197699224137706,-0.002059523322752388,-0.0015873890702983173,-0.003995199229358537,-0.0033865339467782363,-0.0029548795299314534,-0.002286010398260818,-0.003767360027267408
2008-07-07,0.0003647479389761177,0.0004250048852583177,0.00024433241559762564,0.0002531739399307398,-0.00017017361590443425,1.9949501276261827e-05,-0.00013672575830292466,-0.00012681245232781801,-0.0016118181263284903
2008-07-08,-0.0006815963577053719,-0.0005643295182099495,-0.00023339945049993815,-9.139966675242306e-05,-0.0003927003719046418,-0.00023026675018145148,-2.6895942455862354e-05,0.0002516182106782061,0.003871722529216859
2008-07-09,-0.00323122190624181,-0.003342748840364007,-0.0031649713939611024,-0.0031668768426865723,-0.0026597508245502777,-0.002735328462551756,-0.0027418145561204366,-0.002814602741611716,-0.003528891173436466
2008-07-10,0.0032483499031952245,0.0031876658760299215,0.002842891914877077,0.002623555691055879,0.0013402126063704056,0.0011808635954713154,0.0016090701305417898,0.0015318241579174163,0.0019458376041641134
2008-07-11,0.005177878661041246,0.0050983111267579595,0.004552168789922595,0.004456932896585775,0.004195210351699341,0.004011645635614514,0.003755707040916434,0.0035917661982358684,0.0032259491450574718
2008-07-14,-0.00021953905354044068,-8.000993935231016e-05,4.4350719197172594e-06,2.37775192726275e-05,-0.001758882996294564,-0.0016651772926619124,-0.0013320875411642064,-0.0012639152849185376,-0.0029635929761969715
2008-07-15,-0.0020885830215298107,-0.0020920577766009307,-0.0021562538026498324,-0.0020388419355881204,-0.0005074937001779967,-0.00029215614897426523,-0.00025806988571341893,-0.00032675089321454465,0.0012391105537452596
2008-07-16,-0.0004001023748382293,-0.0004919817688667782,-0.0006142437655772826,-0.0006253905981890018,-0.00012795610310101235,-5.036335201336062e-05,-0.000120097030160915,-2.654745896013555e-05,0.0016964593330424105
2008-07-17,-0.0006005579612827772,-0.0005395217219298365,-0.00016887377035645912,-0.00019277132398176633,-0.0008848252280294622,-0.0008119676202785753,-0.0007928040744679121,-0.0004385098319817926,-0.0019832427669129737
2008-07-18,0.0009528905500253426,0.001044732765388634,0.0016932361516612815,0.0017496288160643303,0.0005529787695228716,0.0008548953950577864,0.0005788298973399275,0.0009392676631700958,0.0007386967125782018
2008-07-21,0.003885256669670767,0.0033515146699609755,0.003878639933984074,0.003881522764927592,0.0014190170727228502,0.0010006076440489675,0.0021490386867621947,0.0017134582639088958,0.004178986811262053
2008-07-22,0.00731920852499468,0.007361225050791509,0.00753488896512966,0.0076452381821727755,0.005527499553487303,0.005606529550201023,0.00599821557808089,0.00577659421631882,0.007139278618518263
2008-07-23,0.0031434277482513817,0.0032818994099039767,0.003436711650926627,0.0033129902984587734,0.002585457975931238,0.0026722553534350713,0.002922067486722746,0.00301544217262828,0.0028348607373456236
2008-07-24,0.00361635547806749,0.003502690697060551,0.0035320208509308504,0.003496553580577766,0.0029838300310875976,0.0028705473417942606,0.002919537865701205,0.002768371196129271,0.004539150977326711
2008-07-25,-0.0006894217690630589,-0.0006845506245743982,-0.0006679183679176859,-0.0006788893638574045,-0.0004217444750095334,-0.0004041290690497412,-0.0005200662095984354,-0.0004618988554302428,-0.0005049576460893768
2008-07-28,-0.0006034034604275318,-0.0005521374822187175,-0.0007410300501778933,-0.0007381166874765865,-1.0839559096753604e-05,-8.096367160037587e-06,-0.00029649523630559393,-0.00029064615354057466,-0.0022971774964225533
2008-07-29,-0.004642554455060455,-0.0045170345976003334,-0.004435807699651684,-0.0042423414766693535,-0.003273622279967192,-0.003014096754734852,-0.0029998016499599434,-0.0028014378211809188,-0.004873843576941872
2008-07-30,-0.000502480581210607,-0.0005877273188442667,-0.000409490065130802,-0.000434044185544602,0.00019180710957855673,8.115034008526756e-05,0.00041207547108990106,0.00020982730807683758,-0.0005367017767250459
2008-07-31,-0.0012177096056362746,-0.0013457300664178051,-0.0016219526433651765,-0.0016840040157001246,-0.0012309333731030936,-0.0013287198413762802,-0.001527793799929178,-0.0014892370944004085,0.0030058954425096207
2008-08-01,0.00125439642910119,0.0012235587233973,0.0013696963689779906,0.001354273976639675,0.0012362807918646634,0.0012168605023297197,0.0013445904854703095,0.0013286996688230968,-0.0015311958042255602
2008-08-04,-0.0029463283457149547,-0.0028750697505405265,-0.0022854902115532205,-0.002123999418577438,-0.0025039526246910526,-0.0024642827527309175,-0.0018491765814158123,-0.001725817115730388,-0.00526266906944739
2008-08-05,0.00018391932866790306,-7.405263405946272e-05,-0.00022239015933001038,-0.0002964832981503518,0.00013086076943658043,5.928288248191471e-05,0.00038884975720754333,0.0003312256818996939,-0.0007438477780534747
2008-08-06,-0.00016018768288861285,-0.00014275111979833444,-0.00030335437537032384,-0.0003392627303762108,-7.872271224407257e-05,-6.8943855736636195e-06,-0.0002749021964754128,-0.00040560650399823484,-2.785619607426071e-05
2008-08-07,0.003782754129200372,0.003493611521147688,0.003729650867750234,0.0037564177397171328,0.0021337583784803993,0.002328522141990863,0.0022721203671229873,0.0023176956431372187,0.002641775719935069
2008-08-08,0.0003767056934498303,2.4210079811348706e-05,0.0004448207602987253,0.0005574673906294514,0.00015385211784679775,-4.699419150944184e-05,0.0001802505961885359,-2.7471175583659857e-05,-0.0010443201613082875
2008-08-11,0.0038627032591356247,0.0034934854947519245,0.0032514102688983026,0.0027003668874125974,0.0029742470252354103,0.0026080693449876957,0.0025446499608592354,0.002502104182486642,0.0004421026250385207
2008-08-12,-0.004830985004095623,-0.00472876557838553,-0.0044286534671003075,-0.00437650693755276,-0.004487323687984879,-0.004451735329864759,-0.00391874781167878,-0.003854761665104234,-0.008495498938388968
2008-08-13,-0.004059115733740515,-0.004012527335620186,-0.004022730128878216,-0.003898848250151077,-0.0028919195867038727,-0.0027979936430077013,-0.0024628599428329068,-0.0024358685797216673,-0.002032506483515828
2008-08-14,-0.00036809255189618195,-0.0003597083982422866,-0.0004135561253825193,-0.0004038675748370135,-0.00028356674843754703,-0.0002978675370939321,0.00021244009237242345,0.00019720321026550636,0.0004264895702190685
2008-08-15,0.0001675059731527373,-1.9681618143807533e-05,0.0003638756129442644,0.0004004312042102942,-0.0006691627804364941,-0.0007032351392826097,-8.816822211821229e-05,-2.097252354182899e-05,-0.0008840936383138764
2008-08-18,0.007530564380701099,0.007443628194939267,0.0069422042326889866,0.006564297182378498,0.006132273590816251,0.0060532314971020185,0.006284253840388665,0.006029112526470426,0.008539318194359602
2008-08-19,-0.0005961858020319122,-0.000643916261052091,-0.0004941902197289627,-0.0004706046328050162,-0.0006234923019202698,-0.0006581155672473749,-0.0003669077607797444,-0.00034377459158130286,0.00013999641091833048
2008-08-20,7.454120535976827e-05,0.00015584926731548876,0.00021873749857870273,0.00036949513915662813,0.0007857538766811167,0.0007809788927990446,0.0007256878701487057,0.0007254072035873804,0.002313823309593621
2008-08-21,-0.0031619590895293204,-0.0031034452611489183,-0.0033224319542110026,-0.0032458298701590893,-0.0028142746294419485,-0.002680104239633163,-0.002876255641467651,-0.0028039409508098245,-0.00438249601919416
2008-08-22,-0.00392176908228381,-0.0039029753916898224,-0.0038175008653023035,-0.003929371177048169,-0.003914919750778401,-0.003922507124878738,-0.003845168694156409,-0.0037362133393026298,-0.005104496010640336
2008-08-25,-9.147635616513217e-05,-0.00012159534919486958,0.00012407709549222545,0.00025192956161812496,0.00015775330364586893,0.00014785477126544322,0.0001705835293002167,0.00023346605834162482,-0.0013602770664919994
2008-08-26,-0.0012817881222282335,-0.001323490486986989,-0.0014074055244962524,-0.0011509489275914886,0.0006442229861141069,0.0008584283403960669,0.0007819188912416841,0.0009656336905738971,0.002853594742208365
2008-08-27,6.437044614093779e-05,0.0003227419977269719,0.00017211356510626885,0.0004200690853104483,2.4177911250866657e-06,5.796336830199422e-05,0.0001323901486571799,0.00021749095938994323,0.0014491767902884423
2008-08-28,0.0016835417731191349,0.0015801675038340512,0.001569923517453553,0.0015203990446988058,0.002140031438295331,0.002178589366564454,0.002049066107737474,0.002118871844714487,0.0016244965051159799
2008-08-29,0.002967496967713368,0.0028722463977968182,0.0031373065199920003,0.0032336559310459645,0.0029769443965470543,0.0031487533134300083,0.0030149266833805477,0.0029057984437594886,0.0015517784170968607
2008-09-01,5.3698905661425655e-05,0.0001957000424119837,-1.4501254949395026e-05,0.00015032053396013545,0.0005024737791610168,0.0007464863272523825,0.00026849584841759366,0.0006756150674369632,-0.00014514580769786622
2008-09-02,0.007164845098610151,0.006143456143916426,0.00609196058630368,0.00606265413924878,0.004711686317458552,0.004662851563662418,0.003796931260797942,0.004016014423114056,0.007567282611195658
2008-09-03,0.0005971816257281937,0.0005681225813833901,0.0006773676790370331,0.0006725480192735223,0.0006417170466301858,0.000608986285516977,0.0007047065083110038,0.000731319848460199,0.00295125213934333
2008-09-04,0.0008346239322414295,0.001046250561664186,0.0011516163700857618,0.001239634708647186,0.0011486482520468577,0.0013124229460099723,0.0013519373501607035,0.0014364568776994435,-0.0010914532720371906
2008-09-05,0.005992228686992007,0.006051925461400431,0.005666308512608298,0.005655258872461655,0.003802093000370377,0.0037182995776214867,0.0034157776916299287,0.003404077708576425,0.007442767031299091
2008-09-08,0.0016691609066226132,0.0016755060791404652,0.001649700025700085,0.0016263163248153578,0.0015652060146347235,0.0014907897758573707,0.0014814332310320033,0.0014918045883378639,0.0012154667384132178
2008-09-09,0.001450203901405711,0.0013939582676800732,0.00129798260805436,0.0012283495911162845,-0.00035930136211781427,-0.000345711667477544,-0.0003299968982959367,-0.0003390184139293595,0.002828735276939387
2008-09-10,-0.0008011000731475981,-0.0009332050623978017,-0.0008856127817918891,-0.0008269492864978467,-0.00036562809484352865,-0.0004799239801842603,-0.00037477257380624796,-0.0007164634708930473,-0.0015145441477512067
2008-09-11,-0.0033355777137241693,-0.0031554604412452614,-0.003431296056484179,-0.003206696334359993,-0.0020237698847942465,-0.0019711894843246203,-0.002036027557985043,-0.002000677943526985,-0.0064291946389472
2008-09-12,-0.0002101155059145432,-0.00017697644465686224,-0.0001604337028217051,-4.4993411168148256e-05,-0.0006656942045112357,-0.0007166724546410208,-0.000783172477464511,-0.0006492519994706347,-0.0011772018301536846
2008-09-15,-0.0016159105941186969,-0.001611188849639511,-0.001611133453218505,-0.0016046632940062144,-0.000599922411994469,-0.00012722140001486526,-0.0003522037546861423,-0.00031941962668446955,-0.002047530489256655
2008-09-16,-0.0014326700769689005,-0.0014389044789271388,-0.0015494106244454686,-0.0014078730494156977,-0.0008282745134334801,-0.0005767053423806345,-0.000662451371839512,-0.00047383725641614305,-0.0007957661909471225
2008-09-17,-0.0010434487609762844,-0.0011122458551448,-0.0008272562545230677,-0.0006549320943975978,-0.0005824132474322452,-0.000794944808498621,-0.0006653116192917308,-0.0006773486719905408,-0.002492545617239106
2008-09-18,0.000685176267842591,0.0005853797322872278,-0.0010673256112639917,-0.0012586593116471478,-0.0028355849006939104,-0.0026439682724023195,-0.0027033153885044348,-0.002761381185809708,0.0016073899735036257
2008-09-19,0.003050826989516864,0.003085390670652499,0.0033206013441944293,0.003336840572460975,0.0026054321195578822,0.002645652174847468,0.0029015950480701935,0.002977161789853966,0.0026702969683072286
2008-09-22,-0.001480859846909821,-0.0014713258621091851,-0.0014925094674596018,-0.0015158273421755908,-0.0016201220494945767,-0.0016262332508891753,-0.0015445366185333764,-0.0015957606352474674,0.0018125700170856796
2008-09-23,-0.0012194963711107398,-0.0011806028634382404,-0.001176674945075562,-0.0010820323700132528,-0.001624368821647404,-0.0014677040305894895,-0.0015869972584279246,-0.0014981411917028842,0.0008615629382813239
2008-09-24,0.0011702326600235846,0.0011030457261791415,0.0011400695396799332,0.0012021722842467941,0.0017396346567399856,0.0016561767065843558,0.0018052664599739199,0.0017737842599709897,0.005319285487307646
2008-09-25,0.0015939706907601714,0.0015200909024688514,0.0015965682671235104,0.0014968685788780967,0.0014438209496472343,0.0014615393799419785,0.0013439372091332835,0.001336838065833179,0.002957406310238886
2008-09-26,0.0035318073923304993,0.0034227413854690525,0.0034283774003522893,0.003349917506189959,0.003249746958437605,0.002794274277109876,0.0031609122557658687,0.002717204154214503,0.005809235855415151
2008-09-29,-0.0025191720604377243,-0.002536665477426925,-0.002285873001597105,-0.0022186651769646737,-0.0008606698655502232,-0.0006834152237508162,-0.0009032470542389426,-0.0006875066960971843,-0.004306931728321972
2008-09-30,-0.002461309717750604,-0.0023211205548360203,-0.0025246387589008545,-0.002246339924167784,-0.001287138342976002,-0.0013110280460619794,-0.0014002543377964471,-0.001222840484639942,-0.00453926602496868
2008-10-01,0.003213864852075865,0.0030641624779044196,0.002840609544290107,0.0028953416459018833,0.0029690789642016213,0.0029183074955869692,0.002757174364065751,0.0027878217643668712,0.004796183484136574
2008-10-02,0.0021726515914120004,0.002037686637307967,0.002067263094978511,0.00194699555294231,0.00042694480989924344,0.00048307285679061174,0.0006212159637266623,0.0007858586957836255,0.0002997415788197344
2008-10-03,-0.0003495306098308948,-0.0004775911754854034,-0.00020559082360183112,-0.0002950599859989911,-0.00015572876342473396,-0.00013106920402872202,-0.0003295647154388792,0.00022304279676088612,-0.00032814177942708245
2008-10-06,9.478287122655082e-05,3.3704380492549646e-05,0.0001690249753512063,0.00017245088293194044,-0.0008560542729764142,-0.000724459932792243,-0.0008223331049406202,-0.0007357348586908286,0.00043725194593990935
2008-10-07,0.0013494175944062103,0.001401153717362158,0.0014015589260016892,0.0013924090925236943,-0.0004544437401697854,-0.00040154521510660235,-0.00030518616873331794,-0.00024296153863501146,0.0012524537194071872
2008-10-08,0.003820609828138588,0.004066392067029412,0.0038674350720624417,0.0038790423007390995,0.004934212612667688,0.0049121680097989895,0.004683823294227674,0.004738447230613785,0.003588510659585209
2008-10-09,0.000373582419488816,0.00026140927246909307,0.00040447899758366823,0.0004555997228667952,0.001908192717798629,0.001894122793111963,0.0018637596438968451,0.0018602780299543653,-0.0018628093722786732
2008-10-10,0.0035737146762426786,0.0034805970272631104,0.003396931938011827,0.003567504735505489,0.003775313194439578,0.0037927613831247875,0.0032410301659888674,0.003515029727892305,0.004907898924243481
2008-10-13,-0.0022307871091115095,-0.002263057403507851,-0.00311085341410533,-0.0031763437271480344,-0.002262307494933724,-0.0022969039588603968,-0.002296764845006627,-0.0022369425094903583,-0.003647404014354705
2008-10-14,0.0033372254469092866,0.0030298263525845304,0.002977614840492304,0.0026530399827320306,0.004649260347735273,0.004363593631608875,0.003759176990402402,0.003893573821329266,0.0029105968874019172
2008-10-15,0.004299138122982216,0.004408465321301458,0.004186901202680282,0.004691967184541568,0.004283155671773731,0.004305273708478108,0.004493701058052357,0.004529659389024943,0.006835610440132811
2008-10-16,-0.005173824868931254,-0.004953240554887328,-0.005026415036399445,-0.004754390812697684,-0.0027528489538406475,-0.0025110614245043017,-0.002650465122395973,-0.0023878843140413553,-0.005491281874809406
2008-10-17,0.0017047328973431863,0.0017654020536692627,0.0017871330326564294,0.0018557159368894904,0.0022026916549460207,0.0021698502138447484,0.0020052805286772113,0.001964633136000371,0.00022648994222573826
2008-10-20,0.0032013991563617505,0.003110713184605096,0.0031472780057419936,0.0030380891361940776,0.0031601987957154964,0.0029016864528406128,0.002424538978551549,0.0028140494636634816,-0.0012913896473113473
2008-10-21,-0.006219082553975963,-0.006264053532675895,-0.005709121446754506,-0.005709089512770937,-0.004245367493447283,-0.00411645900811608,-0.00477773735314424,-0.004842318403556423,-0.008696673127811638
2008-10-22,-0.001414173853012235,-0.0012638996335274655,-0.0012112827137528148,-0.0011120253691688786,-0.0021149435970294617,-0.0023080739630385594,-0.00190810476629244,-0.002278322605292926,0.0004907471647919159
2008-10-23,0.0016586449379294432,0.0016374161367012086,0.001443793874236432,0.0014170831448216958,0.0021312422329919922,0.002079577896016538,0.002033823436950799,0.0022054405491134244,0.005423862525367751
2008-10-24,0.0015890292088527325,0.0016498274300640325,0.0016839090162026338,0.0018299816468241303,0.003507393234025713,0.0034616319598659295,0.0036775006169380564,0.003796307732473414,-0.0006636936800790139
2008-10-27,-0.002417774369964709,-0.0024399863926521936,-0.002091984876280706,-0.002182032831822389,-0.001684315078220533,-0.0016887461097752077,-0.0017845995691322392,-0.0017842346205574344,-0.0025580527144942744
2008-10-28,0.004840695055498001,0.004512174468080055,0.004362178330676647,0.004008615823858364,0.005125506537660085,0.004790294575809151,0.00465863279570411,0.004405492389351284,0.003769979947344737
2008-10-29,-0.006099785652406875,-0.006030134543495103,-0.006063913081415739,-0.0059634242156931805,-0.005700202123311127,-0.005557102054991714,-0.005133461207828871,-0.0050244802000157796,-0.005576947479636218
2008-10-30,-0.003070037472420961,-0.0030777235935385283,-0.002982050000735703,-0.0029691254446762017,-0.00302166392164982,-0.0029708601793928535,-0.0029339147445807123,-0.0028299149983126437,-0.004337345023919026
2008-10-31,0.001810226881027388,0.0016605229669708343,0.0019424792432207738,0.00189563925831715,0.0016944954410895718,0.0015513314365938058,0.001589277733307748,0.001655879152366202,-0.0013674463338789744
2008-11-03,0.0001332128515139086,-0.00012016513618295921,0.0001391530365328908,-1.4695703710931873e-05,-0.0001445952718152066,-0.00013050871049746782,-0.00032624728686947435,-0.0002861836945305951,0.002370728537561151
2008-11-04,-0.009379505718529746,-0.009255287530732015,-0.009587134671557918,-0.009296929481675709,-0.006019685482505643,-0.005871862234633096,-0.0067108835599518635,-0.006616174470402303,-0.00791622699724015
2008-11-05,-0.002172606742823935,-0.0020181342902959587,-0.002458754419289555,-0.0024474536301376526,-0.001150411621671843,-0.001028066755243251,-0.0013970172877917353,-0.001351618726073034,-0.005578773501535794
2008-11-06,-0.0007230421190349556,-0.0006384385296877015,-0.0005141305146042496,-0.0005342856207111168,-0.0018151544099759276,-0.0018666703990570799,-0.000827217981756001,-0.0008060997891833344,-0.003967304706192221
2008-11-07,-0.00040955694040767376,-0.0004597001736349471,-0.0005818217074601284,-0.0005642912799185273,-0.0008181692300837096,-0.0007560024588066927,-0.0006229377168449624,-0.000587754941564822,-0.0006829628159787937
2008-11-10,-0.00024607797514031304,-0.0002639329898657117,0.00015043097349654033,0.0002285598552136392,0.0009870725625924504,0.0008751062899938766,0.0011593484100762552,0.00102373103876241,0.0012850659958254518
2008-11-11,-0.0009945627919520916,-0.000978115502623611,-0.000981409462788796,-0.0009644511622567409,-0.0010268788970291265,-0.0010056694543544298,-0.0008134571806579505,-0.0007455437455474723,-0.0008916348234033755
2008-11-12,0.0025129877114375976,0.0025764213233223643,0.0025903798228075203,0.002572041407918224,0.0014167490711300967,0.00164323925928489,0.001567040669147035,0.001752499331063806,0.0021564529099880048
2008-11-13,-0.0016297728476502016,-0.001740080658713672,-0.0016395585425985626,-0.0016580518268068944,-0.002411974823645524,-0.00213278635523928,-0.002480447212485748,-0.0023394471144163598,-0.002829923011457458
2008-11-14,0.0009855855446885275,0.0009505408982681818,0.0008482652460601869,0.0008428546341949783,0.0011539669538302988,0.0011901841905235244,0.0011549801133043935,0.001053876645104479,-0.003376552415410905
2008-11-17,-0.00013873709953116098,-0.00028042432786345994,6.876385777565552e-05,8.679820492396573e-05,0.0006430016342495737,0.0004276428367995244,0.0008513552954441117,0.0006524846473308088,-0.0046132485530775424
2008-11-18,-0.004569869930052484,-0.0043237128037995065,-0.004634518122768938,-0.0044191747364736855,-0.004537977998376408,-0.004602294664418749,-0.0047714460092046496,-0.004430162490445033,-0.003603323260323088
2008-11-19,-0.0016155621389654096,-0.0015862373697979049,-0.001638907490257302,-0.001519175449088861,-0.0023591535789333484,-0.0023027018398678045,-0.0023483183840341537,-0.002299683303537803,-0.003004978709535977
2008-11-20,0.00044414232110545626,0.00020721911609711263,0.0003168175964796127,0.0003235578310050169,0.00028362247426905185,0.00017747675320811673,8.475043316669151e-05,6.819461481111233e-05,-6.442410355522732e-05
2008-11-21,-0.0004254077371144138,-0.00019883967709022343,-0.0005053506144301334,-0.0003417784158317172,-3.490047684617803e-05,0.0001799339218597762,-0.0001193375975255817,2.6143334383998962e-05,0.004966508268062553
2008-11-24,0.0025449668686980953,0.002658356280378804,0.0023088866762825955,0.002292785608081882,0.0017500387739191048,0.0017675417036320251,0.0015208062661515864,0.001462051410834997,0.00411510793976122
2008-11-25,-0.001782044012643369,-0.0017085202056594806,-0.001789503412834903,-0.0016030963096230755,-0.0016734500119977014,-0.0015132399823801768,-0.001499610945912333,-0.0014660357481921515,-0.0022825247291763384
2008-11-26,-0.0002844806196173888,-0.00020956416573481018,0.0003361045776113514,0.00039206378268064057,0.00022006356723491827,0.00017118325802689682,0.0005578170965037099,0.0006017821134447487,0.000996089286608992
2008-11-27,0.005348360427740229,0.005181426325467919,0.0044163503083376465,0.004354352259595684,0.003110880256443904,0.0029267048411423247,0.0023788071564914137,0.0021801534988867832,0.007069745116101034
2008-11-28,0.0024129944014248395,0.002409363099167283,0.0024743187833191627,0.0024244189402555794,0.002156394047228005,0.002162737878543153,0.0018791251373633244,0.0018850765990048313,0.003172143167579522
2008-12-01,0.003060717364811172,0.002961505829857325,0.0030377265130492326,0.0030262417184279133,0.0021061278107337156,0.0018615129718828616,0.0017874638923367492,0.0015586748356894997,0.004945508193836989
2008-12-02,-0.0032025852711143887,-0.002891693912554949,-0.00306906418865871,-0.0028834621414012274,-0.0033926049258922175,-0.0032703010658808873,-0.003657872847090071,-0.003197737247388588,-0.0009916851534887972
2008-12-03,0.000897714077695122,0.00104011917239899,0.0011546757386544648,0.0011783048856077727,0.0011008183098513147,0.0010880961626216212,0.001296444797429963,0.0016532495463665864,0.0023075003792600857
2008-12-04,0.0022303719116012477,0.002103665546327571,0.0023537346077122656,0.0022459935768657235,0.0011904903979851333,0.0010577982202861769,0.0009188964341610983,0.0008088172143911887,0.0013573305711831463
2008-12-05,-0.0012459606845797166,-0.0012597986649526272,-0.001316083691602521,-0.0013247465053574103,-0.0007273413686693653,-0.0007659124057123323,-0.0008136196142500829,-0.0009146866160626432,-0.0012851371108553167
2008-12-08,-0.0007684925744627646,-0.0007380679378725663,-0.0007105613903339858,-0.0007680992749061755,-0.0019390609863385588,-0.00218016219565742,-0.0019593848927638158,-0.0021117324458601594,-0.0019432702919583988
2008-12-09,-0.004038071492129203,-0.004049895022359085,-0.004122873653880865,-0.0040418630455671956,-0.0039811404852077015,-0.0038904529774034247,-0.003966448795438615,-0.003849072523513186,-0.006247137629270094
2008-12-10,-0.0014485477148047377,-0.0014790782836296978,-0.001321908007921313,-0.0013929445137459417,-0.0017814572428542785,-0.0018709729609490688,-0.0015683636576069304,-0.0017095985201110997,-0.0020547558086260187
2008-12-11,0.002446758183510145,0.002511349648359529,0.0023567744822659,0.002681197234411181,0.0013235221266953978,0.001368799776198415,0.0014843399114425893,0.0014968106189845454,0.0020172709806907108
2008-12-12,0.0034640155608942624,0.003596100958250581,0.0037967058046874946,0.003961385940225437,0.002920772756330736,0.002903428735779867,0.003098694999421836,0.0032823191225312964,0.003910095628715249
2008-12-15,-0.0004239843863882431,-0.00044721766406663477,8.251923651769744e-05,2.785235150004617e-05,6.665351462742386e-05,0.0003837326310718314,0.0004122455524731006,0.00042747491584571584,-0.00014054355306669652
2008-12-16,-0.001594905650014189,-0.0016397490725105213,-0.001797991172251101,-0.001799604737922622,-0.0015810829690753314,-0.0016822414329042967,-0.0014678178206367631,-0.0015400636302300708,-0.002811523330249144
2008-12-17,0.0006203268518587546,0.0005367631469082035,0.0005482184291991654,0.0004576426590874316,-0.00023503142286196432,-0.0004493460591901144,-0.00028343240251982316,-0.0004699518616828602,0.0005977107073760202
2008-12-18,-0.004013219804180457,-0.004129003245256446,-0.003760646450312821,-0.00376853338379457,-0.0028796159009814026,-0.0030086976062723148,-0.0027413476294320116,-0.00304070123986655,-0.00660538621011264
2008-12-19,-0.0020483934303926477,-0.0020481403930832087,-0.0019136274240297846,-0.002057185251722937,-0.002663030352107465,-0.0026017887732356915,-0.002645690613364393,-0.002635048610039159,-0.0025102378680911253
2008-12-22,0.0015031153392350838,0.0014692061771075515,0.0014108107581800589,0.0013321870773017608,0.001409531659713803,0.0014543241260336348,0.001119773147700398,0.0011577410494802987,0.0020003750288248856
2008-12-23,-0.003062016750151275,-0.003021805377661946,-0.002959831384845679,-0.0027717716936160874,-0.00216518675298083,-0.0020686940297758305,-0.0021969098241106932,-0.002117394086275315,0.0014501973004459323
2008-12-24,-0.0021740376222115776,-0.0023685707753949847,-0.0021705736078010407,-0.002191967307706988,-0.0021584068225874997,-0.0020085435190817513,-0.0021556681797973987,-0.0022287461693804023,-0.006281855060494612
2008-12-25,0.0006408390662762109,0.0006101923215811045,0.0006363441246148849,0.0006005167625244834,0.0008078917822664788,0.0007648008156875274,0.0007851629147386241,0.000732584047656637,2.6598762964180622e-05
2008-12-26,0.003996295454761656,0.004168727162152441,0.003272175306939351,0.0032147180216828275,0.0028675434411802314,0.003208509333811005,0.002820793031870439,0.0029557080526971813,0.004302016111886742
2008-12-29,0.0060912153325887175,0.006253119332475521,0.005012162174784507,0.005098123550668188,0.004097198138204972,0.004080855688281426,0.004125513903544764,0.004178887194232095,0.00748483968776581
2008-12-30,0.004398327247179923,0.004405223066101138,0.0042445322667723495,0.0042276004981784965,0.004514852660395752,0.0044646991814698556,0.004463946792534701,0.004674146243131672,0.0062977880472769865
2008-12-31,-0.0028168693005963252,-0.0027420375023097243,-0.0030695978742949492,-0.003172993393441681,-0.0005790437425600148,-0.0004412501412139891,-0.0007776963001387971,-0.0005865445110940781,0.0012114427244154236
2009-01-02,0.0006062818240248902,0.0005789262628208558,0.0007804304029481735,0.000808827269488166,2.326673975483473e-06,-3.409029317624768e-05,0.00017835802245569354,0.0003101320402698615,-0.002833810545160631
2009-01-05,0.0018321448401639184,0.0016411806378726634,0.0019271213785820862,0.001793193120173786,0.0002657656037912126,0.0002583016129371618,0.0001613903070607492,0.00034883172166755294,0.0045657688419462605
2009-01-06,0.0008329466626744164,0.0009623905042090986,0.0007844731560284757,0.0008226893791429823,0.0006995304632504418,0.0006293494890625695,0.0004991413346975282,0.000396117360072612,0.0010787175294300066
2009-01-07,-0.001133603235212166,-0.0012236129540665885,-0.0010108169805890244,-0.0010901544516666029,0.00018025003852351063,0.0001878684075953263,0.00039538435041497344,0.0003413571648862579,-0.004989712471036745
2009-01-08,0.0021393261174043054,0.0019859645194686415,0.0021336842453580918,0.0019548138233400625,0.0012393815859823576,0.0010972892513279042,0.0012043871205518197,0.001109356047239718,0.0012808783031630355
2009-01-09,0.0005618793451065418,0.0005927969791059695,0.0006953596525667294,0.0007128816544759164,-7.199990169748371e-05,0.00018246463295445992,1.543387152480591e-05,0.00015865965928774095,0.001603459897557391
2009-01-12,-0.00233198583250549,-0.002180755890400232,-0.0021594523609884675,-0.0021770867212809186,-0.00162043987176963,-0.0017692335181738184,-0.0015029431035209484,-0.001621462211506608,-0.0037067865154167823
2009-01-13,-0.0029867159963874457,-0.002921684195152263,-0.0028360382783882976,-0.0027985639615798474,-0.0009259208374793326,-0.0009307255212894772,-0.0009892669562009404,-0.0008201555574363084,-0.005583771594308673
2009-01-14,-0.0004516886539396303,-0.0004249073227927669,-0.0003870254702453835,-0.00034793073075389813,0.00019549257795681285,9.156960303924322e-05,0.0004758986132522569,0.00021705917594405655,-0.002764351494896955
2009-01-15,0.0012499965342873676,0.0011566141361805116,0.0012551415811619115,0.0011487331067911999,0.0010875564850503228,0.000997673696562007,0.0011637948489517935,0.0010540096060014381,0.0012583462060349326
2009-01-16,0.0024950728272057354,0.002390548784374058,0.0024320323461157756,0.0022735284520398746,0.0017513457731017645,0.001560854195860717,0.001763699453797507,0.0016812579289497975,0.002029910888384112
2009-01-19,0.0010696073948102125,0.0008937218196711783,0.001574126804676057,0.0016793862458983622,0.0004161908298743189,0.0004239403461925306,0.00032455084650551136,0.00035179059750967134,0.005969078116219384
2009-01-20,-0.00030501420464967843,-0.00030854367803179183,-0.0005281432241962536,-0.0005278518497910945,-0.00032220249670467105,-0.0002821649162463302,-0.00024474028243592905,-0.0002250354746587968,-0.0010456368286150264
2009-01-21,0.002488473971387739,0.00242468460642975,0.002396962460448515,0.0023157662788857447,0.0024245122237844807,0.0026097335515331554,0.002476540210184508,0.002686585992561996,0.002500038893380685
2009-01-22,0.0002264201919883746,5.047455831586056e-05,0.00022747387321486734,7.62171856827365e-05,-0.0004038240196808651,-7.083914468364316e-05,-0.0007379778730155495,-0.0002557610473514771,0.0012413026105226876
2009-01-23,0.0004027205979286741,0.00033290554998854915,0.0007504391430415147,0.0006577739340476452,0.0005430842232516664,0.0006243139784460894,0.0011806019974300863,0.0008250221966112914,-0.0022633757749698225
2009-01-26,0.004323533565042226,0.0042647697739610635,0.004352169974063624,0.004246171797720022,0.003366947273644172,0.003307891146658415,0.0031227813527481274,0.003090795367539867,0.004641847110241182
2009-01-27,-0.003688561939091617,-0.0036939190964148105,-0.0028425798981718264,-0.002818510263345675,-0.0020605314808046504,-0.0020053871996240646,-0.0015080075666356052,-0.0015393723837922035,-0.0019340801336621416
2009-01-28,0.004829194256552816,0.00490878660608729,0.005100218494677122,0.005135849560075956,0.004873517903287716,0.0046959646182669346,0.004633364552001362,0.0046335961289381,0.008026581881605654
2009-01-29,-1.7583885400185295e-05,4.1713982381175185e-05,0.00031734447131515076,0.0004858172238091374,-0.0007275234925722129,-0.00034135727237916136,-0.0005265494867007225,-0.00016737709266489986,-0.002982715364289179
2009-01-30,0.0024416848067032593,0.0024509932627272413,0.001856729268467916,0.0019054943126688428,0.0017360989048358366,0.0017603297051349553,0.0013218283364573313,0.0011745105148908142,0.002463021687435063
2009-02-02,0.0016809703080524763,0.001634496462083579,0.0011998833901105677,0.001159925804809614,0.0005820272525642878,0.0006177116430399199,0.00018282998024243824,0.00014058498803404262,0.00037307571501998815
2009-02-03,0.0010617395091419013,0.0010546105532942551,0.0005942857769287713,0.0006505840025370357,0.0005608004607422501,0.0006698933584599054,0.0003654220906257333,0.0005885347099898741,0.0012938412944172306
2009-02-04,-0.0002919470614204389,-0.00011550220581402204,5.700204626668537e-05,0.00016424320494445865,-0.0009096675347737282,-0.0011805440154075697,-0.0007171123077541752,-0.0009835329481671096,-0.0002980319288330424
2009-02-05,0.0015629142965238874,0.0015983893487307999,0.0014044526627605691,0.00142606528038014,0.0016704396767421859,0.0014622027426474116,0.0014948410874260354,0.0014125451081541396,0.0013321033019493278
2009-02-06,-0.0005743018517410103,-0.0004964145667838427,-0.00034590043176363494,-0.0003320209348536274,-0.0002605487943375673,-0.0003969824040692682,-0.0002458554367013033,-0.0003895861266813849,-0.0020524848061305168
2009-02-09,0.0026688399229739534,0.002913886304656943,0.002670379720526306,0.0027673423416088028,0.002158661966471076,0.0021752629651985433,0.002397126003970129,0.0021888225691530927,0.001025475868225989
2009-02-10,0.004625146642809996,0.004314781056449668,0.004454581469510943,0.004268854878481498,0.0037104315235927388,0.0032590543702541996,0.003801754129602264,0.0035319509881435174,0.002908382785257846
2009-02-11,-0.003410557184593599,-0.003403355101964989,-0.0035369136825827985,-0.0034254619816896925,-0.002996336196657956,-0.002825222127331717,-0.0031226490046476485,-0.0029544755800219313,-0.004286934625147953
2009-02-12,-0.0017172264421553285,-0.0018235393198794414,-0.0015511767220446337,-0.0017207649662582813,-0.0017884244805665972,-0.0016635085452588738,-0.0015147217338631336,-0.0013675464882743071,-0.0014021732789448738
2009-02-13,-0.0028705360510524747,-0.0024665408874745554,-0.0026115393803889386,-0.002180391847427132,-0.002226610274126739,-0.0022758493623901144,-0.0023139383139656466,-0.0023283638077062907,-0.0053704103264548
2009-02-16,0.001898104661686606,0.0018191124642046308,0.0012719323839032182,0.0013347263939893494,0.0021166911973411473,0.0020493896146587254,0.001575346981221637,0.001522638094029416,-0.0011260914815273138
2009-02-17,0.001889692434664525,0.0019260875370292752,0.0016911199211850914,0.0016818371197453441,0.0005955903687089315,0.0005100730984435309,0.0007058473835697132,0.0006459430040532954,0.003378501539475831
2009-02-18,0.0021343071327746266,0.002154570006462686,0.0022892879339038164,0.0021561930174485155,0.0010467614744729126,0.0011034070102176052,0.001161111544626614,0.0014027074277156437,0.0009771803604028406
2009-02-19,0.0019202675169174288,0.00167292594108015,0.000860712572945177,0.0009398661255297647,0.001167463883703812,0.001183201731573602,0.0005454085580798296,0.0004328667495958616,-0.0011552113073037829
2009-02-20,0.00011486932705806474,-7.952900019603248e-05,0.0002201330833713211,-6.010784743837316e-05,7.3193042993136e-05,0.00017523077409564713,0.00012044578723280353,0.00024138358939085336,0.0010451507100641688
2009-02-23,-0.0036692480457676258,-0.0035589219924143656,-0.0036775625074422225,-0.003545894162506058,-0.0015877350020095937,-0.001408974650873307,-0.0011234434673573768,-0.0009791515539849804,-0.004272411899847284
2009-02-24,1.608616173576216e-05,0.0001003337343215005,0.0002172856989715033,0.0002466620249639284,0.00013461109816814698,0.00017838125193381238,6.888857802955783e-05,0.00026534372877828893,0.00012872634104543756
2009-02-25,0.00048551216262171515,0.0004453861515703039,0.0008670105565262709,0.0008677758870907493,-0.00015782245160511632,-3.6844042681338784e-05,0.00025888541868046566,0.00042041841592022067,0.004443913121496612
2009-02-26,0.002781570556300128,0.002628176096916679,0.002506537236307338,0.0023970383860638655,0.001981509374184176,0.0018946373816759454,0.0017631722666879845,0.0016460011723571366,0.0009033285944171077
2009-02-27,-0.0019282156543195539,-0.0020022342486161193,-0.0021321988441223017,-0.0021837770154677916,-0.002108490322589307,-0.0021090123104114955,-0.002253566113578964,-0.0022473225328795143,-0.0018130969791516627
2009-03-02,0.0004560000689683985,0.00047805456789662415,0.00022465056000409156,0.000251753482190864,1.4920864111367393e-05,0.00012366632243154818,0.0002409392128557286,0.00017453921865362432,0.0007639213262966571
2009-03-03,0.001210371265000898,0.001387662016401059,0.00028744638632804964,0.0005162305479273765,0.0001326020361356317,0.00022407190742734784,0.00034834402286620936,0.0004505980734377246,0.005547866744827656
2009-03-04,-0.0037340453577395794,-0.003599957030040124,-0.0034796810252972765,-0.003304650421181776,-0.001261179678903046,-0.0012651409599063745,-0.0009223983066297681,-0.0010473314723808969,-0.0004832150291529391
2009-03-05,0.003502948834902986,0.003422081920239517,0.003492317206229112,0.0032379427943742822,0.0037311113685252195,0.0035363470249523132,0.0033847946615075397,0.0030494096927184966,0.003927325986208041
2009-03-06,-0.0010323007013887109,-0.0010114783221560897,-0.0011265620904967744,-0.0009380420205443718,-0.0015790480578238286,-0.0012291870762906054,-0.0012034907508760018,-0.0010418911262859432,-0.0007611018465919495
2009-03-09,-0.0011608167830183813,-0.0011057326226977526,-0.0010756228798177725,-0.0009894439129468635,-0.0005624127537927626,-0.0005589580580610543,-0.0007978429527785158,-0.0005906271595766954,0.00044555353604058823
2009-03-10,-0.0003478993194367952,-0.00022343934317792247,-0.00015631771362700775,-0.00014930374560928605,-0.0014015710579543539,-0.001374029942479038,-0.0011640246421630307,-0.0010950503084536933,-0.005632693685250989
2009-03-11,-0.0016792776048584201,-0.00146793356386965,-0.002212002393886525,-0.0020852623134621773,-0.0006596640334650683,-0.0006371117693666495,-0.000977495087951974,-0.0009752351246610225,-0.004682445505962085
2009-03-12,-0.003569424238824892,-0.0037599875178954134,-0.0032856405185155424,-0.0034520390776515697,-0.004021656604804136,-0.004180821446704508,-0.003979538869291699,-0.004060340534521423,-0.005933113373898458
2009-03-13,0.003826950978432331,0.003810700429271341,0.003497164368552852,0.003311391209292358,0.0034370425858136766,0.0031388910876464227,0.0028541394252419305,0.002685315461595117,-0.0014957362487098003
2009-03-16,0.0005439489118357344,0.0007257780246354706,0.000481332341348617,0.0005639798600429735,-0.0009977133277813133,-0.0006969144027758611,-0.0012014222956511222,-0.0011176965246552095,-0.0014346040069007637
2009-03-17,-0.003020512049217272,-0.002855855757542547,-0.003090570233103218,-0.002998922322688613,-0.0017751862091428539,-0.001722267556048096,-0.0015245707722566504,-0.0014266307980926873,-0.005000801632977558
2009-03-18,0.00040924802424435747,0.0002184051160170064,0.00037643657417296694,0.0002483206137040561,-0.0004561530537438019,-0.0005512017060192997,-0.0002944198296954692,-0.00037973783987876875,5.9008888535050374e-05
2009-03-19,0.004698301775544422,0.004422829715073018,0.00434939985481142,0.004296756447640604,0.0044875577806027245,0.003976233825455644,0.0038587494082638063,0.00363345203078258,0.001724956598798677
2009-03-20,-0.00010522741076535169,-0.00012069925990065844,-0.0001533635791793886,2.6383005769403667e-05,7.140675712058453e-06,-0.00012865838608555613,2.0533075887119168e-05,-8.883072031351524e-05,-0.0003397429641448513
2009-03-23,-0.002206513365734186,-0.0021928828036743564,-0.0021852519232703482,-0.002172067288390256,-0.0019988906928932737,-0.002158282161958014,-0.0013821932537761983,-0.0014092915805087314,-0.0038034869280743067
2009-03-24,0.0023219098343034705,0.0023298062564520716,0.0023631065047615696,0.002414801963511737,0.0024014138373893434,0.0022745830237920206,0.0024600102635055077,0.0022643319870545575,0.0011205515177328262
2009-03-25,0.0018569656169487025,0.0014552807322427697,0.0017751109079002791,0.0015395835838138971,0.0016861253175060043,0.001205401795151495,0.0018873709991544807,0.0013179055854144472,-0.004762492082920233
2009-03-26,0.003499645572774268,0.00345104048739997,0.0034451894765432645,0.0039778335057445435,0.0004502894019220438,0.0010861235703385486,0.0004738510798185658,0.000528721683952238,0.010732203577613175
2009-03-27,0.0024786112421777418,0.0025002520844146225,0.0025812341123772065,0.002662078229642928,0.002702765657214945,0.0029729231810238232,0.002784118357969101,0.0028620360820892365,0.008446261499368113
2009-03-30,9.933933730255085e-05,1.8520743538141815e-05,0.00018661787622220594,9.624198829194519e-05,0.0004528192089015004,0.00031330074664359664,0.00042163057043964614,0.0002785583272366665,0.005266493250191351
2009-03-31,0.0013640476475842434,0.001395096076435287,0.0010297719310485842,0.0011131761843488075,0.001189844607476509,0.0011403195420323087,0.0007806937869523356,0.0007837133313282063,-0.0021753442802607825
2009-04-01,0.0031916673234066995,0.0032835875530117242,0.0034386851670460405,0.003489287740004121,0.002857567924952953,0.0028969329806691757,0.003025988419998793,0.0030158523506633728,0.0023098121994322707
2009-04-02,-0.007155275830946217,-0.0072133025455281,-0.007544418429803801,-0.0075027824807724075,-0.0036070016371068103,-0.003611367538093213,-0.003907526006827422,-0.003994102949413381,-0.01117673543935327
2009-04-03,0.00043581540873605107,0.0004897188314496592,9.002327783003139e-05,0.00022250979702120866,0.0007622583665718441,0.00068260999668035,0.0006333234880895322,0.0005412824151702633,-0.002619588901642933
2009-04-06,-0.004888235599479485,-0.005036930967757147,-0.004743659023416336,-0.004799423656357549,-0.0026533278233522584,-0.002682244908805198,-0.002502836133883468,-0.002529149700242206,-0.0024200315265329175
2009-04-07,0.0004061027255284344,0.0006403328569735134,0.00045699792332198896,0.0007287837627338867,-0.0012139306025344965,-0.0009492743995060948,-0.0008734464137334363,-0.0004516050112763903,0.001464912630577686
2009-04-08,-0.0012448918899420347,-0.0012666568607198059,-0.0011025200341141517,-0.0010644050383070702,-0.0013770856505720408,-0.001366379606425494,-0.0014583213252136185,-0.0014419055210265208,0.0006422535269194896
2009-04-09,-0.000829825023646924,-0.0005939109601371673,-0.0001899427068661197,1.5055332580837799e-05,-0.0009088123305891482,-0.0005368729749521961,-0.0001389047596269677,0.0003945231112036929,0.00016836805556752488
2009-04-10,-0.00016282294088409976,-0.00013305715907563354,-0.0001429157686907434,-0.00011214124517699986,-0.0002322164910456559,-0.0002556909887290182,-0.00024348299089993475,-0.0002774720931164598,0.00042957517326569494
2009-04-13,0.0007302334279317702,0.0007929215704989279,0.000980346912750285,0.001029003282309704,0.00011145235816378829,4.754675207796488e-05,0.0007880721738016128,0.0007716564343007715,-0.0059574813844848196
2009-04-14,-0.0009695608347843887,-0.0009121280440382851,-0.0004916129783281153,-0.00037385488047381177,-0.0019042199588943376,-0.001902735535022293,-0.0017390806711171658,-0.0016237626290882545,0.00603733561647779
2009-04-15,-0.0011572282277676482,-0.0010115294927564022,-0.0009748956648472085,-0.0008725556229083331,0.00028801223356511585,0.000348524750481527,-0.00022622976318031895,-9.72027820770327e-05,0.003522539516314316
2009-04-16,0.004950358360602536,0.00516103837178572,0.005018681089539401,0.0049155638934632595,0.002567361365062304,0.0030764991131033703,0.002931013763608048,0.0030966580701481394,0.005551413333228616
2009-04-17,0.0017913948916330469,0.0016014923089304745,0.0018417711258431613,0.0016385579751929669,0.0013105481671829011,0.001251952587949079,0.0012763764895624696,0.0010783884666287769,0.0012210063300071017
2009-04-20,-0.0016699682344679667,-0.0014677306488333208,-0.0017349069950212126,-0.001551289453790683,-0.0018796191359780057,-0.0014258797175549232,-0.001968606064374212,-0.0018396007407758264,-0.007273822934893426
2009-04-21,-0.000590460566039841,-0.0005803950313891804,-0.0006202202211315067,-0.0006072717935642347,-0.0005510320502819521,-0.00048238169727032876,-0.0002706455340987235,-0.0003043133100131268,-0.0005491208645120871
2009-04-22,-0.0043787602047781204,-0.004363946702265031,-0.00440055613697754,-0.004361715243505704,-0.003968980920696752,-0.0037913197395834652,-0.004106719305227768,-0.003942469577464802,-0.0027382881447213236
2009-04-23,-0.0015517779120008957,-0.001471182133920057,-0.0015355572527722128,-0.0014356472650440821,-0.0008919256153990807,-0.0007867424457127514,-0.0009671069469933125,-0.0008120765473269564,-0.0018757948487337917
2009-04-24,0.005703234908355004,0.005543456891621945,0.005653688732354389,0.0054250467183696305,0.004730963159069734,0.004840477583523128,0.004743904850266878,0.004801776827724424,0.003159736148859338
2009-04-27,-0.0015511009147174404,-0.0013865235869674475,-0.001506744968849727,-0.0013101840279179378,-0.0012604286629173123,-0.0012275075584804451,-0.0011369996802015336,-0.0012226033648088386,-0.0032079114145127097
2009-04-28,-0.0009172664693092303,-0.0005619463179065143,-0.0008459582805562249,-0.0004969849043110486,-0.0004362213909081536,-0.0006189181921648634,-0.00043836115951456645,-0.0005555204093368182,0.003798223180561555
2009-04-29,0.0008120325926286309,0.0009517409114347952,0.0008443623892777641,0.0009514817349078886,0.0001943550617942158,0.00028169508140130084,0.0002380156599919303,0.00031626275588458874,0.0005360997398478062
2009-04-30,0.000554771439662316,0.00044675800859605985,0.0007016779666098039,0.00047064493678750097,0.0001297648134404028,8.939533342422479e-05,2.2893322898953627e-05,-2.279319863052187e-05,0.0002701740983619416
2009-05-01,-0.0037986026832119713,-0.0037510703575333038,-0.0038831293251921917,-0.003730993813779837,-0.0036128226190520474,-0.0035559298483780477,-0.002908250680678126,-0.002912227256428812,-0.003047898472615773
2009-05-04,-0.002566124393965752,-0.002527533082551714,-0.002600862933282877,-0.0025672187541554425,-0.0019789312976623563,-0.0017509897460306068,-0.002010940441497411,-0.0019560717520682447,-0.0007634192429955
2009-05-05,0.00030247391634929954,0.00031692072579025954,0.0001042084598965598,0.00012767511177691482,-0.0006794865656950533,-0.000522914679615627,-0.0008897632517921306,-0.0007745497529507706,-0.001303241135569011
2009-05-06,-0.0004683419314422954,-0.0002847962050083197,3.183924533356475e-05,0.00021070246403098736,-0.0005628813107160235,-0.0005019995273812805,-6.12265671193768e-05,-0.00011381098106399978,-0.0018032253647116692
2009-05-07,0.00479787856218028,0.004463683387202488,0.0045925657554515276,0.004329250358355852,0.004715854295223476,0.004547423388280736,0.004453513388439356,0.0041453378958822285,0.003507424446400398
2009-05-08,0.0007720961712267549,0.0006457908976629234,0.0008934002356628667,0.0006822183461465681,-0.0003602391620008971,-0.0004951500059212632,-0.0003254127033706089,-0.00045961742168787456,-0.0013848440746632162
2009-05-11,0.006843155727703776,0.006811640219213322,0.005811977728456652,0.00596003460114547,0.005499020614083472,0.005605149985301372,0.0047857365126307005,0.004820855333814045,0.005111649696179832
2009-05-12,0.0021609136274411966,0.0023314735354820204,0.0007357632189834984,0.0008285123160871599,0.002518922215531738,0.0026709012394199316,0.002581865430900443,0.002660642323300877,0.0007471753846577389
2009-05-13,0.003005304401032749,0.0028839603347352583,0.0032668533701170066,0.0031257076712298826,0.0029332558287438193,0.0028558504288040965,0.002912063607268811,0.002911045201538398,0.002083363206266009
2009-05-14,0.00022470843488986425,0.0001891786130334694,0.00025350347924923966,0.00012108771023267018,0.00017405610739329447,0.0003509311101050905,0.0003476728930236206,0.0003606241313658387,-0.0004455181421262333
2009-05-15,-0.0001064282185158083,1.301478188420191e-05,-0.0003297345834476495,-0.0001543799366645615,0.001760089229843942,0.0017851786488214394,0.0016629155989300592,0.0017242217984410058,-0.000708227883235435
2009-05-18,-0.0012416884549932838,-0.001117606866743448,-0.0009710331643043579,-0.0007573444941205709,0.0007688951634290397,0.0008637599724694578,0.0009504327332428009,0.0010550041142098898,-0.002500112911159147
2009-05-19,-0.003181442212096708,-0.0030445879723746128,-0.0025797194861300055,-0.002434440907058466,-0.003935315533736716,-0.0038799787266032837,-0.0034583306158333382,-0.0033007374490017227,-0.0003361529791291451
2009-05-20,-0.00045730255307829815,-0.0004891873788770429,-0.00048004448082372697,-0.0005266408744252216,-0.0006723450857047952,-0.000754345343359053,-0.0007143732436308836,-0.0007374110610275375,-0.0038831758359053614
2009-05-21,-0.0020629370733608043,-0.0017254070494292506,-0.00224572616658103,-0.0019417887330296368,-0.00019251164943989707,-9.857112316480343e-05,-0.0004226078558242641,-0.00012281600612373822,-0.0030732288813012376
2009-05-22,0.00014780080836929166,0.00033260694800230084,-2.211961555709241e-05,-1.1088245193802138e-05,-0.0007193385885658765,-0.0006511432884902524,-0.0007145671560596645,-0.0006849306365384056,0.0001773794468471479
2009-05-25,-0.0049120692245047115,-0.0048401023729699455,-0.00441275802724328,-0.004354201290145965,-0.004247263455059547,-0.004263395502230094,-0.003271463110084638,-0.003563772430919321,-0.005229148098196745
2009-05-26,0.0018032471555520235,0.0016485876509810815,0.0018112793911304603,0.0013487356024450836,0.0026599194919396663,0.0026769515226661156,0.0027606234645107808,0.0025373691087489103,-0.0006240053216060026
2009-05-27,-0.002579990259114595,-0.0024135611518090183,-0.0023984885750635287,-0.0022471557778829254,-0.0008037390309187931,-0.0005067281621450315,-0.001131590012235506,-0.0009954950862162137,-0.002578310679118734
2009-05-28,-0.0029402931042668,-0.0029098668041082076,-0.003102731148741711,-0.003077459324076659,5.2283949001807883e-05,0.00024690078116629266,-0.00017613879879330163,-0.00013736440952138995,-0.0059822903782845716
2009-05-29,-0.004486607116837238,-0.004679357192566069,-0.00460860876771918,-0.004653286641360332,-0.003517519382500889,-0.0037162378518584838,-0.003346575647396266,-0.003681487306030351,-0.006697450355413581
2009-06-01,-6.612666900029929e-05,-0.00019005031489593982,-0.00021074618680860802,-0.00034638133944742133,-0.00044001337296839527,-0.0003573041647014774,0.00018587504062184124,0.00029379032763676705,0.0007204117974459745
2009-06-02,-0.0020478874402944935,-0.0021576946752838166,-0.001873037613884465,-0.001953517013729922,-0.001378976209517102,-0.0015231203495008616,-0.0014407505726677927,-0.001452509703742999,-0.0022488638039482867
2009-06-03,0.0024737990950252087,0.00234252264691448,0.0021951186684792123,0.0020611377438313205,0.0019545673832987998,0.0018726662270871497,0.0016544453784801405,0.0015488588779080104,0.000377801654275256
2009-06-04,0.0038415755618659286,0.0036210898984672113,0.0035288489181186655,0.003390329675640791,0.003243465256107525,0.00306031343367974,0.002559482658365919,0.002342948145158008,0.0023332378106906138
2009-06-05,-0.004960651536688565,-0.004776907534261965,-0.004701066474566695,-0.004353098435502245,-0.004966906316305364,-0.004631670169767954,-0.004116666551272186,-0.0037526659196448486,-0.0069137192817819715
2009-06-08,-0.00047518722914363654,-0.00032945738551137804,-0.00012186268308367332,4.1127315337785575e-06,-0.001235786078175427,-0.000983412205227796,-0.0008830336743873568,-0.0006489155376747657,0.0017586082686664728
2009-06-09,-0.003141970768531843,-0.002756165358496432,-0.0031438432590352727,-0.002898527107069282,-0.005143658752956526,-0.004848747442151247,-0.004682619955977074,-0.004549694477274602,0.00038177955485241277
2009-06-10,-0.0003926890114732684,-0.00029634778362896963,-0.00034328517825599203,-0.00028688801069820524,0.00020126060413017122,0.0006882837230159922,0.0002226610522479966,0.00011823696122514882,-0.003674864330011296
2009-06-11,0.002265594566861706,0.0022664441816777625,0.002130846741638326,0.0020083715046392836,0.0015101550648146667,0.001486232810919752,0.0014624428761007557,0.0014703931252473268,0.0009343336143112779
2009-06-12,-0.0023780028431421574,-0.0025169640968430995,-0.002219104760751489,-0.0023092410560106025,-0.0005817463236788001,-0.0005374062000782498,-0.0006210327943259042,-0.0008291793598866892,-0.004576167848566848
2009-06-15,-0.0025108864117416863,-0.0024507648616488575,-0.002722040276340154,-0.0024480227107712693,-0.0022665351307229464,-0.0021305706574027417,-0.0022249909744962437,-0.0022156001857569496,-0.0017200127907351925
2009-06-16,-0.0013074338451143364,-0.0013694897281311125,-0.0014364453638663344,-0.0015358694080812585,-0.0007044532117073121,-0.000704844938314797,-0.0005598571918901118,-0.0006779556439040491,-0.0051520484686580215
2009-06-17,0.0038435709584716538,0.0035661444604824233,0.004381695535983887,0.004246438344758019,0.0018784456423517337,0.0015886331709769053,0.0029045606051656403,0.0026182876230833596,0.0027393946756455456
2009-06-18,0.0011629260284287124,0.00110528955120337,0.0012718905248516599,0.0012679682233274203,0.002784046224289183,0.002742968211710606,0.002656899722654371,0.00285022407707336,0.0036025921635070013
2009-06-19,0.005029487471650551,0.004974923887063332,0.004539970608482546,0.0043766687060116105,0.0030281294921452595,0.0034590192040746537,0.0028562077532559016,0.0029937485974409483,0.005218956941898112
2009-06-22,-0.0003313519928637154,-0.00026110161736236925,-0.0002261017710255553,-0.0005026865625334942,-0.001173505226062077,-0.0012090712989248908,-0.0011212538328528865,-0.0011998091814814371,0.0007990273601434783
2009-06-23,0.0008972573555010577,0.0007200989733484597,0.001051700663338817,0.0009392245021109247,-8.496246833222809e-05,-0.00025349029121468636,9.683317005992897e-05,-5.8678612627094395e-05,0.0005348435926488815
2009-06-24,-0.0008827629452190511,-0.0007521882280389081,-0.0005628468310172607,-0.0005623623039102688,-0.0008305828394163939,-0.0009359036331979542,-0.0002895350258130813,-0.0003253017022751825,0.0001636956216037877
2009-06-25,0.004838170023765187,0.004448725191872116,0.004429868945141191,0.0043341551307247705,0.0046414036949753434,0.004604577164999402,0.004019085639726638,0.003968381569583013,0.00786773226555515
2009-06-26,0.0011651602128950334,0.0011211345641115589,0.0017328265003249133,0.0018346603626075986,0.0015581636996075954,0.0014673403838616483,0.0018405528719038777,0.0018912851548491538,-0.0016320384280964495
2009-06-29,-0.0022807455677856803,-0.002098437920828089,-0.002061484293750082,-0.002013976406132434,-0.00235349632352555,-0.002303765493449572,-0.0022439507455144225,-0.0022249533897555906,0.0024257927052755424
2009-06-30,0.0032605195840624823,0.00302288390123695,0.003426422249969807,0.0031998538384350184,0.0016055086151856024,0.001874297244923051,0.001630208691498547,0.0017973414793284181,0.005895138916003351
2009-07-01,-0.0006531313741293676,-0.0006078838782747065,-0.0006177676751218941,-0.0003810614139427848,-0.0002287990033170706,-0.0003352871067079377,-0.00020403988114614524,-0.0002997530741104537,-9.90067237253145e-05
2009-07-02,-0.0015665498573805836,-0.0014896501425815112,-0.0015379136528204107,-0.0015017436122536365,-0.0006763781356153853,-0.0004614272526756169,-0.000582644059718529,-0.0005197013867358491,-0.0035130262594503803
2009-07-03,-0.0024419428627040496,-0.0022079148277861504,-0.0020259547395585775,-0.0022970221970600724,-0.002081936714731447,-0.002642312544641978,-0.0016840694909751042,-0.0018203946244058633,-0.0030413199439504046
2009-07-06,-0.0008790036292890546,-0.0007793570274962081,-0.0006295212671751926,-0.0004492552302309827,-0.0003076960507771842,-0.00027729241157636864,-0.0003303318190907012,2.9532948367050338e-05,0.0007983966183691127
2009-07-07,-0.005231281743058536,-0.0051008707462385505,-0.004913665069233408,-0.004804081553754669,-0.0031328098530019055,-0.003060765357375761,-0.0031462363167905627,-0.0029848328136719005,-0.004193462461113073
2009-07-08,-0.0013240263503239147,-0.001164195987919725,-0.00144291729905055,-0.001250679144861433,-0.0009490490311032662,-0.0007011696279699553,-0.001028607422334793,-0.0008543039099148109,-0.0015679254264195919
2009-07-09,-0.0005756355651638234,-0.000546250922989211,-0.00043585824634018167,-0.0003428988085271145,0.000129875841660132,3.6400744378051186e-05,0.0004119371592099519,0.0004097981146686802,-0.0017303587482728755
2009-07-10,-0.0028386426819377863,-0.0029872703892479535,-0.002865027513061058,-0.0029559157279430703,-0.0026716635609379535,-0.002635546464065497,-0.0025098994312525713,-0.002570826319857278,-0.002345364597748034
2009-07-13,-0.0003300422190856134,-0.00016820907887848957,-0.0003133434561579662,-0.0001792468746367737,0.0005096699915987379,0.0004402706151174218,0.00039191622359857625,0.0003219288385440944,-0.0010710648476275342
2009-07-14,0.0019799768717372324,0.0020216374984698415,0.001870404416906002,0.0020821142891334077,0.0017727321887430758,0.001889069458553827,0.0016985418895780757,0.001843827370337392,0.0014179125525421998
2009-07-15,-0.00291770309583661,-0.002691958364997693,-0.003401196963027986,-0.0032283501730444586,-0.0023783862067627837,-0.0024234529081876843,-0.002742460146841874,-0.0027722259624810563,-0.0006429351556285212
2009-07-16,0.001891690448130312,0.0016993131708720188,0.001746913429921726,0.0016383152964232206,0.001333385727860792,0.0012178560330540211,0.0013638088396705772,0.0011749175770492393,0.0021310364567015405
2009-07-17,-9.306350955262666e-05,2.35322852530917e-05,3.041270360792936e-05,-1.651730510743299e-05,0.00013384154097417778,0.000151819631721839,0.00020140809880997423,0.00029802593959549206,-0.0006731043822783
2009-07-20,-0.000982497119188852,-0.0010512809006278934,-0.0010510886692599586,-0.0011312163410898135,6.0053850972741074e-05,-4.97342193012118e-05,-0.0001598166787910582,-0.0002572791395419882,0.0022281443773572995
2009-07-21,2.9707044103322033e-05,-5.8619241750657025e-06,5.352564258465087e-05,-0.00016817917853817477,0.00048254147145487813,0.0005168915039504007,0.0005510627588649619,0.0005559649884891993,-0.002051122962480778
2009-07-22,0.0005758939314606248,0.0007406802598057816,0.0005711662355172287,0.0007222482100985861,0.0009448109099290392,0.0008692290931375801,0.0009675924065168928,0.0008800600804292902,-0.0013659332369543309
2009-07-23,-0.0029448808476827404,-0.0029211393799942753,-0.0028467102922729026,-0.002730111279877323,-0.0008600397548191863,-0.0008364124899193914,-0.0007089961830833991,-0.0007065587791393879,-0.00206126171018306
2009-07-24,-0.003339442621168698,-0.0029891681689465655,-0.003232895032804106,-0.0028500018633915714,-0.003124451571975939,-0.003325461043677591,-0.0029220931004528827,-0.0032141368578669782,-0.006098122606882916
2009-07-27,-0.001755196383886104,-0.0013379060728254677,-0.001455704441308825,-0.001075972177433493,-0.00046625350085993666,-0.000585975454462262,-0.0004168222541781619,-0.00044115004983946715,-0.004286224228101987
2009-07-28,0.0005593030884813999,0.0002124324871750627,0.0005046985907086743,0.0002337779523149397,-0.0006333407788527978,-0.00041116684752495747,-0.0004564158662622164,-0.00030210651556183965,0.005365162577739779
2009-07-29,0.004473460203526569,0.004410129833934517,0.00455906638970438,0.004579773874689996,0.003549470028465951,0.00349651910968074,0.003506977115280252,0.0035147800069643687,0.002226952107210689
2009-07-30,0.0025017616567126755,0.002511336367192696,0.0028348162721973935,0.0028004711191540466,0.0022106137782964552,0.0022579262919644183,0.0023738271526441146,0.0023528927462375115,0.005132764255451061
2009-07-31,0.001257698897500159,0.0012046559173803928,0.0013043598079081065,0.0013115675951380634,0.0003569716973830239,0.00044000452504855403,0.0003926706266235147,0.00045939517140380914,-0.0005093520628921544
2009-08-03,-0.003928596321102207,-0.0038141044180208805,-0.003982327797421581,-0.0038319927383101415,-0.0031832632237885905,-0.0030664940109494943,-0.003128183357716696,-0.0029923066300149292,-0.002481724439862054
2009-08-04,-0.0011958521358352847,-0.0011376408802173943,-0.0011735759875157736,-0.0011979513984735624,-0.000745928400724627,-0.0007997915173256764,-0.000876875748644701,-0.0007412745147515887,-0.0028427102275380145
2009-08-05,-0.008356871626910012,-0.0077255562504658926,-0.008326910096737583,-0.0076371441279220464,-0.004556987974246307,-0.003950293720069609,-0.004549135556240036,-0.004333906305074575,-0.004179618082474912
2009-08-06,0.0017087495601575409,0.0015764366495205628,0.0016565636239924686,0.001650930608178447,0.0007569742348887409,0.000533385464104752,0.0009154117992813404,0.000800281994300045,-0.0044484581191170935
2009-08-07,0.00326303420698415,0.003070050574025096,0.003258150636164636,0.0032368658733339384,0.0026376707090918217,0.00265980050704151,0.003035865785856018,0.0029549635343986136,0.004161633127737874
2009-08-10,-0.0020164436331051583,-0.0018126071392580156,-0.0012663328695109444,-0.001928654119990325,-0.0010661413585197899,-0.001042563071375624,-0.0010980014871966315,-0.0009722684895587808,0.0003514877566261898
2009-08-11,-0.006224749515267525,-0.005746744044084928,-0.006272810173483467,-0.005366634220531963,-0.004359506478578301,-0.0039251698756648246,-0.004316441802159621,-0.0037533489730877667,-0.0051347548644041785
2009-08-12,-0.004498250950999871,-0.0044259852714587655,-0.004341903292003901,-0.004314434201151518,-0.0028213133234996635,-0.0028017872217133144,-0.0026288249273953568,-0.0026781074694586238,-0.0011637615965083281
2009-08-13,0.006050369388673982,0.0058672089588400755,0.005826680029594078,0.005688739363870043,0.0030537245192745477,0.0030190056966603596,0.0028941796759014426,0.002989614015149078,0.0033928418104884894
2009-08-14,0.00015041493887424373,2.381268401818737e-05,0.00011248018930665182,1.191898861163665e-05,-0.00011225690325133986,8.842853814439167e-05,0.0003061581839121086,0.0003923046387523943,0.001068200821445764
2009-08-17,0.0008572724717399449,0.0008665252212152197,0.0008056093585284696,0.0008636160033805851,-1.1722017871695911e-05,8.083564593319714e-05,-0.0002123901484689661,-0.0002140544154659585,7.775095679374289e-05
2009-08-18,0.0002463970925554726,0.0001950734566880108,0.0002715209896899662,0.0001748238867231855,-0.00048128274635128587,-0.0004845907896618984,-0.0009656533336593887,-0.0007344855445379217,0.0023459296071983715
2009-08-19,0.0005457820122609647,0.0006519532846298581,0.000551769032174132,0.0006504177247623755,0.0008772066996030059,0.0007480992731199176,0.00040503284430148945,0.0005507197455969504,0.006123849584260377
2009-08-20,-0.002884678358316406,-0.0029090545387181477,-0.0031093690617615133,-0.003226856986797366,-0.003316759834237515,-0.003234594037533234,-0.0037650396757037408,-0.003818277466329456,-0.002716213654745725
2009-08-21,0.002898251246382877,0.0029783139784658186,0.003030186041508953,0.003049331989120274,0.002932704948388487,0.002747963884925486,0.0023990929330950372,0.002401259989722959,0.004199289627542457
2009-08-24,-0.0018542194845763138,-0.0017938801404144833,-0.0015248541544656824,-0.00145983450743703,-0.0018547978700954593,-0.0020763821097916635,-0.0014196906413640464,-0.0013301047345325445,-0.004306191163289452
2009-08-25,-0.0012594672403207774,-0.0012165129177834633,-0.0013018870521491754,-0.0012706949841786441,-0.000962242917422973,-0.0008872449660431991,-0.0009414226897217493,-0.0009432001557400094,-0.0023798651064330656
2009-08-26,0.0006810508670891391,0.0008407039032383157,0.0011449028024430596,0.0016291195231912248,0.0012600465558549878,0.001479602302142835,0.0016159217802813597,0.0018426653894845213,-0.00667651094022037
2009-08-27,0.0005538412832466477,0.00048412266693298456,0.0004507348193736327,0.000458352118769767,-0.0007852836870176905,-0.0008733913363168089,-0.00085922335689681,-0.0008565814385367299,0.0030351658960554584
2009-08-28,-0.00042774109449716935,-0.0004613902670230763,-0.000516446807820703,-0.0004585930400580196,-0.0017314651058359942,-0.0017974864214893582,-0.0007169161305559113,-0.0007616700699867307,-0.0028116755618798894
2009-08-31,0.003988318037253968,0.003910741246953009,0.00403207320190524,0.004227321041102128,0.0043886135480679656,0.00407387876569687,0.004166951989188483,0.0044042172604650265,-0.0036087489812763884
2009-09-01,-0.0011840443901030007,-0.001109160939740228,-0.0010936132634663531,-0.0011570253451412826,-0.0002502968545589068,-0.00010880524069001307,-5.4175742356998846e-05,8.220735638886367e-07,-0.004376298062149564
2009-09-02,-0.001376709428877354,-0.0012979409274874731,-0.001282616932896663,-0.0014193509465533216,-0.0017231472700386385,-0.00166541428900302,-0.001901214635394055,-0.001684183783381421,0.0004884236559823396
2009-09-03,-0.0005118674807276236,-0.0006016938069655087,-0.0005995820023986242,-0.0005494987705512155,-0.0015620765725682384,-0.0012516750722989523,-0.001553881059825124,-0.0014962026389541139,-0.0011611256785607482
2009-09-04,-0.0029003435176219172,-0.0029675645457684086,-0.002524995185025136,-0.0026549260486272708,-0.002091786395200468,-0.0019659150007610426,-0.0016549012463168422,-0.001644055666624733,-0.006031576005613548
2009-09-07,0.0016013776711143457,0.0016323200144114924,0.0003001183094413218,0.00030121588522069587,0.002652407743965135,0.0026118090767321966,0.002466644828164277,0.002406620213566635,-0.0028453896058378003
2009-09-08,-0.0037654527279524785,-0.003411360383316131,-0.003740769589448245,-0.0035620849921393916,-0.0014015688293319561,-0.0012625239376885533,-0.0015862292250690135,-0.0013914826711658446,-0.0067815707287387506
2009-09-09,-0.001572698469702094,-0.001686673312673248,-0.0017270472403893011,-0.001858114421296686,-0.0016309702846540874,-0.001993880949690996,-0.0015939377357075957,-0.0018491989323917712,-0.003173300914277255
2009-09-10,-7.293118586504388e-05,-0.00011663473081457987,0.0001341152909408727,0.00021955522832484142,-0.0019395059752317367,-0.0019790051614118065,-0.0008277086784147514,-0.0017339451718560994,-0.00018232329380085677
2009-09-11,-0.0029582237567804537,-0.0029456895310522313,-0.002914820376917482,-0.0029274771715898096,-0.003179768520569448,-0.0030009441428014982,-0.0030944759713554815,-0.00299065318347691,-0.0011627566419147861
2009-09-14,0.0012842340543530728,0.0014882372389475318,0.0012270903981352888,0.0015297726686598345,0.0011086236779058734,0.0011846809494173716,0.0007484932407826328,0.0008105442551968878,0.0002746670333879653
2009-09-15,0.00561299209887367,0.005477272186087401,0.005263343161888923,0.0053675706734890305,0.0046737304646538025,0.0045363970050562585,0.004625450518722429,0.004539768890391649,0.0023468118236618096
2009-09-16,-0.0011730082412054754,-0.0011365118592348011,-0.0011150332002425323,-0.0011153904652905222,-0.0009864555310495904,-0.0010291119297541895,-0.0009802153090509025,-0.0010615671676718064,-0.0047002162505279665
2009-09-17,-0.0015775597004266118,-0.001507483917925212,-0.0014212284622333593,-0.0013839115291086612,-0.0003306193727490303,-0.0001399028284402304,-0.0004285162700967682,-0.0005978455875814692,-0.0021174848208292962
2009-09-18,0.0065648433354648095,0.006597427010206491,0.00649133949554459,0.006498032713202928,0.0053266780302909655,0.005190952834263962,0.005464938683341192,0.00534124358087551,0.005908229630807282
2009-09-21,0.0012069786705861674,0.0011492129731707212,0.0011087481534581833,0.0010812168236127295,0.0008837870604225806,0.0007998130917241664,0.0009582289537843902,0.0009242266847635516,-1.2983793316156955e-05
2009-09-22,-0.0002719982553771594,-0.0002561009948368609,-7.28880691309719e-05,8.091248377883886e-05,-0.0002719985953906212,-0.00015851937828148532,-0.00020336658906905392,-6.842910993920537e-05,-0.0016744062136202498
2009-09-23,-0.0002778580239333195,-0.0002615364183438107,-0.0002656928613559151,-0.0001926341909744833,-0.0014435101346528256,-0.0013555846575000752,-0.0005587600100500634,-0.0005474458803759186,0.0013116438746330061
2009-09-24,-0.00024205373644925476,-0.00023040514181504879,-0.00027299017166770856,-0.00025217001873201195,-0.0008553877175014879,-0.0008675583323516367,-0.000742325192656379,-0.0007932477988938924,-0.0013228666836259118
2009-09-25,0.002671968791433388,0.002613959107642172,0.002328026634029312,0.002389253875368036,0.00046265386567823086,0.0003498560830805797,0.00034270444185868776,0.00039947795589356794,0.0022724636512543306
2009-09-28,-0.001439986638861912,-0.001512079270415967,-0.0012240046638922752,-0.001283142972916318,-0.0008637283353080116,-0.0007278868018072426,-0.0004909814505347221,-0.0006338100514923228,-0.0018936128319766432
2009-09-29,-0.0027301132613943846,-0.0029117540524832286,-0.002535310779302913,-0.0026579832096432776,-0.0014818367573760094,-0.0015836490816818483,-0.0013239960182711563,-0.0015476092787285456,-0.001271158664529537
2009-09-30,-0.000640860403805954,-0.0005865213188728235,-0.00032317577728135927,-0.00029103326058166346,-0.0010942567832127326,-0.0009844350892739273,-0.0007755256925836562,-0.0006935889844902343,-0.0030450233436908336
2009-10-01,0.0059451721718011274,0.005970676186116464,0.0050966205723308455,0.005179912881536186,0.0047777695620478955,0.004803635183782129,0.004016919582604084,0.003951875823420714,0.004414615003151434
2009-10-02,-0.004527216030010384,-0.004425201607942131,-0.003083776769371216,-0.002940763523620049,-0.003226427681441879,-0.003232869346272982,-0.0031060336986337145,-0.0031423456730426125,-0.0007717367512506401
2009-10-05,-0.0009808428318875961,-0.0008190887892509657,-3.7647302298937646e-05,0.0001287282255182376,-0.0004974201734697647,-0.00032051028811574955,0.0003007578571341263,0.00031598662839948943,0.0005993326381521502
2009-10-06,0.005815626390428763,0.0057015110043636685,0.005614647298131326,0.005619729472987611,0.004383416984143018,0.004420549497819337,0.004538102905704111,0.004323898417418537,0.004899603499319172
2009-10-07,-0.0004605792550140819,-0.00040723266661790714,-0.00027558686634576723,-0.0001583513389677993,-0.0008178608781154173,-0.0007131617889152286,-0.0007985236302180398,-0.0005545876715267184,0.002470960657478871
2009-10-08,0.0005410935249687832,0.0006002318090814196,1.4181942425972593e-05,0.00042606439726156076,0.0005490362640068192,0.00024926866103425205,0.0002038925135110503,0.00034372182563569,0.004443302751803158
2009-10-09,-0.001678777432049583,-0.001780074515593033,-0.0010427955770709874,-0.001210619344005126,-0.0006770474333994692,-0.0007449405475166149,-0.0006021294063881522,-0.0006067769754681818,-0.0025097111302982977
2009-10-12,0.003539885927464681,0.0033142128279759486,0.0035738472412172317,0.003704556233189882,0.0007645817172436953,0.00045596530597658,0.0010221711197273553,0.0007711211507088755,0.004254231101267214
2009-10-13,-0.001006394755412976,-0.0009528332312394028,-0.0006815042732923882,-0.0010331570424195746,-0.001853198611775797,-0.0018383866117588354,-0.0024065055008977154,-0.002299792767311293,-0.001217054757284175
2009-10-14,-0.003401608212724061,-0.003425712032777417,-0.0031571676108289592,-0.003217212936816316,-0.003917394287544451,-0.004077825910219324,-0.0033667655390451356,-0.0035905131893095854,0.0003598162239430991
2009-10-15,-0.0038919913167789755,-0.003891066609292837,-0.003639895367858914,-0.0036469429478361848,-0.002045913645259523,-0.002198982347227818,-0.0022146095263132493,-0.002104848374464674,-0.005118557089937026
2009-10-16,-0.0037733482392667828,-0.003678061184952841,-0.0036395954726047286,-0.003636316840230691,-0.003274721569676675,-0.0034847087330169835,-0.0031811681561794147,-0.0031630899991602623,-0.0034610468843861986
2009-10-19,0.0054130778610725905,0.005442222683640363,0.004905283188621823,0.005379304081759351,0.004407267467839038,0.004675750809981727,0.004604609521900116,0.004149286546783593,0.004118474868586519
2009-10-20,0.001631615065072367,0.0015719907668807487,0.002005624246551818,0.001843637855857505,-0.0008387762229180584,-0.0009689033082539433,-0.000405516587157595,-0.0005316776285709812,0.00037435059424018036
2009-10-21,-0.004396141722619262,-0.0043311438364891375,-0.004712225851191243,-0.004548380501356086,-0.002120156971796572,-0.0019932686439089187,-0.0019652219930115233,-0.0018615026707977655,-0.004961883444557724
2009-10-22,0.0002399120183167458,0.00032927679354410877,-0.0001743150076016775,-3.9872311254240955e-05,0.0007008211162031763,0.00048192692153903316,0.0003650040422003009,0.00039994104858465107,-0.0013517539661032085
2009-10-23,-0.0007258958247050584,-0.0005780206546154298,-0.00026239390273785634,-0.00022887776320723585,-0.001476011266166144,-0.0011872974603920339,-0.00014337863314184407,8.209686651738934e-05,-0.0005973399552123837
2009-10-26,-0.0009015482552057197,-0.0008892425930541181,-0.0007009290301908111,-0.0006373229129658098,-0.0006881721776392791,-0.0006378951396387444,-0.0007641937072906391,-0.000656316511354671,0.0024591131984839087
2009-10-27,-0.004044391460653718,-0.004174884310088611,-0.004798950635904187,-0.004837543269613942,-0.0029621547180648244,-0.0029643522194481298,-0.003669148823588264,-0.0038071190298100133,-0.003662087735592623
2009-10-28,0.0007653408110173121,0.0008533033328987916,0.0006877974827723676,0.0007656685287589227,0.00037933967283332315,0.00036034086804592746,0.0004312458621507087,0.0006017513087637205,0.0032332896979234693
2009-10-29,-6.929856515291988e-05,-1.5683662706655888e-05,-9.294222716249578e-05,-6.379808158962774e-05,0.00012490945895837768,0.0001285925523872855,0.0002449694640425104,0.00017604473424337463,1.1286537564103583e-05
2009-10-30,-0.006603346469152949,-0.006297878137581203,-0.0071425693659694645,-0.006744525653809785,-0.0035433769845129026,-0.0038928906615548486,-0.003836946510360262,-0.004256918469684234,-0.0031367177171282012
2009-11-02,-0.009808592210467038,-0.009077276240337273,-0.006816191388946735,-0.005879833231250076,-0.006505652144128349,-0.005593957505418801,-0.0033605825453654203,-0.0024921804335629183,-0.004003955870207743
2009-11-03,0.0002913606186416562,0.00033300994273677276,0.00048523888925666725,0.000502371785104927,0.0010248108254820032,0.0010183103066656596,0.00119887203954816,0.0011362442953783969,-0.0003018179929901166
2009-11-04,0.0005873719529978505,0.00043825166292488227,0.0006172849516532519,0.0005001670794761992,-8.705631574046357e-05,-0.00022514036495824286,-0.00021996637249155349,-0.00029742272528288094,-0.0003746313899835041
2009-11-05,-0.001176812820480766,-0.00115302980927523,-0.0012527524034592341,-0.0013012475483245023,-0.00216604945211496,-0.00221630664773087,-0.001970710999746439,-0.0021120947792231393,-0.001992452553253976
2009-11-06,0.00043513295820751807,0.0006038777316139665,0.00025094919458390486,0.00046547349317038744,3.5271731730679434e-05,0.00023307023344232292,-2.0576080167145072e-05,0.00020491754498119796,0.00259977865688632
2009-11-09,0.0013890445659792139,0.0013326203596923936,0.0014594815363946356,0.0013087803385170016,-0.0009497500105845047,-0.00104115616063305,-0.0007797730622743915,-0.0008058821068072097,-0.0014406724727170639
2009-11-10,0.0004808330192505039,0.00044007206944551847,0.00038577960523156207,0.000665866734650189,-0.000554036746915898,-0.0005888368496889118,-0.0004500417069979168,-0.0004861456417595278,-0.0004830685972876392
2009-11-11,-0.00035394152662560074,-0.0002928275818300241,-0.0009139455110397376,-0.0005821702880093316,-0.0012245195550097954,-0.0012245010169166237,-0.0016627472325509984,-0.0017197059390618996,0.0012500496141023554
2009-11-12,0.0012906485549031288,0.001527857360402507,0.0012090935654225365,0.001458166231346869,0.002026091336484237,0.002160328690561597,0.0020184565596765847,0.0022147730901422857,-4.572434428051775e-05
2009-11-13,-0.0031389571714776077,-0.0031417920851284364,-0.0032222561419226192,-0.0031950358892710584,-0.0018661870075104003,-0.0018679393273249856,-0.002100158443810729,-0.0024834954465265957,-0.004019843750337482
2009-11-16,0.0036083784118496887,0.003699401188233198,0.003147949056582666,0.003112231088272077,0.0030572296442570313,0.002947203068967008,0.002146871492314961,0.0020560090109364992,0.0014754371744152284
2009-11-17,-0.001563739805340636,-0.0015200474659374796,-0.001640588333247428,-0.0016188354373449787,0.0008689008018463173,0.0008317742907344439,0.001598885107914949,0.0014517238358531248,-9.641601309617887e-05
2009-11-18,0.0015097203574119256,0.0015327686580146604,0.0013551654934673696,0.0013341264017758814,0.0016837960522815276,0.0015500881192851423,0.001835516911877999,0.0019976030660724398,-0.0004438299585798333
2009-11-19,0.002885000327606857,0.002887719654792731,0.0030156330042976354,0.0030411856749033017,0.0028870188045322376,0.0027538612793851502,0.0027678327688134274,0.0028643873350060467,-0.0011117841367175307
2009-11-20,-0.0006245860592513086,-0.0006015538542709642,-0.0005220962640709592,-0.0004580240112272982,-0.0012372443260283417,-0.0012573212423865332,-0.0009972336692835038,-0.0009865969514314399,-0.001720494464846678
2009-11-23,-0.0031253479231893033,-0.0030556731889347377,-0.0030422128413404304,-0.0028817749177192375,-0.002129878644904215,-0.0020651956102369917,-0.001917328292434961,-0.002038374381843844,-0.0048277325836691976
2009-11-24,-0.0032218380591931828,-0.0031706726344985503,-0.0034772180090382188,-0.003470692248657037,-0.0034153123892018966,-0.0033609779657026717,-0.0032224922609436213,-0.00322187494055326,-0.0037261990130543765
2009-11-25,0.0008948321392436842,0.001057185404004235,0.0007449729120392323,0.0008849346531565327,0.0005239561744057042,0.0004644401507507556,0.0003159835556656443,0.00029464027689085626,-0.0018061502955442066
2009-11-26,0.0026635639358538743,0.0026533493163569677,0.002205281604338527,0.0021922489066852346,0.0028239931816562702,0.0026827019760460313,0.002046130636075061,0.0020109478528591573,0.0012208102629507334
2009-11-27,0.0031274148906696997,0.003042393208128713,0.0031067064526686394,0.0028920257934277327,0.0023975237711735264,0.00235241201453551,0.002391180762026046,0.0024153988691020256,0.005090795443078777
2009-11-30,-0.005797089814458256,-0.005668599482509751,-0.005437729362267607,-0.005321909122079305,-0.0051041549768915395,-0.004884304007517937,-0.004886233031444753,-0.00456137905247278,-0.004403519802250955
2009-12-01,-0.00014986932112748264,-0.00013901524750725702,-0.00011722950088077777,-0.00048387126465665453,8.7322470267992e-06,-2.6019146772693347e-06,-3.316261872676751e-05,-8.646775002263407e-05,0.0026624549425988686
2009-12-02,0.004829064388892412,0.004873955065756164,0.004755061735303379,0.005460442467173143,0.003602461161703596,0.0035449565342409173,0.0032939440927244323,0.0032822294585255207,0.0016895480304826016
2009-12-03,-0.0032440352130512773,-0.003210740901368303,-0.0031944663583941546,-0.0032402066857061262,-0.0025496976330839916,-0.002520460284251902,-0.002643638579084562,-0.002700399434479528,-0.003946277652099428
2009-12-04,0.0012165366790461984,0.0012486681030370317,0.0010818227428821547,0.0010718058886753923,0.0010570014764064162,0.0011025022922628303,0.0013147551354741882,0.001364446859050128,-0.0013432090684538656
2009-12-07,-0.001499017045452633,-0.0015264751071782934,-0.0012754546956780244,-0.0011775249238024088,-0.0007781643558116835,-0.0008503799512028509,-0.0006598540565569966,-0.0006783604976579038,-0.0014349629704820677
2009-12-08,-0.001622554643100571,-0.0017083599225133916,-0.0017424210715610844,-0.001827653140576313,-0.0011666366729884414,-0.001052204776779031,-0.0011876937684391908,-0.0009917677087273313,-0.0025154772830320304
2009-12-09,-0.0036794612889492484,-0.0036327780925896613,-0.003581548643434296,-0.0038200087253631443,-0.0038495338376444144,-0.003748433436567278,-0.0037288098418643,-0.0037792816577773003,-0.0017411728729674891
2009-12-10,0.0037772990894786584,0.003806049404233125,0.0032816642644655225,0.003247234517823161,0.0017224641916377958,0.0016397760806972084,0.001098064569472701,0.0011055713227980934,0.001274188790847175
2009-12-11,-0.0007509186603730234,-0.0007350957208152042,-0.0005213710614732081,-0.0008809324268072016,-0.0003967715934777294,-0.00039146028404979383,-0.00029251948639064107,-0.00027510970517630184,-9.457859241690514e-05
2009-12-14,-0.0017214966203171755,-0.0016505729175471107,-0.0013012693908840411,-0.001353561778595025,-0.001183656219820528,-0.0011832794088892928,-0.0007838544508925738,-0.0008138356895918131,0.0014023871648414232
2009-12-15,-0.004174674146417479,-0.004036673627042742,-0.003621863973652828,-0.003639357742038163,-0.0032499369399651146,-0.0032036114959639317,-0.0029283198778791153,-0.002961166722698527,-0.0013743364415556014
2009-12-16,0.0016348925857512242,0.0016045220442044705,0.0016467082239342012,0.0018293094089549822,0.0011614489592393085,0.001198613512523039,0.001248993574914925,0.001290242875503722,0.0024279303126326646
2009-12-17,-0.002516776068082316,-0.002621815746314704,-0.0025074507000337753,-0.002455521774391678,-0.001598305159112301,-0.0016438846965138865,-0.0017343366687629924,-0.001762299959580882,-0.0011394208690510554
2009-12-18,0.0009958340570259683,0.001010598987396083,0.0007486272021683948,0.0007250950585053761,0.0009533180535443719,0.001032529204836763,0.000766165696691079,0.0007556371752994728,-0.0003371296272716151
2009-12-21,0.005732557264201521,0.005975519638921956,0.0056321283402902544,0.005453156968567852,0.0042566315507752694,0.0044043739119101755,0.00403300186873401,0.0041891447421642525,0.003936221411467322
2009-12-22,-0.002238413838672293,-0.002204489750654015,-0.0021612267274516705,-0.001972353144072292,-0.0012830417291620488,-0.0010379684673005318,-0.0011143462974190221,-0.0010232251893110833,-0.001791780665056586
2009-12-23,-0.0015646589401659972,-0.0015422798112043612,-0.0009223038950010309,-0.0011338529934549202,-0.0011669296828895614,-0.0008094338720017191,-0.000861807586214236,-0.0007167941339338846,-0.0015024289723303275
2009-12-24,-0.0006655928388242804,-0.0006166931184627966,-0.000700748832827558,-0.0006097627410071027,-0.0009230661369562521,-0.0009184856276546194,-0.0006502736960667388,-0.0006581925264796951,-0.0007100100534741527
2009-12-25,-0.004259413969511017,-0.003994048987086329,-0.0037859616246856964,-0.0035977882148570117,-0.0036020809480784566,-0.0035344783894774023,-0.0033310362940505156,-0.0031741370019585657,-0.0023001594461138364
2009-12-28,0.002016294609685776,0.0020761741219117447,0.0017282809434671087,0.001966119636647612,0.0003399950087705772,0.0003506678038445177,0.0001402129305976274,0.00019004964213054087,0.0010117799760305246
2009-12-29,-0.0004654378457553676,-0.0004551229608162899,9.954635754594321e-05,5.0216781601664096e-05,-6.855964330110265e-05,-0.00012137162142944469,0.00024267130034960616,0.00027184971555804793,0.002943022280800456
2009-12-30,5.412205950694471e-05,2.0777776181590824e-05,0.00011466477196053759,0.0002028749137628072,-0.00019314629452227283,-0.000184638734803233,-0.00025822567859357104,-0.00023991141131052274,-0.0016326817076748323
2009-12-31,0.004902467798783006,0.004899045896480381,0.004172112866026367,0.004130544566667282,0.0037012806175658053,0.0037013392375599974,0.0025799851449324063,0.0030253232400720975,0.0027649948878076813
2010-01-04,-0.0086335446904795,-0.008577539646457355,-0.007990831227182915,-0.007886704168450387,-0.006606587373566453,-0.0065235958727147825,-0.0061162529120735165,-0.006527676885133893,-0.007137049463528777
2010-01-05,0.003200411152064042,0.0031030582379423244,0.003127604218827962,0.0030416756152265023,0.002532467001867156,0.0027234863132121756,0.002719501207933739,0.0025637851707380754,0.0030619218498517675
2010-01-06,0.0004630986365234957,0.0005719098088352581,0.00018357604369434455,0.00036423930900086887,0.001014220073790817,0.0008485204575336969,0.00018043173982751348,0.0003557721564144689,0.00034938907688308873
2010-01-07,-0.0019087837439611954,-0.0019508266138197339,-0.00157121306235386,-0.0019507126355343685,-0.000889632962451703,-0.0012304576549205803,-0.0011157222328262995,-0.0012055188512176684,-0.0021545506280996607
2010-01-08,0.003259612568149217,0.0033438742777547326,0.003148477661900184,0.003419157697692965,0.0022685808532090235,0.002051987846741765,0.0023250049175052023,0.002060195408453147,0.001293313023022158
2010-01-11,0.0017934352771222795,0.0017690244076276063,0.0017297509699782943,0.0016721340572551924,0.0004432580984243817,0.0005203841889196426,0.0002273788556634848,0.0004697061681280257,0.0010465184053281007
2010-01-12,0.006645826163408808,0.006781260712254822,0.005734593387732634,0.006386116337233405,0.005089206352310471,0.005212748096022013,0.004210232426910432,0.004152698974928537,0.0039739232274467184
2010-01-13,-0.004780695039355742,-0.004878775286610737,-0.004328861169253795,-0.004432390416463261,-0.003387978794022417,-0.00337917977372304,-0.0032203046583330064,-0.0030350338832911827,-0.002625119125438502
2010-01-14,-0.0006214331242500037,-0.0006169495375121237,-0.0009579742867829033,-0.0009301470946393442,-5.831737407591131e-05,1.0833203858195972e-05,-0.0003333568052021896,-0.00023378325827561053,-0.0002675602131336774
2010-01-15,-0.0019635381228819693,-0.0018925044799571467,-0.0022771478910662557,-0.002085223419522997,-0.0006337884771229207,-0.0007021759556355978,-0.0012670020721908815,-0.001284655346501462,-0.000621165861990236
2010-01-18,0.003097871560025167,0.0030628231042386656,0.0028903703639566736,0.0027588440871932907,0.0033881496618031193,0.0038204114709696757,0.003383686028980204,0.003502612573786257,0.0035350165613674545
2010-01-19,0.010365880463061972,0.009916904171400454,0.009832465534658663,0.009374205831017557,0.007498183241624101,0.007386644984061608,0.006807230706276091,0.006636061912246971,0.0076333454704082815
2010-01-20,0.001008906409952548,0.0010278409113597675,0.0006789157522308908,0.0007158570191219127,0.0014646870351155972,0.0012407042825544057,0.0011863367195208419,0.0011504223316882722,0.0010197080172766881
2010-01-21,-0.0034128498262367968,-0.0032659470473647145,-0.0036146016985642015,-0.003654707250093203,-0.001692002576156204,-0.0017288213544250919,-0.0019979212179495054,-0.0019939642914938993,-0.0019718657282878915
2010-01-22,-0.0009589253400024145,-0.0011152769609337199,-0.000990777805734644,-0.0012652378270258113,-0.000497663254364622,-0.00047505798958780154,-0.0005241394651416265,-0.0005883307925986792,-0.0018582583042298095
2010-01-25,0.0011958181827635972,0.0012324941270736023,0.0011159295826823623,0.0010228514674670564,-0.0008290472171722518,-0.0005565471772419617,-0.00040347934631190796,-0.00042243499248395544,-0.0015695124093255686
2010-01-26,-0.0034689853164183715,-0.003347573765806744,-0.0031952256486671438,-0.0030243978239810065,-0.00391414478498775,-0.003318402595944847,-0.0025163513750944277,-0.002538106186632194,-0.0029806052257792537
2010-01-27,0.0024281629301783347,0.0024279920910499353,0.0022348220480055137,0.0022005181257351847,0.0008377012896698677,0.0009822622170201356,0.0007900106002067808,0.0006525755181845394,-0.0003037330350222911
2010-01-28,-0.00045470930026647594,-0.0006694726309670607,-0.0006461175305948474,-0.0008594115167078753,0.0005701303799219293,0.00043473220354117714,0.00046182846366393804,0.0003538096217228226,-0.0009185810437009057
2010-01-29,-0.0016297063914771925,-0.0014711163846903297,-0.0015193030518529937,-0.001276806980392231,-0.0011030170528661953,-0.0008592758190579808,-0.0008201099329040451,-0.0006815858221569382,-7.968436904914888e-05
2010-02-01,-0.0007906339886797342,-0.0007992563367292815,-0.0007806649738805183,-0.0007573519155860131,0.0005784826568080437,0.0006452241334626851,0.0003266391129115309,-0.0001421116378367282,-0.002482796101839768
2010-02-02,0.0006442361652483353,0.0007375485190490583,0.0005182090708559794,0.0005545837898031092,0.00020737237152967936,0.000319034007189245,0.0003330040252271793,0.00056085461723554,0.0008635331537820701
2010-02-03,-0.0010182708767085824,-0.0009679199723278131,-0.0013369873153785683,-0.0012679384512552794,-0.001122187365951488,-0.0011645803011433031,-0.001190378428374328,-0.0012312130935440146,-0.0001911102950470367
2010-02-04,-0.002290028010930256,-0.002184791534663,-0.0029272504742687833,-0.0025444972044725844,-0.0016690867089559358,-0.00172405258750441,-0.0017959252521970726,-0.0018764361065736201,-0.0011719423453202538
2010-02-05,0.0027522828239030517,0.0026391356990096426,0.003243991359317855,0.0031586964494405567,0.0015872743969225223,0.001507942814435781,0.0013181124944965372,0.0013356725614579457,-0.0028890060287176667
2010-02-08,-4.361032774269358e-05,-0.00011100524890295116,-4.142321561062534e-05,-9.976607829387252e-05,0.0007048509624305588,0.0007862329242367405,0.0007155346132654561,0.0008103738643359115,-0.0005480126240098304
2010-02-09,-0.001165246757662497,-0.0013021838610051129,-0.0009167228511837155,-0.0008664495582747511,0.00031641561960338294,0.00038653839553925984,0.00045487031435520464,0.00037586863717242736,-0.004039320132758761
2010-02-10,0.0005176774486699287,0.0006491636145153912,0.00028693394502754543,0.0005875247410487283,0.0005703711060875971,0.00046926729015783764,0.0004426154426655504,0.0004557613117861514,0.0007614651138285744
2010-02-11,-0.001473061708095802,-0.0012816936326351946,-0.0013889271541865922,-0.0011788998948560891,-0.001916008414108994,-0.001760063108026677,-0.0018903608088375323,-0.0018732623676670501,0.00037955008267953616
2010-02-12,-0.00043830270810529814,-0.000485961762722531,-0.0005355432269826821,-0.0005183140214812809,0.0004036832131395496,0.0002588232617670716,0.00031517845366968444,0.0001713445816378112,-0.0010317899273448727
2010-02-15,0.002625620531513384,0.00263567040142898,0.002504288021504486,0.002518654922037289,0.004092803425528535,0.004187342156543705,0.004029253925647902,0.004045914544254403,0.0008596067469119895
2010-02-16,-0.0001860941081311962,-0.00027209158294860813,-0.0003403873212683983,-0.0003666226664266192,0.001075790394150511,0.0008550703096827927,0.0009162529870707647,0.0007109002594969382,-0.0005539459333520069
2010-02-17,0.0001821046185781494,-5.539076664318188e-05,6.779569439485655e-05,-0.00012666236483460658,-0.001647281967244174,-0.0016790108201080178,-0.001608820264386135,-0.00168560172190102,0.0005065635318621808
2010-02-18,-0.0027808276780083574,-0.0028646909284603117,-0.0026415555914220956,-0.002690139969502736,-0.0033873292597319526,-0.003160117387648209,-0.0026152990608816484,-0.0031189883928733897,0.0003070970333651779
2010-02-19,0.003926464875313673,0.003920494663735008,0.003702249770279442,0.0036914168901642785,0.0023444152264928686,0.0023334630882836382,0.002296049207394013,0.0023919944052084308,0.0028202542128201724
2010-02-22,0.0011022562125222457,0.000983155621590459,0.0010928262353553375,0.0009273707515096152,0.0015662747411626654,0.0015269585738000302,0.0012923177990453727,0.0012308649087962031,-0.00039786629145410757
2010-02-23,-0.00165212189709385,-0.0016854497456004758,-0.0016892048430455775,-0.0016659418917518432,0.00030933621100248665,0.0003925440328600427,0.00036256761024122675,0.00037754277498147637,-0.003125593616068789
2010-02-24,-0.0013070782137595272,-0.0012664810286504569,-0.0008938171151039453,-0.0008966800332758096,0.0006904292832143888,0.0004997090048208808,0.0008148292278840064,0.0006729934058085085,0.0010611514983349668
2010-02-25,0.0012006234671033678,0.0011686289500556502,0.0009958004840515677,0.000895569772993543,0.0019508792036764255,0.0017883075265130444,0.0016476437048997816,0.0015851314286194906,0.0010305732173678805
2010-02-26,0.0012489107639870323,0.0010433026692369118,0.00124836748709245,0.0010017584110191269,0.001313313701289065,0.0013139654893494779,0.001112785448097675,0.0011376529237858701,-0.0008845143544338185
2010-03-01,1.5439938942263254e-05,0.0001636469783614647,-6.468105949819503e-05,7.303481507658915e-05,0.00013540666981537441,6.972191619136758e-05,-3.908907386662719e-08,8.959889539594812e-05,0.0008520119569097595
2010-03-02,0.0021846927386395265,0.0019897251766116675,0.0020769276949812454,0.0018491595028391483,0.001624867094794924,0.0015911804429125098,0.0015316735312702612,0.0014446957666354177,-0.0015935442088983454
2010-03-03,-0.0005648254264283281,-0.0006626721253257806,-0.0004801224054409303,-0.0008454502064160208,-0.0007330412649813045,-0.0006312815310055564,-0.0006969479717173765,-0.0005985254776390558,-0.001733046431197205
2010-03-04,-0.0014888998345313764,-0.0014473909924644923,-6.84191619624297e-05,-4.33395374275225e-05,-0.001335482098784424,-0.0013199178186646954,-0.0012601991513363497,-0.0012570563304927784,0.0015281637575510487
2010-03-05,-0.0009223257090764658,-0.000745883071739839,-0.0007551264909191335,-0.0006409905151346651,-0.0010408416331891823,-0.0009575266268579963,-0.0007995256821820007,-0.0007016150124391496,-0.00047219438305134975
2010-03-08,0.0012431642797741116,0.001121874054204941,0.0013112184257881854,0.0014423558814442572,-0.0004751335809501933,-0.0006277239004098822,-0.0005301440457172735,-0.0005819168294115551,0.0030551336160016263
2010-03-09,-0.00269052806840131,-0.002505681436232976,-0.0021320146972019227,-0.001966717308995336,-0.004366938396928699,-0.004201320917948337,-0.0038889539796260753,-0.003678270029557784,-0.001009262039758596
2010-03-10,-0.0011577308141592635,-0.0010335303048359945,-0.0008313377181824455,-0.0006965934865341694,-0.0001920840873451679,-0.0001556362926248278,-0.0003481556773257122,-0.0002141415867870089,-0.0012321456426581667
2010-03-11,-0.0007577186410374637,-0.0009199979684162418,-0.0010245187691231283,-0.0009757463470115857,0.00029625951612577417,0.00034625365718188306,0.00010821887905065886,5.910216325299977e-05,-0.0027428695431095385
2010-03-12,-0.001281932297073296,-0.0007996454436406397,-0.002185284181091429,-0.001987055249205061,-0.00032418476520834627,0.00020101752870194112,-0.0013951649240394604,-0.0010772298617029996,-0.00020586984688220067
2010-03-15,0.0028563464259123705,0.0028396954037965827,0.0019532166350109126,0.0023312477774921625,0.004322328378172813,0.004118840533002821,0.003630343835217653,0.0036310319185612894,0.0001032331088208771
2010-03-16,8.335001123249697e-05,0.00011996664471736196,-0.00013841378249612735,-2.336197095109682e-06,-0.002428222732021479,-0.0021791468995631114,-0.0021924277197711284,-0.0018411370437462216,0.0029624280778655088
2010-03-17,-0.002679117523889718,-0.002757261690241264,-0.0023351144625642917,-0.0023089991223842476,-0.000563672792962544,-0.0005649624456030011,-0.0003617461866272098,-0.000509569404611554,-0.0015594499467356249
2010-03-18,-0.0005491087901259295,-0.000557522675446176,-0.0004777248735972073,-0.0004073245068220155,-0.0010359552822052365,-0.0009879148288626238,-0.0006664740654991341,-0.0005401815742736016,-0.00401761628482622
2010-03-19,-0.0016361172873921026,-0.001730809615987483,-0.0016018248585177863,-0.0016702531910023355,-0.0016439044090360566,-0.0016150682208063705,-0.0017289478578985662,-0.001631960385016451,-0.00139319936484672
2010-03-22,0.00045645369109692524,0.0003157847069994446,0.00047917474847114505,0.0004462855989493253,0.000616141806077275,0.0005489433685570422,0.0005356369723170662,0.0004661431084134193,0.00022725087280695
2010-03-23,0.005289024803709852,0.005317508065056709,0.005123899063891768,0.00513773745208046,0.005346728165988246,0.005250170980208413,0.00521209560830127,0.005078667323961783,0.004752680172625645
2010-03-24,0.005155720230204608,0.005251566387702411,0.004514707527288886,0.004614417583973074,0.006873263533599738,0.0069706107888545255,0.006656639108182816,0.00676854252928516,0.0033693106422050256
2010-03-25,-0.002813660880000901,-0.002640525010899508,-0.0022232685642976646,-0.002227354953859284,-0.002742052529543848,-0.0025685909702060084,-0.0023602856181902387,-0.0022745724639278153,-0.0019452957501704393
2010-03-26,-0.003790434531041109,-0.003845271372016845,-0.003852920624154099,-0.0038472712820483146,-0.0023581836065413864,-0.0025155963788053848,-0.002869613668414428,-0.0028813101684398434,-0.005435040554977011
2010-03-29,0.0037564393007101238,0.0037394883813341995,0.003783844475583553,0.003736948338701307,0.0014366403095955604,0.0012858554171577552,0.0016270935946307574,0.0014209965014859716,0.005037361431151188
2010-03-30,0.004866863303151225,0.00512044682858237,0.005035992541254863,0.005036381847351334,0.005024026619697697,0.005598264824360433,0.004978573058104452,0.004980994335892275,0.0040536145506240295
2010-03-31,-0.002625174726137547,-0.0025768683955085248,-0.002490997092950087,-0.0024058631872111436,-0.0020686770498345997,-0.0019930392840461497,-0.0017740987797686403,-0.0016479233202525423,-0.00012438438980089117
2010-04-01,-0.003161909720945544,-0.0028103874905356374,-0.0028620108156791613,-0.002757329174073564,-0.002628304750478483,-0.002416455000528339,-0.0031947206272142648,-0.0030539583863045117,0.0021005008012833226
2010-04-02,-0.0004353711346651856,-0.00041738127067225683,-0.0004187654322246326,-0.00040115540039309394,-0.00048159103517875224,-0.0004663024289034423,-0.0004474855822930168,-0.0004321103545632532,-0.00018554368862444548
2010-04-05,0.0006668670387739439,0.0008976679867860327,0.0009016366936860365,0.0011446104073391528,-0.0005914316456305801,-0.00032657874047758995,-0.0006140417656034236,-0.00031535514634173367,8.396305644464697e-05
2010-04-06,-0.0012750175616307313,-0.001254862612978247,-0.0015657278849169343,-0.0018174938130368634,0.0006976463482297746,0.0006065932669581109,0.0005564445339356627,0.0004437387699576245,-0.0017298314164999606
2010-04-07,0.004046871913402139,0.004118766657022821,0.003909941108518611,0.004281176584291835,0.003265504543554121,0.003280412058806803,0.0032932954585849217,0.0033228580995674495,0.004513439165320543
2010-04-08,-0.0006316998849411615,-0.0007265377927050398,-0.0005147538355034786,-0.00038346173764070013,-0.0007720179465868782,-0.0009360605891988172,-0.0007687527368859248,-0.0008975556994135214,0.003061818873259625
2010-04-09,-0.00203696379558449,-0.0018805541183459784,-0.002217195187763532,-0.002375555964260645,-0.0010550896157062173,-0.0009424959963568735,-0.0013890859680429912,-0.0014389014244767795,-0.0005745126712018989
2010-04-12,-0.001499804822793993,-0.0014458521813345282,-0.0014598927190011546,-0.0014681220480105006,-0.0017062122113309375,-0.0014508512404636242,-0.001853864945846606,-0.0016625472084209614,-0.0026384424852292643
2010-04-13,0.0013812948093023802,0.001322281203682607,0.0011636939127785961,0.0011760696149376582,0.0025079068194668874,0.0020132492947082525,0.00217932739109572,0.001999135717374534,0.0021321900517827785
2010-04-14,0.0014679846212410919,0.0011828027696012544,0.0009810380877108837,0.0004890744843135675,0.003185085315602576,0.002803429479691033,0.0022293459001427873,0.0018872410037078513,-0.006346524827521183
2010-04-15,0.0009148483567507082,0.0009349634753628155,0.0011016614835102079,0.0011751208420218706,-0.0004613563279323163,-0.0008091068080370301,-0.0006788329192384257,-0.0006446380554776532,-0.002058567388376842
2010-04-16,-0.0013312886984955252,-0.0013558015148148472,-0.0012217731785725272,-0.0009243110120091824,-0.002100401894428394,-0.002112458508966464,-0.0019052137044611728,-0.001904898158949564,0.0013527804259176879
2010-04-19,-0.00562528205799151,-0.00546051674570136,-0.005609544845121772,-0.005525179508621747,-0.004478985779530986,-0.005099722977080834,-0.004467439621041902,-0.005086724956568478,-0.004752414388287551
2010-04-20,0.005230012497978054,0.005151295394349331,0.005359989574533763,0.005410633737176651,0.004300520734184854,0.004318822239982145,0.004407956473027497,0.004616789303793389,0.0028320566852622076
2010-04-21,0.0045786807711734046,0.0044252827323436605,0.0045021793067159255,0.004454844988119211,0.003318707139494892,0.003368130428177185,0.0033729872469538957,0.0030952845306528864,-0.00035332696249690265
2010-04-22,-0.0006050753737039116,-0.000535081136941673,-0.00034027416717163916,-0.0004125844797823186,0.0007034868500448432,0.0008393027047914892,0.0008108534808521917,0.0006947595920734351,-0.0004711595418466219
2010-04-23,-0.0014685375306433546,-0.001496803280268022,-0.001448297798138487,-0.0014788922792448034,-0.00034205008176568796,-0.0004977257249699774,-0.0005067174287299858,-0.0007617571243477839,-0.0009370177744133512
2010-04-26,0.001396299912979515,0.0010975481843937818,0.0013245856574690684,0.00135187270207493,0.001282732456937774,0.0008169651557767832,0.0009649294269402642,0.0007024702238251912,0.002682464700079157
2010-04-27,-6.946428375886882e-05,-0.00010628542324042645,7.839703212941806e-05,0.00019137855339024235,0.0005483108690460536,0.0004218626271121906,0.0007546528462345492,0.0006576791456347486,0.003384405342131691
2010-04-28,0.0013877881549921867,0.0011137246173558157,0.0004649214631566867,0.00021805123356499756,-0.00011917759591539845,-0.0003970043988884564,-0.00013897649691130276,-0.00026162474636093336,0.0009757244745818294
2010-04-29,-0.00309881466096229,-0.003063413798601422,-0.003011448581756282,-0.0031950640592487423,-0.002350560509842281,-0.0023351102650596145,-0.002418666097249389,-0.002210846678244782,-0.0028084795855903844
2010-04-30,-0.00053403706279187,-0.00041636696753410973,-0.0004021856310669758,-0.0002850881951801387,-0.00018172466710830726,-5.34932468860827e-05,-4.8458580397259254e-05,0.00014460079258293845,-0.0014412267830165026
2010-05-03,-0.002525591407186667,-0.002527878774762682,-0.0025166432631845703,-0.0025231453143612637,-0.0019207860166765567,-0.001873464117116419,-0.0017979684512409166,-0.0017782310681699887,-0.0019098596942191959
2010-05-04,0.001217293580858092,0.0011687151501962312,0.0010958162741894206,0.001091148776477091,0.002089947510572898,0.002389309236795034,0.0019064274126134872,0.0019848945021110342,0.004813733580406376
2010-05-05,-0.0001553528633086998,-0.00022580301007413262,-6.579567240028172e-05,-4.546004931116343e-05,-0.0007141350509408673,-0.0006648204032302374,-0.0006334000080376878,-0.0006902150034026056,-0.0020404221825767177
2010-05-06,0.003686079285309063,0.0037080461399352505,0.0027984441468902332,0.0025716961613575506,0.0028936405431772005,0.0026440339762761056,0.0028146516892151308,0.002798053115363075,0.00042747103988127755
2010-05-07,-0.0037714932229796494,-0.0037130169794290513,-0.0022030229412478564,-0.002078632130614211,-0.0009763386242828132,-0.0008194771518497124,-0.0010267297195056813,-0.0009680367243828369,-0.003318505650511172
2010-05-10,-0.00034870949847820576,-0.0005733173163749994,-0.0004171087190281142,-0.0003985943670002934,-0.0006262376565001615,-0.000626759093697915,-0.0011488774319841077,-0.0011452691578603957,-4.845279333398622e-05
2010-05-11,-0.003417953755873726,-0.003364669405671372,-0.0033799692826086414,-0.0031368700340769218,-0.00272322943771397,-0.002405537291726878,-0.0026706780959846466,-0.002373026036239123,-0.0011070316261102553
2010-05-12,5.831386998367272e-05,0.0001319740222156529,3.961887251469065e-05,0.0002553356519776617,0.0011531619826385953,0.0011435816185108028,0.0012028890709110396,0.0012598094231082158,0.002442485349505752
2010-05-13,-0.0010844309033712918,-0.0014533453488695391,-0.0011866196481843394,-0.0010905754495762476,-0.0017578794353905192,-0.002020226932413549,-0.0016794362514116479,-0.0018961425718987401,0.00015957426017321197
2010-05-14,-0.0006103626768365622,-0.00054563688185294,-0.00022204513829382488,-5.559347833528072e-06,-0.0007872302540540277,-0.0009123356560035711,-0.0006064824608928987,-0.0006153848034987641,0.0015630176300613918
2010-05-17,-0.001739713737638482,-0.0017897058012429357,-0.0016582428499846147,-0.0017016184070351992,-0.0012035893711881407,-0.0011987866720940543,-0.0010340963915755896,-0.0010343752208992196,-0.0022295046560267817
2010-05-18,0.003300293762286355,0.003428640051170717,0.003305701417000373,0.003507950832304596,0.0033976779879254515,0.003465151907576569,0.00319270784678527,0.0031403905417317635,0.002980009841843767
2010-05-19,-0.004136815402326133,-0.004084834013464489,-0.004268713253105183,-0.003984986433207438,-0.0036846875830611747,-0.003639087400628127,-0.0034747301878722547,-0.003406698108668671,-0.0033388439584074447
2010-05-20,0.003032334301452,0.003005655326615786,0.0027180528546701943,0.0024387407366779357,0.0031559793074042997,0.003127236426688107,0.0023644316799336096,0.0023888793766797534,0.003124503996194683
2010-05-21,-0.0011612229079424052,-0.001343165383808409,-0.0008132041340852547,-0.0008131816992498209,-0.000951899155868019,-0.0009561775835521535,-0.0005463865743089436,-0.0005326918515553558,0.0004312504879542267
2010-05-24,-0.003083876780663908,-0.003009200702200232,-0.0033205683514526685,-0.0030385823145615554,-0.0029412856587064384,-0.002901312379867904,-0.0030278235813639975,-0.0030473822974083076,-0.002372004795068494
2010-05-25,-0.0032914800208941886,-0.0032565006615611347,-0.0034375602454812526,-0.0032274351668728496,-0.0020382930888225292,-0.0020658369356700845,-0.0020996291774841858,-0.002055189491133369,-0.003736354920562679
2010-05-26,0.0041557637571305595,0.004419296934049077,0.004243802842023969,0.004238175165140579,0.003626038808513865,0.0034848511105174396,0.003447506758806229,0.003557229317706856,0.0037738836968008727
2010-05-27,-0.0020364293231441843,-0.0019659692854175903,-0.00200097134178856,-0.0018290517549167662,-0.00093380930484388,-0.0009561590435186451,-0.0011386222107236943,-0.0011446228719281804,-0.0009264946386489115
2010-05-28,0.001290232412040515,0.0012717350551543216,0.0014347506503504803,0.0013880930506977585,-2.5444668366736423e-06,-0.00022125396348116055,-0.00012385503293133038,-0.00013434767767628308,0.0007154667085231825
2010-05-31,-0.0035397458957185934,-0.0036727031460598303,-0.0036390237773686884,-0.00341516628213967,-0.0028501264946568794,-0.0029913310237195123,-0.0029211041970791385,-0.003047991050775023,-0.002699756103920592
2010-06-01,-0.0021979709793178426,-0.0021589815559660552,-0.0021678369795138375,-0.0021130360589552977,-0.000925273052989839,-0.0008990794328671559,-0.0007792634038091828,-0.0007851213896111764,-0.002012987880627981
2010-06-02,0.00027256371889960995,9.254593435503722e-05,0.00014609989970826298,0.00015388093760382304,-0.0002958836107189722,-0.0003284315571060459,-0.0003692365357070848,-0.0006946517110806294,-0.0022381563045115183
2010-06-03,-4.454890132543632e-05,8.563302192299282e-05,0.00026388159879076056,0.0006475264624219434,0.0012088501835474386,0.0012488855891106265,0.0017694367236436026,0.001630155223699692,-0.0031188413814446925
2010-06-04,0.0028303326093799264,0.0030342692692142403,0.0024733254515967307,0.0027237337663781336,0.002511677892490072,0.0021576280759567634,0.0024660131693956533,0.002611671479775035,-0.00042829212244832604
2010-06-07,0.004457984814157712,0.00445723134757503,0.004442357694265597,0.004365740338610147,0.003975307752894119,0.003977292026230872,0.004066971090715077,0.004016763157733472,0.004278210207074418
2010-06-08,-0.0008163121179252109,-0.0009194656062384565,-0.0002831167433288151,-0.00023459140882431395,-0.0019068854274025826,-0.0018446798978226653,-0.001787580925919241,-0.0017264182513845316,0.001961186234540113
2010-06-09,-0.0007587517299961766,-0.0004770914697005413,-0.0009911521190005823,-0.00032290980426674665,-0.0013800189502283233,-0.0016022341754067249,-0.0014659281432102267,-0.0014694361551309543,0.0005649264314608882
2010-06-10,0.0017801783774671343,0.001784445558938419,0.0016728703604149686,0.0015517225829067005,0.001108957750604933,0.0005994417083154957,0.0012205330071772824,0.0006749689369249801,0.000805010270337414
2010-06-11,-0.0007748560231467527,-0.0008269472138129341,-0.0007627762237297775,-0.0007047928857581987,-0.0004818062199251072,-0.0003679169504060553,-0.0005969602927520246,-0.00044763402660297213,-0.00023920695652601687
2010-06-14,-0.0023433803309625967,-0.002377926109240258,-0.0021424395844634736,-0.0022166188240345663,-0.0012129040395285617,-0.0013811240618315512,-0.0011854167168396934,-0.0012914071710993236,0.0004205730115829365
2010-06-15,-0.009547031786696358,-0.009246919675320653,-0.009181994281295847,-0.008458128419682964,-0.004722372397379715,-0.004740139663296672,-0.004303617522796399,-0.004298195801445859,-0.0048945916394962374
2010-06-16,0.001684912692643925,0.0017934977148059694,0.002115750653019388,0.001979447002800505,0.0017951725793325934,0.0016769845643582748,0.0019247086473708208,0.001870528945962402,0.0009476159045409549
2010-06-17,-0.003695469103611071,-0.0036459856432773385,-0.003726657340827777,-0.003649889111528637,-0.0025799703087684422,-0.0026470533783498063,-0.00269743472177264,-0.002609314657424755,-0.0038727312150453885
2010-06-18,-0.001100544555316385,-0.0010732383877305463,-0.001095854307930355,-0.0009448238327932623,-0.0002326646633763474,-0.00023953140699028985,-0.00020850931717808496,-0.00020920859402207004,0.0002350613630581755
2010-06-21,-0.001696291786815407,-0.0015531918628359787,-0.0016404114604746667,-0.0014030659958473857,-2.6124605611688168e-05,7.878997316135283e-05,0.00026677260075169684,0.00036697193752188717,-0.0011703987410852656
2010-06-22,-0.00130900570918413,-0.001278158624121284,-0.0013227921443093038,-0.0013232865101667768,-0.0008122773810087525,-0.0009764250185895218,-0.0005436469897002194,-0.0005744773979490247,-0.0005668017506247347
2010-06-23,-0.0006398989769397234,-0.0006872379404816442,-0.0008782925837866884,-0.0007309635004186799,-0.0006412024142881112,-0.000804344371107546,-0.0010890186750550646,-0.001074692360299001,-0.0006837567874901085
2010-06-24,-0.0006425888625357645,-0.0005763577968908029,-0.0007413907733059277,-0.0007041453578708889,-0.0003204425596446958,-0.0003109122698722322,-0.00053404609492258,-0.0005037864076948839,3.558619362853399e-05
2010-06-25,-0.004449395819546509,-0.004434483974933623,-0.004075674098129145,-0.0041164479203597,-0.0048863830403389485,-0.004906244142114491,-0.0045281009798483485,-0.004381677886106883,-0.004058592584786136
2010-06-28,-0.007551133764462592,-0.007577354379777468,-0.007198293411256884,-0.007257522058252586,-0.003653318718759291,-0.0038057957710846413,-0.003392726772664112,-0.003300384100373921,-0.0062656980634810955
2010-06-29,0.00452336759793881,0.0046590973392008905,0.004129494125828748,0.004354185772615926,0.0032494501009463495,0.0031555269272565134,0.003194017423738593,0.0031544191421983836,0.0022495502585477833
2010-06-30,0.0027420358425100932,0.0028181380894525265,0.0037359140932697876,0.004718040956178671,0.0037694503333602913,0.0037784422335116474,0.004015833616967335,0.0037074736534066233,0.002006123882388078
2010-07-01,0.003120654172802606,0.002947503259136619,0.0032206123853550928,0.0030309589552934835,0.0035953606186052145,0.003439300644904497,0.0037229546451618134,0.0035619684944692143,0.0023960305949446425
2010-07-02,-0.00035830835090622237,-0.00024017876390514115,-0.00010449912075638501,-5.05187294977949e-05,0.0005078313055859596,0.0007143560588660502,0.0006146508977773468,0.0008286031706588037,-0.0002699857562505903
2010-07-05,-0.001678800900120514,-0.0015795808111001008,-0.002139320902777353,-0.0019864324095454355,-0.0015625009068772622,-0.0016461837810550772,-0.0017057421489403701,-0.001688930139211231,-0.002386401897746415
2010-07-06,0.0024095269195920643,0.002359581833111468,0.0026375219127250382,0.002485513578333265,0.002005472377572648,0.0021198763347436422,0.0017257100629721744,0.001796491726706595,0.0018033734067910423
2010-07-07,0.000807874586756574,0.0006173785221643691,0.0005184187278497454,0.0004594118925209667,0.0010903563164101904,0.0009990643768476026,0.0006013567602176639,0.000572864842405707,0.0012312839301087397
2010-07-08,0.0021051068351458646,0.002108802485101924,0.0018217103720039596,0.0019676820709459975,0.002696208724619842,0.002429464498925782,0.0023268713278130626,0.002263423842352008,0.0016669088240277574
2010-07-09,-0.0016499667786954442,-0.0016529376577039123,-0.0017306130685545984,-0.0018609184493083575,-0.0023176301264727917,-0.002190229227745033,-0.002107861254979748,-0.001998601947685752,0.0015070793138143301
2010-07-12,-0.005701927609832014,-0.005882196318755195,-0.005211303945394263,-0.00530471395630816,-0.00571185491575088,-0.005807163248981562,-0.005619672282347943,-0.005734435169259644,-0.00810533571071137
2010-07-13,2.258687792022762e-05,3.574798773797738e-05,-0.0002845996827621766,-0.0002936511344401316,0.001804722026028216,0.0017583971204784277,0.0013734594393688404,0.001277447154806044,0.002058095808366689
2010-07-14,0.0013917858232475044,0.0014392799487152885,0.00038606204773983244,0.00039397600440782554,0.0012345130848290253,0.002145464524497376,0.0009392922974635898,0.0009720230258551954,0.003591802361273766
2010-07-15,0.001504405681537202,0.001514730819241139,0.0011687753813021118,0.001282141425141159,0.0032428255412468854,0.0032352681410015016,0.0029181545174297163,0.002917621566748574,0.0029210838513782367
2010-07-16,0.00026073467456999566,1.3257129765076314e-05,0.00026715852645486926,0.000304360157352912,-6.526350382340951e-06,-0.0003281079142508636,-3.590177259538141e-05,-2.7098850921225548e-05,-0.0017950811590172755
2010-07-19,3.3411539976047067e-05,-8.656639603543681e-05,3.430565751338932e-05,-0.00024995914472547565,-6.806811932602574e-05,-5.821969424613105e-05,-0.0001414196630292741,-0.00014428677623490316,-0.0005286398343089527
2010-07-20,0.003177748106153233,0.0032211606332606113,0.0031296660426425316,0.0032947863235037733,0.0016900344372423604,0.0017851263115939986,0.001803423253992742,0.001989078289110102,0.0015893745296098327
2010-07-21,0.0009047520555831579,0.0009966928917686246,0.0009874054356795448,0.0010615461254206426,0.0009458420610688467,0.0009888780142881526,0.0010064661499835648,0.0010679182748500882,0.0021331214240960517
2010-07-22,0.0009075766706483357,0.0009140423260236563,0.0007446120850322924,0.0007847870148360858,0.0012741248385441661,0.0013642269553773012,0.0010971897252958218,0.0012370413789639656,-8.15062436543279e-07
2010-07-23,-0.003293592901819631,-0.0032082058975346772,-0.0034098452420749936,-0.003835409647243271,-0.003954707241092037,-0.004394922428282655,-0.004220329044480553,-0.0041577389316188595,-0.003270466757593238
2010-07-26,-0.0031160943333686797,-0.003269477914181862,-0.003189015449818089,-0.0033344511873328875,-0.0034606173133044926,-0.0034373182634765964,-0.0037042744322340893,-0.0034514899149206135,-0.004513869075663202
2010-07-27,0.0005076186986952003,0.0005779962846552689,0.0006500000247773308,0.0006186765579834219,0.00021801741153115728,0.00030314958183708107,0.0005007689518854441,0.0005111313023067332,0.0003937434668939144
2010-07-28,0.002786257674739945,0.002740245988929413,0.0025071691418159237,0.002402216122387113,0.0018445155335735652,0.001894812316019845,0.0013460201653250348,0.0014632328636963177,0.0008415030718582628
2010-07-29,0.0018022869004419295,0.0017647990217704024,0.0017954316461552544,0.0016748727019959553,0.0013073793723767935,0.0010170025164630836,0.0014589915970613099,0.0012311655808996402,0.005188010452717107
2010-07-30,0.0006154009447278952,0.0007584358146492942,0.000576038084051822,0.0006272842228549624,0.0004160849293022295,0.00044526254821253275,0.0003913113617355357,0.000435851078433247,0.0016748397935641979
2010-08-02,0.0012943978251069854,0.001302681073016787,0.0010404136601711578,0.00116746404473278,0.0003983524708317532,0.0005589730953048377,0.00040907509719434465,0.0004822856260462416,-0.002114848639124256
2010-08-03,-2.734694493833345e-05,2.517653409328524e-05,0.00013498536749234624,0.0001829297215933945,-0.000473959701843496,-0.00046167689406939605,-0.0004558830052922014,-0.00036745489302525414,-0.0007262213571463949
2010-08-04,0.00390661524946756,0.004082512409882888,0.0034762133752312963,0.0038991741769140997,0.0028431688104686437,0.002787108831558527,0.002658591261317289,0.002621934378228108,0.00455356241875382
2010-08-05,-0.0014866116317032718,-0.0014143933347675608,-0.0014589972763066061,-0.0016062391602057469,-0.000728264611983942,-0.0009504461643353723,-0.00045234051811593456,-0.0005471864187222009,0.0007323655455291345
2010-08-06,0.006388475664420135,0.006491702122476184,0.006309783500313415,0.006312174665092263,0.005744050368684306,0.005760444491162531,0.005333225858081381,0.005290585034065209,0.0069162663186377316
2010-08-09,0.003087683878815861,0.003146745039154908,0.0026192044174859763,0.0026092222713032243,0.003198177563704885,0.003264182463920795,0.0027361697015224618,0.0028193651427026456,0.0016900057233866228
2010-08-10,0.0003062646557698834,0.00034751552567025,0.00022838308495898296,0.00022803913235147633,-0.0003247327617824647,-0.00039799309057642063,-0.000259117293928135,-0.000339450360155924,-0.00022917744809936025
2010-08-11,0.001268385326267829,0.0012722661090129872,0.0011935263332241153,0.0011930423615071906,0.0010211079385975541,0.00102194522207677,0.0009678455311599166,0.0009209526907998367,0.0019194979417855862
2010-08-12,-0.0033108640997647765,-0.003241495400827188,-0.003320643252854194,-0.0032389262880245795,-0.003505357658803332,-0.003313714873678597,-0.003627017392840548,-0.00347700312372623,-0.004171430635553808
2010-08-13,0.0020423634951609593,0.0017058492747892284,0.0016573298378925738,0.0014607137801578851,0.0024574783617838936,0.0018214845457038553,0.0020178844603402357,0.0014703245351719296,0.002881588132290114
2010-08-16,0.0012458338109540001,0.0011955702643826616,0.0008825497086610845,0.0012815036524798096,0.0023592715790758945,0.002272073615630754,0.002075338460723053,0.0020138848509003715,0.0011706189762257235
2010-08-17,-0.0011069252473999702,-0.0011182397850560966,-0.0015758718856743181,-0.0014931920125432763,-0.0023129695524345406,-0.00230886442262368,-0.002994221130035779,-0.0028522146356095845,-0.0024587744028865544
2010-08-18,0.006305810798449718,0.006315325239547143,0.005982946710077153,0.006227185898026288,0.0051837070269020735,0.005127266093690963,0.004992220375329426,0.004970559299624089,0.004590387309689525
2010-08-19,-0.0024797098262439032,-0.0025218438418128653,-0.0023176785113653287,-0.0025461763840153306,-0.0018764592821290949,-0.001963961803290837,-0.0015512331496551068,-0.0019631815338657654,-0.0037283389556339586
2010-08-20,0.0007627663564542253,0.0007249807990981072,0.0005248070246388625,0.000856933077751032,0.000414188807622784,0.0003224507206949223,0.0003595857775970934,0.00023514514051869995,-0.00047612134926255933
2010-08-23,0.0007894543058799552,0.0006172200862455401,0.0008808395956523274,0.0006522152084365018,-0.000287748158786183,0.00015964400033419146,0.00017973795740910958,0.00010409910872599681,-0.00036918764883930866
2010-08-24,0.00349313172931498,0.0035358292631224586,0.002688288367826308,0.002696750389184821,0.0026594750483242002,0.0026317098550427964,0.002015513440988048,0.0019491657648329497,0.0010180372151666894
2010-08-25,0.0003920900173066677,0.0003942251407984543,0.00031587358191775827,0.00027409348277163126,0.0001291494591382225,6.199348401247917e-05,0.00019889272112960654,0.00022128655723374635,-0.0005707160387304899
2010-08-26,-0.0021054119374759317,-0.0021860731326466265,-0.0022178090645886828,-0.002100512098806462,-0.003700858529371076,-0.003734272075403555,-0.0035693263751339632,-0.003650273207730148,-0.00389124602480706
2010-08-27,-0.0025811293950643854,-0.002526577331567026,-0.002615699010794059,-0.0024601195008785437,-0.0014040039375541324,-0.0013635985860204203,-0.0014011620208564946,-0.0010540305134895123,-0.0013101978230536382
2010-08-30,0.006116991862896937,0.006063156674236625,0.005991091411950755,0.005846805596970928,0.004426014370642939,0.004285325829504805,0.004089002495246907,0.0040003456679384986,0.003099632561295085
2010-08-31,-5.8020074314879544e-05,-1.6167176826398233e-05,-0.00016466387143232453,-0.00017829337540564705,-0.0008451848808690432,-0.0006582230031266789,-0.0010276964057274185,-0.0011221324774512986,-0.0022711909508820183
2010-09-01,-0.0011262444292816642,-0.0011476552911722226,-0.001317875759393461,-0.001344283052226447,0.00015374796573697225,-3.553326399785561e-08,5.390606954391863e-05,1.842326816858808e-05,-0.00014271431696211145
2010-09-02,-0.0005975453324018609,-0.0007803853799233096,-0.0003718557033689507,-0.0006276179499465906,5.4827233188392555e-05,-0.00048160651111484043,-0.00024621194385243683,-0.000212978325335067,-0.0007701390583784162
2010-09-03,-0.002203261368643017,-0.0021815578919524015,-0.0023173622051557707,-0.002373837678026125,-0.0018650741259744752,-0.0017604266750879116,-0.001854058431633332,-0.0019000043483066165,-0.004829963908094426
2010-09-06,-0.007521213614859912,-0.0075492128440254325,-0.0068864858927432104,-0.006850870744562476,-0.008106872876635696,-0.008040462619484212,-0.007245602812905094,-0.007080707191325919,-0.009718784944711345
2010-09-07,-0.00047940134291957204,-0.0005215475417872373,-0.00029876736846956575,-0.00042133589756343515,-0.00015275302201966934,1.342747430022051e-05,-0.00012443490286540015,-0.00015671423603080825,0.00037736052111503327
2010-09-08,-0.0054348668503863,-0.00546491326427212,-0.0050694568053467615,-0.0049464112980098784,-0.00440929943105417,-0.0048488820641201524,-0.004157493317208494,-0.004187640737483345,-0.005730451228929012
2010-09-09,-0.004458107978348003,-0.0044345840920528845,-0.004415188452602803,-0.004299563377929139,-0.0034157132482576236,-0.003108880297873262,-0.002628670976073111,-0.0023572426017027803,-0.004032659963906449
2010-09-10,0.001130031224669814,0.0011380928261377488,0.0009349509844283066,0.0009709121067931203,0.001752393715003464,0.0017004507824700532,0.001496487272067748,0.0013978386452451197,0.0016335173247208346
2010-09-13,-2.4380389800127134e-05,7.797397827857822e-06,-4.898516800166952e-05,-1.1027956393960814e-05,-0.00053783977810129,-0.0005533316395393006,-0.0004917520522017549,-0.0005396604888249223,-0.0002405668844059905
2010-09-14,-0.0026775636263877134,-0.002561032439532651,-0.0030831041974007656,-0.0022541143299218414,-0.0025181036522692324,-0.0024754111210519847,-0.002219897412159999,-0.002157628294141567,-0.0013846067300568032
2010-09-15,-0.0017607759021825986,-0.0018175250932032094,-0.001915214326932424,-0.002016806427667106,-0.002481118351722489,-0.0025801378978692613,-0.0023201398691790054,-0.0024868571274136997,-0.0013773140302206777
2010-09-16,0.0031794900399777504,0.003254123544694121,0.00312919184330962,0.003046267841231076,0.001845767211851479,0.0017996858780495728,0.00209115980353336,0.0021415207822357285,0.000712620943313258
2010-09-17,0.0005992860013053214,0.0005661435565009754,0.00034165450998902003,0.00028367871754819696,0.002550762545340257,0.0025470608389830396,0.0022743155215041444,0.002201838595322192,0.0018148211740034448
2010-09-20,-0.0015464530408069166,-0.0015002518509049656,-0.0016921211018100513,-0.001441511248829963,-0.0015247613611271138,-0.0014675985231089594,-0.0014915829743223918,-0.0014480338126177106,-0.0012237978559067608
2010-09-21,-0.000719082593806375,-0.000618049131251297,-0.0007934530701994014,-0.0006646343712963798,0.0016790486915463365,0.0016948636091336233,0.0016863090082219756,0.0015663582350722294,-0.00041711967604618483
2010-09-22,-0.0009145921706358306,-0.0009902212245817,-0.00081230529092291,-0.0009660989462252356,-0.0006261489353331928,-0.0008977743657201387,-0.0010050339233992345,-0.0010154948660607843,0.0004031825813191059
2010-09-23,0.002798082485281128,0.0027922003400253637,0.0024488052831304064,0.002521916520849654,0.002606287621088832,0.0025005150221188988,0.0021460334513505597,0.001952028255232774,0.0003374239564009063
2010-09-24,-0.003458081662605861,-0.0034895250103261777,-0.0031314217733472427,-0.0032067372968151986,-0.0018103041679704557,-0.0016825999085291476,-0.0016764125703206956,-0.0015718894855883958,-0.0026694241745247593
2010-09-27,0.002040845495740351,0.0019651961973683463,0.0021826830441984413,0.0018652519441031412,0.002832731905863417,0.0025753189471204863,0.0025658534889794193,0.0022548843173271216,0.0012177022882031707
2010-09-28,0.002723301464853778,0.002817999497472856,0.0033338129321038856,0.0033755129555737007,0.0023737886150692056,0.002322397678905741,0.002457287834774391,0.002432626215445266,0.002102386167775361
2010-09-29,0.0029351989157104796,0.0028601369376919372,0.0027649967398339914,0.0027065172678035765,0.002048122294235011,0.00217410811843477,0.001915670247289114,0.0020776654860990007,0.00285522504557445
2010-09-30,-0.0007944834981755688,-0.000859763412915715,-0.0009779655819142086,-0.0009599746789076269,-0.0005476997076535595,-0.0005838499694600374,-0.0007455241277229963,-0.0007468958854622842,-0.0004872490134725238
2010-10-01,7.071355774046495e-05,2.0399654615088636e-05,0.00019440614618959629,0.0002635068698293441,-8.873003426035364e-05,-0.00010962646413625876,0.00020032064434638563,0.00017574994391944543,0.0005233341832373561
2010-10-04,-0.0014399183742818122,-0.001477381940985678,-0.001533222329578865,-0.0015654558545012964,-0.0020207717549053372,-0.0019144531628375594,-0.0018173669515998414,-0.0017394278721915013,-0.00015489598742446375
2010-10-05,-0.004851093505157,-0.00459809923355059,-0.004426933156999491,-0.004477095043058599,-0.003728990088823214,-0.004025712719039509,-0.0035300121969348286,-0.0035169179950840235,-0.0012930696742556869
2010-10-06,0.001168304533470943,0.001039466519968224,0.0011955170805919568,0.0011888509537907321,0.0007328173649010505,0.0008177020563167048,0.0006898409226776536,0.0007546641705307167,0.003039740580800032
2010-10-07,0.00028604317302072246,0.00022764900274485633,0.0005459285137934256,0.0006317725141495867,0.0003556440501437663,0.0001599065199116012,0.0005371499041151306,0.00021041605160365684,0.001777323851111623
2010-10-08,-0.0012481302310214382,-0.0011830529048733052,-0.0012741324355901584,-0.0012566811790921673,-0.0017748777239687819,-0.0017187551859150219,-0.0016885286637129404,-0.001682080130030461,-0.000453112480201856
2010-10-11,8.763180977244822e-05,0.0001287481632263887,0.0004155386085142876,0.00022034141490179238,0.0010598719103571685,0.0010323973584289714,0.0009529403756016741,0.0008997551978335849,0.0004222387532260008
2010-10-12,-0.006206533814338555,-0.006084726614119074,-0.00611595538075782,-0.0059348987288420085,-0.006128020516270372,-0.006151788230927879,-0.006258090690032803,-0.006298147810939958,-0.005483624825766142
2010-10-13,0.00111403985227998,0.001103732246223288,0.0008210737358880227,0.0008812046460973111,0.001121856745508909,0.001163707784847423,0.0009665785909842572,0.000898652416838619,0.0028165565225812816
2010-10-14,0.005147613084234726,0.005165612546583764,0.004770055913354776,0.005035092987258016,0.002153771181923503,0.0022144012331815066,0.002185274280090521,0.0021989620225009165,0.002116499411768391
2010-10-15,0.0008780269726733625,0.000990529678135177,0.0011875969944794562,0.0011246554356434402,-0.00037911466748774547,-0.00023953892264105825,-0.0001435075050644219,0.00020706313058838077,-0.00029778728558815803
2010-10-18,-0.0016980058006006438,-0.0017090935775503358,-0.001902984260940488,-0.0018258718248091999,-0.0022434873283070367,-0.002363512909130394,-0.002893505164021981,-0.0030365165240548997,-0.0017749910228149757
2010-10-19,0.0037697525021689327,0.00384735039111872,0.003562204899457466,0.0034622846557899045,0.004304917513285433,0.004235304995123812,0.003666303294820983,0.003646879337340758,0.0024748871955144747
2010-10-20,0.003048285598483691,0.003096237530109347,0.003254556011287102,0.0031452010921804163,0.0018608025369357684,0.002123994758106873,0.0020138009833543524,0.002137687246837494,0.0004944022365975798
2010-10-21,-0.0008275837818300102,-0.000948715071736661,-0.001375910314085238,-0.001054107444728447,-0.002595582671266916,-0.002746508919004631,-0.0025837023075739873,-0.0027512317460648417,-0.0032383152881844124
2010-10-22,-0.004371528622153398,-0.004501967888512426,-0.004562614186365721,-0.004602646792441378,-0.004356928659900117,-0.0044242745317985,-0.004412297736919313,-0.004587339986797057,-0.0013972564524915576
2010-10-25,-0.003993923322357595,-0.004021222930687074,-0.004064687507863263,-0.004070660191916153,-0.0024554471916033993,-0.002427140446080056,-0.002450729206196711,-0.002431642624481034,-0.0024451350526795146
2010-10-26,-0.0008230443005655674,-0.0007904275446102282,-0.0007786158713234403,-0.0008187372681549565,-0.000555216332813302,-0.0005429740717184384,-0.00041616743503658515,-0.00047170481468938874,-0.0002968920482013804
2010-10-27,-0.0008203465315891334,-0.0008638831672852509,-0.0006815459049310801,-0.0008166294207083702,-0.0007322214411333849,-0.000808771925256746,-0.0004463009562888365,-0.0005976869392552153,0.0019309568633067986
2010-10-28,0.0008800164693270052,0.0008947465139912403,0.0011951128277800649,0.0009988449323297122,0.00036464422371751404,0.000375070807322464,0.00036836322855249293,0.00046516363671167404,-0.0007480525821705886
2010-10-29,0.0019490865206064356,0.0021126075023958357,0.002114363472933256,0.0020175498990537832,0.001374243294578248,0.0012936382335742014,0.0013170588504753944,0.0012220427744060736,0.0005979955683879101
2010-11-01,-0.0006486139100189137,-0.0006043110755279413,-0.0006726056010896153,-0.0006263918372398924,-0.0013478669610417215,-0.0011361247463966828,-0.0012129485018366193,-0.0011289731218104837,-0.0014765962720673098
2010-11-02,0.001777554060022668,0.0018998603705149275,0.0016506233928073044,0.0017287529334590879,0.001439838895559875,0.0014684174820402962,0.0013484751032828424,0.0014004054410270417,0.0021473550355255444
2010-11-03,-0.0006444411992703181,-0.0006593714972649156,-0.000642881697790032,-0.0005845706664270311,-0.001897738160134499,-0.0019154527513487452,-0.0016510269454584892,-0.0016444576614896844,-0.0008722646651067034
2010-11-04,-0.0004932754060275046,-0.00039367201723827794,-0.0005405972131613535,-0.00039335493046555037,-0.0015212502508530346,-0.001374326362912237,-0.0013534407216821975,-0.0013136644419965426,-0.0023353299338563227
2010-11-05,-0.0018972825980941854,-0.0017379129323999987,-0.0017046595476951643,-0.0016766911884359414,-0.0021029156007525973,-0.0019227894021197622,-0.002043027403655251,-0.001968463957051747,-0.00030303975111134474
2010-11-08,0.006488939314509556,0.006427822880907597,0.0060522685954229605,0.00600863541895591,0.0046995382674366315,0.004633995493590115,0.00434949098070514,0.004380453417364594,0.002211718726414569
2010-11-09,0.0013440852918673585,0.0012695165906120298,0.001233305772643467,0.0012332572573088285,0.001177566436178612,0.0014794860174172086,0.0014605259332973741,0.0013967172838822428,-0.00023599219611669664
2010-11-10,-2.057998645721426e-05,-0.00018185768162060079,4.9403696209093795e-05,-8.044047176891667e-05,-0.0008240195278483853,-0.0008749244714070237,-0.0007568804585295075,-0.0005518282201756319,0.00011902601847912919
2010-11-11,0.0003763387934565543,0.0005686469552954598,0.0005520367993983033,0.0005080178667167257,0.0007380020531173592,0.0008383466345458501,0.001168251258436781,0.0011484304640496656,0.0007024847235945764
2010-11-12,-0.0008174840395600569,-0.0008236130077143855,-0.0008961565990748266,-0.0008309077280053145,-0.0007094729512594489,-0.0006343442303253788,-0.0007625602767035167,-0.0006713621084462051,-0.002419206338853286
2010-11-15,0.0022707324751263247,0.002083690545923389,0.0023298103303937,0.0021302843988773024,0.0019415882081650349,0.001753698752067434,0.0017796299607790722,0.0016894455165354927,0.0001820386241613292
2010-11-16,-6.507184112958253e-05,-0.00014660048763381894,-0.0004730218458955937,-0.0004098114485893145,0.0004331299743656203,0.0003121445409819401,0.0002352571637800338,0.00017267991661307214,0.0004970585321655285
2010-11-17,-0.00035976564882711504,-0.0002148867924124387,-0.00041179681428726855,-0.00038507995622183433,0.001118141333794842,0.0009094481334224191,0.0009911985905179943,0.0009413889788183472,0.00037000760411487477
2010-11-18,-0.0005189886684656697,-0.00041967719616109456,-0.000507757845841672,-0.00039457967682543504,0.0006280734920107722,0.00044048558551712524,0.0006542559932429803,0.0005111538316755482,-0.0010194302211260498
2010-11-19,-0.0009200737522691016,-0.0008525245628712153,-0.0007999924240834622,-0.0008163950800589292,-0.0010499559762958688,-0.0011440965334528208,-0.0008515308073551164,-0.0009568166441658033,0.0008299185376701157
2010-11-22,0.0015976277420091112,0.0015407330128205388,0.0012955120806745768,0.0013880209241927677,0.0012868540149844065,0.0011506259759976878,0.001216943287664085,0.001145549431405657,-0.0006528805857275444
2010-11-23,-0.0002684886674921838,-0.00030911497750074624,-0.00041392179386456895,-0.00037430776635516416,0.0006435965061610815,0.0006290938823938497,0.0005231196587553999,0.0006028367769956855,0.0007907409478045135
2010-11-24,-0.00018406189088204794,5.523412366148506e-05,-0.00014575884607315182,3.696205623016091e-05,-0.0007542051165772001,-0.0005995754055688751,-0.0005153530415290541,-0.00048685759492950176,0.00019632938126568078
2010-11-25,0.0005728631142192242,0.0002884583363307325,0.00035310134429566986,0.000323781038333415,-0.0010421761795166296,-0.0007819945599994993,-0.0006395164308081736,-0.00040834068065542795,-0.0010459138241875054
2010-11-26,0.00025705056914215874,0.00032417488778335724,0.00032236571388621904,0.0004169295434921505,0.0010572221366569323,0.000898492608865542,0.0009647904087892734,0.0007280133140354916,0.0021379541352164466
2010-11-29,-0.003512702205409224,-0.003328956067574329,-0.003358868572251872,-0.003065710090952911,-0.003064132191648694,-0.0029410571300192423,-0.002975049761412163,-0.0028338637893742247,0.0003047766789963102
2010-11-30,-0.0019720310934977503,-0.001787036346191706,-0.0017939681166723176,-0.0018900348240821208,-0.0006417313857129958,-0.0005013790437149446,-0.000656458252638048,-0.00039232770546937523,-3.689193448053185e-05
2010-12-01,0.002069308530412428,0.002152680955936015,0.002106585617834389,0.002088615515096759,0.0015964633187048882,0.0015243092506005418,0.0015280586119779116,0.0015314533167314348,0.0008304870934785491
2010-12-02,0.0010853892365725315,0.0009155905900957162,0.000837138209283772,0.0006661389268651785,0.0005283754482914294,0.00047005210406259046,-0.000809628733019041,-0.0009062080542384665,0.0028106732480066565
2010-12-03,0.0021108453529317117,0.00235922563486457,0.0017027241062554932,0.0018375936950925098,0.002870741464931159,0.0030781686855330115,0.002704045863891169,0.002971142599615284,-0.0005364872089587136
2010-12-06,-0.002901134471954614,-0.0031140403932412575,-0.0031931836817552517,-0.0033732423696525293,-0.0028076557255993784,-0.0028492842650471584,-0.0023049867751879782,-0.0023850072426103708,-0.0010399144267343452
2010-12-07,0.003319285347390011,0.003377173999566052,0.0030155795893611614,0.003035986971951621,0.0018668518776121523,0.001814445268965681,0.0018572584918969959,0.0017944383887111837,0.00026538747550897135
2010-12-08,-0.0011137551735792561,-0.0010976967839637641,-0.0011569496736870688,-0.0011275351275774614,0.0006237651669682709,0.0006310976160970316,0.0006649296726970455,0.000676117295064893,-0.0030468553689945166
2010-12-09,-0.002603831530092582,-0.00252167502103795,-0.0022000492013265482,-0.0022345161837382665,-0.0016235817160584753,-0.0013886439852690557,-0.0013542871836133008,-0.0012659128239469464,0.00025513907304763883
2010-12-10,-0.001875652503304237,-0.0018843834537165538,-0.0013903081059141176,-0.0013701342318495069,-0.0017691017368919315,-0.0019644120366109075,-0.0016208160442768849,-0.0016677162694962444,-0.0013869252648497365
2010-12-13,0.0056697802323488755,0.00587526290968432,0.005844258549646986,0.0059605746284450145,0.001959019364970782,0.0020583734591534952,0.0013818379588474983,0.0014878990023230454,0.004141830107976308
2010-12-14,-0.00012149983249909457,-0.0002458852638914655,-0.00020068328375544287,-0.0003265813122675931,0.00045329630416413025,0.00039971128016480506,0.0004907565430674055,0.0004246803509071473,-0.00306228315194057
2010-12-15,-0.00048726589904934947,-0.0007823664412566211,-0.0008764246460960523,-0.0010893597669251465,-0.00022977190555029114,-0.0004289910055526036,-0.0003163996756000431,-0.0005594345696435798,-0.0035801020675167994
2010-12-16,-0.0042808142692908335,-0.004112869409211073,-0.0042267451411732715,-0.004027250720992748,-0.0024552443634661136,-0.0022930620752037445,-0.0024897382770264764,-0.002394038461618231,-0.001588480693532679
2010-12-17,0.0013968673934994236,0.0013815313731413426,0.001453449916322791,0.0013398289287311904,-0.0005486962971458231,-0.0006095314510874417,-0.00054702704906473,-0.0005294593184634877,-0.00038030128688060216
2010-12-20,0.00018993880821271958,0.0001507482900560131,0.0001942515540718226,4.2023833144888556e-05,-0.0006059130807151147,-0.0006866299574488366,-0.0007015906833859331,-0.0007361206563429867,-0.00019748711061340352
2010-12-21,6.620867183237955e-05,0.00011418353142822468,0.0006054890635722732,0.0006412479309514385,0.0010768819610769143,0.001213866168872979,0.0013612738228250265,0.0013128650816034426,0.0003777754146185863
2010-12-22,-0.0037400189225966773,-0.0036370200465467573,-0.0037750732396618636,-0.00360363496416527,-0.003480455906668567,-0.0032194303858940065,-0.003140618378020932,-0.002952670142358782,-0.001166539043684578
2010-12-23,-0.0014739049566556695,-0.0015045221250413743,-0.0012393588195549476,-0.00124514383920038,-0.0016117057921204436,-0.0014455723257619235,-0.0015363303266268113,-0.0013119854562096966,-0.00010438945593072013
2010-12-24,-0.0009761594168764542,-0.001124417599819405,-0.000523886592612044,-0.0006625474058706837,-0.0015704572718368004,-0.001543919016700479,-0.001506120243927711,-0.0013568342428993407,-0.0035229161889682725
2010-12-27,0.0031344488081439525,0.0032250102897264377,0.003032529512440485,0.0031704678457340485,0.000650046401763138,0.0008738252144717684,0.000654731379049478,0.0008374138524236407,0.0035318790627301144
2010-12-28,0.0002939932463761341,0.00030998752642164007,0.0003219212554192996,0.0003326306893880471,1.6604001368714094e-05,0.0002825422576686609,0.00016554675739821612,0.0002100755898861717,0.00011455133501980796
2010-12-29,-0.00048717568068568085,-0.00044301132438917534,-0.00036596316522718997,-0.0003652886642551145,0.0007066773290789197,0.0008576961102622072,0.000523235337673178,0.0006406585786817853,-0.000881930856705404
2010-12-30,-0.0037697379861422187,-0.0036064966954024724,-0.003463334855730804,-0.0033389216577620617,-0.0011270394792970428,-0.0009917454429252404,-0.0007087719431800865,-0.0006732546522352223,-0.0019439400940001184
2010-12-31,0.001660613753018847,0.0016444110988209637,0.0014947705318686388,0.001503985687904441,0.0005283781902902795,0.00038177483512047417,0.0005055651994569921,0.0004179730202853449,0.0019546191187318485
2011-01-03,-0.0039938001919987975,-0.0039527433460884165,-0.004317220773528807,-0.004197397887321652,-0.0024921804134336867,-0.0024967565315805462,-0.002529223453139995,-0.002476952861519499,-0.0021004259240314793
2011-01-04,-0.0031709364738872203,-0.0032256376620833915,-0.003104674715246225,-0.0031745376760100585,-0.001998687683645417,-0.0020408444846110596,-0.0018997449399874577,-0.0019156377814969483,-0.00044703674841928276
2011-01-05,-0.002995905016981104,-0.003016936677976423,-0.0029558829239642037,-0.00296837707810671,-0.0009043549876898149,-0.0008379382234516841,-0.0006339354686627496,-0.0005955821384860949,-0.003305103174360391
2011-01-06,0.001860221710196619,0.001843532538139181,0.001868061345650096,0.0017640100822702287,0.001999927400089918,0.0019292757561566454,0.0020048002567354395,0.0019680028062618593,0.0005236974414848383
2011-01-07,0.0034706070282271018,0.003490429860816713,0.003328521083722169,0.0034626659049916686,-0.00020701128189914986,-0.000191376907985763,0.00044350751102961716,0.0004358304940204061,0.002952153864995033
2011-01-10,0.0036057288532094223,0.003501405933896251,0.0032200043465206996,0.0033555048344362515,0.0020992161571067314,0.0021976394919200892,0.0023597683499747557,0.0023093703084688944,0.0031564047496135395
2011-01-11,-0.002402875615635347,-0.0025781003510091383,-0.0024907589235124705,-0.002443459100485823,-0.002169532668059637,-0.0021005987375246615,-0.0021236292063095963,-0.0021016388832040267,-0.0003754495440410066
2011-01-12,-0.0011873519051136538,-0.0013369289031239795,-0.0009949307116379202,-0.0009529092125852845,-0.002691364099035809,-0.002689780242012829,-0.002829012040924006,-0.0027745087719399653,0.00010288666926761003
2011-01-13,-0.0023282793270245072,-0.002481872016001252,-0.002263094027920576,-0.0023763528674458634,-0.002418780272727905,-0.0024135075595665967,-0.002168510366541976,-0.002370606825576882,-0.001077730140708777
2011-01-14,-0.0005946407200468906,-0.00028166632726323027,-0.0006903836798781704,-0.0003873723862808376,-0.00042816049701044356,-0.00037547066961696185,-0.0004851954789738544,-0.0005089810674238082,0.002372228829764289
2011-01-17,-0.00026224722845225035,-0.00031515735755882623,-0.00022421230623004273,-0.0003240253665200976,-0.0006397838325229444,-0.0006662862502530009,-0.000496666216310282,-0.000693464211608763,-0.0018440272037724137
2011-01-18,-0.00433604325721848,-0.00420902733112638,-0.0047309235832878604,-0.004577395548817975,-0.0030125400122762436,-0.0032546235849267857,-0.0032723072545786103,-0.0031989922408133253,0.002685196318239491
2011-01-19,0.0011049658747122049,0.0008206685540204095,0.000813322005596584,0.0005783595198523006,0.0015075206965859955,0.0015525981569710634,0.0015189762338227997,0.0017559564166442776,0.000339288217038769
2011-01-20,0.004878543016013648,0.004840658515045115,0.004861400049949394,0.004815976971941582,0.0031089414936953386,0.00334664645454108,0.0031553651388198656,0.003222665194618113,0.001411113296382993
2011-01-21,0.001530182638785016,0.001449831626578968,0.0016420330637654246,0.0012243475527085046,0.0007669840455295507,0.0008054479806554049,0.0005387459287349294,0.0006560397421224717,-0.0021361688737389084
2011-01-24,0.0021784568097664714,0.002312953605335011,0.0023505967664905203,0.002194065291059699,0.0024150048495690246,0.0022811170530478986,0.0023321125486517325,0.0022055153013760265,0.003380787585679945
2011-01-25,0.0005173915293541498,0.0005805382776651324,0.00043262238089258886,0.0003938857179186517,0.000298042708881896,7.012163773811864e-05,0.0002722429745858346,0.00011259098419702518,0.0008531608189836781
2011-01-26,-0.00026608648073389585,-0.0006107124553700327,3.9048114901518716e-06,-0.00044763245846479727,0.001173386396046583,0.0010573720340179005,0.0011288447204538254,0.0010389343239176618,-0.0022695830017528396
2011-01-27,0.0020657504471377486,0.0019458325050798475,0.0018184822716269533,0.0016564628397548464,0.00084034573620273,0.0009962723301628618,0.0006004483412827,0.0006581368766824802,-0.0006293446014542514
2011-01-28,0.0006717003236411667,0.0007288629494470733,0.0004705280310755011,0.0005877189473162403,-0.0005177098903170751,-0.00029732799430026713,-0.001001495335783642,-0.0005903739158695798,0.001479802463337787
2011-01-31,0.002424499991010576,0.0024620110513855487,0.002180738539062199,0.0021310764647108904,0.002125676091934592,0.0019458334053221726,0.0023150555540283335,0.0019051406506898072,-0.0011857736159126553
2011-02-01,0.002234875346309062,0.002066646104978309,0.0019311250440749994,0.001898388966947051,0.0016540794327706276,0.0014131767519574012,0.0014842528599023908,0.0014001863416077676,-0.00022058657100265666
2011-02-02,-0.0019350454768480851,-0.0019906442790577072,-0.0018142219153569616,-0.0018955210748756723,-0.0024810521768912075,-0.0024801008804951064,-0.002231445985384939,-0.002273480866296196,0.000564639776928999
2011-02-03,-0.003709914570382833,-0.0036239190510816144,-0.003537170637185616,-0.003359070616073212,-0.0027877068638939573,-0.0027001521255255456,-0.002676857107440034,-0.00268261727552932,-0.0021272663195157637
2011-02-04,-0.00204367791458282,-0.002208226251388723,-0.0023538717563346134,-0.002449830783341933,-0.001560764515182278,-0.001622662820824683,-0.0019172421403832463,-0.0016158712015863497,-0.0006982384982854306
2011-02-07,0.005840529352159063,0.005600220950604973,0.006369166285483674,0.0061884906481772806,0.003378494339915772,0.003557519586167457,0.0035685511558716243,0.0035156153276263424,-0.001543454574023384
2011-02-08,0.00544864575007975,0.005671591189567282,0.00534614396026889,0.005645474802562944,0.0037653850272063583,0.004077049540307298,0.003839031145004057,0.004045083024367457,0.003056142929808159
2011-02-09,0.0004135734762047427,8.607718592057445e-05,0.00014364235422004157,-0.00012774542570537228,-0.000567019294151816,-0.0006628967334356695,-0.0005425898215387637,-0.0006901216214789674,0.0019370511778593613
2011-02-10,-0.0002409065859727555,-0.00025732266729217024,-0.0009609146257238965,-0.0007351993919525457,-0.00018780146309005374,-0.00011404553892124802,-0.0008246798162329094,-0.0006236008442895846,0.000267637038493751
2011-02-11,0.0010572468489384867,0.0010652147068950235,0.001195217263540771,0.0014827604437186448,-5.617242515920662e-05,-0.00013071697292810214,0.00029454874699097466,0.0002897325232609216,-0.00018763313035707885
2011-02-14,-0.0017528442451357762,-0.0018394895541967715,-0.0016423006155877884,-0.0016731550284873054,-0.0009551256113875528,-0.0008649855469105017,-0.0009831613159512198,-0.0008336521635990968,-0.0004856286071253102
2011-02-15,-0.002817570127572777,-0.0028728278009819697,-0.004055679740897378,-0.003982378474807757,-0.002698289613844329,-0.002642203681919475,-0.0034610655702380644,-0.003428602944066994,-0.0017862587813605169
2011-02-16,-0.006049741135385922,-0.005787176199375965,-0.005610650412973706,-0.005586489801534422,-0.004710794447362665,-0.004447599680413639,-0.0042714958492392485,-0.004133189364646461,-0.00275642069031401
2011-02-17,-0.0045599581077814255,-0.003950825027606242,-0.0037725092923966974,-0.004218228408527924,0.0009425424414586381,0.0009724727174578174,0.0011986503665550874,0.001008864870497117,-0.0023259921208959033
2011-02-18,-0.0006640488319228366,-0.000708272637776175,-0.0008972741150008456,-0.0008910210737669289,-0.0013979229932655768,-0.001336714918731774,-0.0014790390033526668,-0.0014787879461667375,-0.0012396286367970522
2011-02-21,-0.0005949213530654918,-0.0007157695464530267,-0.001045587511833923,-0.0012167926133138662,-0.0004466477081249698,-0.0005446000700525255,-0.0004732575212273993,-0.000727542236887202,-0.0003967883359140556
2011-02-22,-6.487720123427021e-05,-1.2627307223511686e-05,-1.8900201452121124e-05,-1.272269092633671e-05,0.0005123658435148837,0.0005118654214204543,0.0016335275027079543,0.00156981823572111,-0.0008318598520560272
2011-02-23,-0.0006784316106822619,-0.0008450027536366367,-0.0007997550675319376,-0.0006547925482086603,0.0012042538761347643,-0.000661170417503465,0.0012404278793065604,-0.000959286020419281,-0.0016258294091090475
2011-02-24,-0.0009063783811632531,-0.0009798846169335462,-0.0009100827578092385,-0.0010740848217677401,-0.0002530576233210624,-0.00034353935614839237,-0.0001820577747125851,-0.0005216843287271233,0.00023610778632976448
2011-02-25,0.00034642304221943476,0.00035804285504559275,0.00014465720654954772,4.055908978362055e-05,-0.00016119320101881662,-0.00024359254981232148,-0.00029802135688972164,-0.0003383460309778208,0.0004671984124933193
2011-02-28,-0.0022743981315892503,-0.0023453702102043117,-0.001741731474811714,-0.0020469938414087174,-0.0029052280858660184,-0.0029558078614251304,-0.0023776964743819073,-0.002434973351530978,-0.0015805488391676947
2011-03-01,-0.0011888251069293032,-0.0010874179223656633,-0.0010468698682732924,-0.0008453585234999839,-0.0015932798113174051,-0.0014738782752563573,-0.0015514160578961045,-0.0011456536669396389,-0.0007049129775217322
2011-03-02,-0.004378315077437134,-0.004443293650245539,-0.004214899374594738,-0.004330310391341685,-0.003242993201253097,-0.0033327106367350146,-0.0034985986708462313,-0.003642785524140213,-0.002843153030985368
2011-03-03,0.0010825273922712153,0.0011429169693881747,0.0013353112329124173,0.001540847603875406,0.00024035565607594123,-0.00015018441760183965,0.00045406638181089143,0.00021087173530420777,0.0015488765512985392
2011-03-04,-0.0004932237165231612,-0.0002882412863367545,-0.0004610322627297547,-0.00015515485536654605,-0.0003934601151930339,-0.0002970741933726595,-0.00038581141603466484,-0.00032463385407921486,-0.0016716409478262362
2011-03-07,-0.0055536165448678565,-0.006367860204762099,-0.00546816672974848,-0.006372065340748745,-0.003342728036967002,-0.0029507353077331544,-0.003008024651902197,-0.002750798682154776,-0.0024970288642033323
2011-03-08,0.0020384624064511137,0.0024761431734694472,0.0021724772137137194,0.002550022249312889,0.0013720710768931887,0.0013378740138361156,0.0014232453321496585,0.0013301307676085727,0.000919534208949857
2011-03-09,-0.0016478593488782334,-0.0023176881113277092,-0.0015297778277313379,-0.002231554967424554,-0.0021875513721795192,-0.002256386939373356,-0.002225332164663918,-0.002053980704177616,-0.0012472442601957345
2011-03-10,0.0022552216003175474,0.0032523578180916335,0.0024045974265447523,0.0030900795001027603,0.00081425440258176,0.0008009651862124212,0.0012309226733164813,0.0013982120076783122,0.0008295729313223532
2011-03-11,0.00038796045235778287,0.00028929998140259094,0.0004023179391297038,0.000857824057082901,0.0012595363991341202,0.0013080096882229775,0.001575140319537649,0.0014872878852103533,0.0008909959541232304
2011-03-14,-0.0008331792515674508,-0.0006740282419063215,-0.0007659606966760046,-0.0009148975774508905,-0.0010323059885976038,-0.0009011747399049197,-0.0010447708409884182,-0.0010283620253147552,-0.0008525555969468579
2011-03-15,-0.002500994377752197,-0.0033828038262545546,-0.0028042543914962303,-0.00346285416159986,-0.0012235043513230126,-0.0009854732470135907,-0.001309489482353321,-0.0011615318312059308,-0.0025398582651333657
2011-03-16,0.0011586243638228577,0.0015565564075663563,0.0013859025633393696,0.0016644710970052934,0.0015759011754281627,0.0016645783381437074,0.0020031647977174494,0.0018504997186974403,0.0006999862697045778
2011-03-17,-0.0006526277617603382,-0.0008232257631712869,-0.001262871073317795,-0.0008250560755460601,-0.002054557642253485,-0.0019686970126168157,-0.0021165805578379215,-0.002064721523401536,3.439146841976992e-05
2011-03-18,0.004545668291125793,0.00458884208402921,0.0035137644607485807,0.0042129733351150556,0.0022101337114510677,0.002250565391034076,0.0017653015471721378,0.0017187435787087146,0.0032829033273928943
2011-03-21,-0.002112487710487332,-0.0022010213246401733,-0.002574851480637408,-0.003271884729078245,-0.002969514012655994,-0.002524723003106688,-0.0032099370355374024,-0.003027010856429646,-0.0011058485056700817
2011-03-22,0.0012547612961208987,0.0015390949462412706,0.0011150384477183195,0.0016035493117261268,0.0015545634122706709,0.001459434934907966,0.0012569407199800597,0.0010756085401131266,0.0008653528350213158
2011-03-23,0.0022207469767541177,0.0024977210537975303,0.0023033709621282927,0.003220459396008124,0.0033613983786147106,0.0032551752775789033,0.0031525584640670345,0.003113440414953761,0.0017153780351235604
2011-03-24,8.640995111086625e-05,-4.174088807518128e-05,0.0002191219424871882,5.957356583818907e-06,0.0017056342030745686,0.0015178686674857111,0.001657654542620346,0.0012373738252882127,1.8554941723092355e-05
2011-03-25,-0.002551833359071165,-0.002489936758855116,-0.0025864606544496738,-0.0029277315658063907,-0.0025495113284852433,-0.0025251091277026516,-0.0026079893390311693,-0.002508719401361992,-0.0010554237079953843
2011-03-28,0.00237610705368696,0.002534058993007182,0.002432076964908214,0.003742831219350151,0.0033479235254039175,0.0031687265141069343,0.003029805158675236,0.0029894202096742983,0.0006962702354673667
2011-03-29,-0.0003315848491384221,-0.00021975788239703142,-0.0002273033341978481,0.00017016959625348882,0.0001379656673956564,0.00046775045813807203,0.00097830559900558,0.0010138368496801498,-0.00045581338921829584
2011-03-30,0.0004671921685608371,0.0005103369496153309,0.0005760820988001125,0.0012873659250731695,0.0010022097720676637,0.0009915190321372336,0.0010388323494610052,0.0009859520260051546,0.001303984170506256
2011-03-31,-0.00043266658961949034,-0.0002812843956270239,-0.0005281807788158899,-0.0004680881429587336,-1.7884589881611568e-05,-0.00016889950897824857,-0.00017654749423290372,-2.8256590387853997e-05,0.00017888485865102943
2011-04-01,0.0009897332095483158,0.0007188994455646913,0.0010521775249217047,0.000860889232064066,0.0014214731287855997,0.0016095408013547807,0.0012324090886699501,0.001436290904907933,0.00116281001206886
2011-04-04,0.0002985214161819183,0.00044109580928997083,0.0005168005928202213,0.0005518052842381493,-0.00013415240435066256,-1.3515495837723712e-05,4.321030040088658e-05,0.00016176530455069837,0.0013065015474926778
2011-04-05,0.00010914459811717236,0.00014658369005737804,3.822761900806881e-06,-7.515018784964855e-05,-0.00056809515292644,-0.00047447773598408016,-0.0006401721549206263,-0.0005996015972165036,-0.0008229621139036469
2011-04-06,-0.0008652982412474808,-0.0009532973688407553,-0.0009299237125339754,-0.001423021063219343,-0.0016345647087081527,-0.0018421228055631733,-0.0014047374095986775,-0.0015151839345068918,-0.001081744462170131
2011-04-07,-0.000971901454756452,-0.0009710634069688417,-0.0012100882012476832,-0.0015736989055066264,-0.0010783680126476014,-0.0013255093543774743,-0.0011741717508833016,-0.001334561394187972,-0.002374687045661128
2011-04-08,0.0014227951098755298,0.0013735485778214596,0.0014227644669893014,0.0023657228129143615,0.0021865093002129132,0.002119611009273381,0.0023570400529826507,0.0023867620413320356,0.0006637990889182266
2011-04-11,0.0010722534345213308,0.0009858844853720683,0.0012821786383738765,0.0013988465070031708,0.0014216385516920838,0.0013773423716554323,0.0015807450777398646,0.0015152113368366305,0.0022955146173171403
2011-04-12,-0.0010368007995975592,-0.001090059522911524,-0.0009929135584829663,-0.001749892712245682,-0.001492023793893349,-0.001559017007868757,-0.0016261577916490966,-0.0016681205652778752,-0.0011332008093275503
2011-04-13,-0.00010121704759813444,0.00017310865613962,-0.00036421302689448876,-0.0002452566625886776,-0.0008652740466084108,-0.0005008795872259997,-0.0006304548682406486,-0.0003543438512852992,0.0016143052957722226
2011-04-14,-0.0034403771913196213,-0.003499455686380548,-0.0032389466956340707,-0.004664262298002431,-0.0051028293084118825,-0.005080926185805579,-0.00479833174628741,-0.004762628243746847,-0.002091764279009034
2011-04-15,0.0006478470766784206,0.0005731294552189237,0.0009890541647530338,0.000859549657087566,0.002333153321026016,0.0021940462249432358,0.001873729314048056,0.0018441737680385817,0.0002010870833482059
2011-04-18,0.005168529796810484,0.0049951694774252875,0.005260221887318783,0.0060114875338215246,0.004680791749714253,0.004477478705962712,0.0022358484569309223,0.002173537684432736,0.0018040185789045537
2011-04-19,0.0004932510365296405,0.00044109712169904114,0.0003529725099535863,0.00013399548711889864,0.0014324982573203915,0.0015220689460948567,0.00045277601758075825,0.00033075877244570506,0.0010736124183448048
2011-04-20,-0.002679700840243937,-0.002536757755735697,-0.0024305693185519006,-0.0018094994946794563,-0.003587323800858022,-0.0035224351779471474,-0.0020377863247574846,-0.0021144184730301774,-0.0005871574813978153
2011-04-21,0.0023005333604599887,0.0022107950553307276,0.002472486489566217,0.0038734564897442425,0.0010281842178117007,0.000872133884092019,0.0012820829528730204,0.0011375771116597377,0.004846091655153373
2011-04-22,-0.0016078200968330236,-0.0016726091908573215,-0.0017049040300064489,-0.0023958799976647738,-0.0020392426112393336,-0.00219225360216857,-0.0022707118492212297,-0.0023694628905024384,-0.001198718857639225
2011-04-25,0.004552900995175246,0.0042586789157368354,0.004000090896774333,0.005392456402375734,0.003049017516273622,0.0032031342204155155,0.003465108768202496,0.003543364959966544,0.0036725009519327223
2011-04-26,0.0002230595290508841,0.0002875186458493051,0.00011131205803072142,0.0006676418342286272,4.6270856107311076e-05,0.00012361013792272502,-6.581743742550827e-05,-2.8782163024709817e-05,-0.002233959135669039
2011-04-27,0.0027687197825030374,0.0027264127662736115,0.0024467032904518238,0.0026860704887103903,0.0027016107667883205,0.002813167232776026,0.002323487860748319,0.002289316619896953,0.003587974251062942
2011-04-28,-0.0010022891344907414,-0.0010331113087830301,-0.001022874545602681,-0.0010014710926954384,-0.0007694700854403713,-0.0006716016387023904,-0.0007567114687476728,-0.0007246997887522255,-0.0003314370520965948
2011-04-29,-0.0024192884823016625,-0.0023632575078704754,-0.00257727097879501,-0.0034866016814750767,-0.001616882431728528,-0.0014566623996943306,-0.001798982941653593,-0.0017424819623228505,-0.001275216257341616
2011-05-02,-0.0033531294385867882,-0.003402517610623934,-0.0036353476359664016,-0.005441589666370983,-0.003558380758590274,-0.003531967884532805,-0.003880672772834881,-0.0037658484294962324,-0.0022626435094356134
2011-05-03,-0.002203742406426956,-0.00214187452800918,-0.001848878079407923,-0.002855202479508212,-0.003659700066878213,-0.003664110052317038,-0.003611498991457185,-0.00349271469233281,-0.0014510129830345164
2011-05-04,-0.00030597266686249736,-0.00029437013423561087,-0.00025300060200017516,-0.0003924544559070764,-0.00036284680649434353,-0.00037589646322033765,-0.00028849834864153046,-0.0002852077018338228,0.00032102122482546847
2011-05-05,0.001383461084085047,0.0014057366693509543,0.0014727391530915401,0.001965171460694526,0.00043815929294765965,0.0005180701761611228,0.001081296442382973,0.001109857420584559,-0.00024137231091203581
2011-05-06,-0.004005072478208138,-0.0040653470633759126,-0.004346287065082222,-0.00413813153487308,-0.004107951399226151,-0.003945598299695097,-0.00423208768226635,-0.004250143508942039,-0.0034870218846830836
2011-05-09,0.0018007008760643206,0.0019144896807228307,0.0017198355928034204,0.002392476652430142,0.0013569963803687912,0.0014270088100825085,0.0016743288581027027,0.0016916737135170834,-0.000919329662912638
2011-05-10,0.0002924391961984796,0.00017160948225636297,0.00058468269322276,0.0009747334181231526,-0.00023834867286587347,-0.00027523112286442775,0.0008250129086682101,0.0007891467184009127,-0.00016488902603539746
2011-05-11,-0.0011811845322187153,-0.0012766242641479852,-0.0019357818360596912,-0.00452727301241862,-0.0035918031621215984,-0.0035617475515923314,-0.003522889243073535,-0.0035355729821395787,-0.003962606473981611
2011-05-12,-0.002146224998993973,-0.002195368809364995,-0.002427251118404028,-0.002189170716046629,-0.0007568183637963743,-0.0006445932628128537,-0.0006232749105982149,-0.0005289499776632844,-0.0002740503274045736
2011-05-13,0.0010384765569431131,0.0008112114035607743,0.0006600159443650444,-0.0008887497347237483,0.00027671285772656873,0.0002553013283399519,-0.001360107020696777,-0.0014887665514766724,0.002090639448705689
2011-05-16,-0.0008076646307834112,-0.000873192062042949,-0.0006599514932035255,-0.0008723978267638488,-0.0008627269491985334,-0.0008369220311239545,-0.0008798695082923302,-0.001048369143770822,-0.0003374464316966419
2011-05-17,0.0008691415848958162,0.0008749095612075042,0.001019319847683109,0.0013249288073353682,0.0002631755347699549,-0.0002118765053314986,0.0004611894755566226,0.0002734228458889376,0.0012180091722335806
2011-05-18,-5.3871641709557494e-05,-6.134297473581185e-05,-0.0002502787656986083,5.204225395205597e-05,0.00043711493476195074,0.0004392012159242231,0.00038306155542255915,0.00025606754438523005,-0.00041127261206497234
2011-05-19,0.002725110761679028,0.002719673559679947,0.0027682590225284187,0.003937628888608158,0.0035797344469394865,0.0034936354061214647,0.004143426190183153,0.0038806669458095744,0.00018243165725340127
2011-05-20,-0.0013232912747707104,-0.001338647709794638,-0.0013498073014376333,-0.002474215385199985,-0.0016166458785287219,-0.0016791568201366402,-0.0019725634626795996,-0.0018697701651452237,-0.0007290433637867633
2011-05-23,-0.00010671735546086136,-0.00026746090058826777,-0.0002655768743340392,-0.0006875196399841466,-0.0011238913970496034,-0.0011761494567330555,-0.0018000020563169183,-0.0017964709413883506,-6.674569026809962e-06
2011-05-24,-8.87391404802429e-09,7.960957149455439e-05,-0.0001363419248352482,0.00012127654410942768,0.0013672305582406175,0.0011962174420581118,0.0011558637093369573,0.001090772941205298,0.0015329338586465013
2011-05-25,-0.00043592283120064135,-0.00041215936031191447,-0.0006034038242713757,-0.0012185103510564677,-0.0015352139649439378,-0.0014724854418521893,-0.001697493302597497,-0.0017261804940437164,-0.0011977954395613333
2011-05-26,-0.003062522730644779,-0.002955764315169529,-0.0024628435416509387,-0.003801954234576077,-0.0033515359702005476,-0.003256364810094947,-0.0025912731410957512,-0.0025981102315819626,-0.0013028706582781657
2011-05-27,-0.003441830462872275,-0.0031472019581817445,-0.0032953131273641967,-0.0054885646650344455,-0.0024724654283991843,-0.0021746132959674647,-0.003795794606894609,-0.003546966551754238,-0.003251174086513986
2011-05-30,0.001878143239753216,0.001790730003023544,0.0015785614383749813,0.0017309546440997803,0.003187154108185153,0.0027693340181071946,0.0027219337082728945,0.002691661666069489,0.0007349469744390991
2011-05-31,-0.0034115107758622143,-0.0034117556751797062,-0.003519608492979942,-0.0037640688688177493,-0.0031614194737494827,-0.00315642133153593,-0.0026713438753878105,-0.0028456978431405933,-0.004327761543231445
2011-06-01,-0.00023631402959711778,-0.00012457192894799185,9.457802006496152e-05,0.00021945343731033518,-0.0015067221448186174,-0.0012706041098285992,-0.001058426809179669,-0.000703135749552497,-3.99491825543441e-05
2011-06-02,0.005210264151187749,0.0050123200042784255,0.004967091116493627,0.0050849015682497,0.0041375398425518295,0.004027352167178533,0.0036316745459152866,0.0035801918075686334,0.0027922454825914933
2011-06-03,-0.0009460225913063836,-0.0008638069258209979,-0.0005662321294135353,-0.000936396606386003,0.0011782733572156534,0.0012487212739169529,0.001142885569277663,0.001211302071322029,-1.9831813693582667e-05
2011-06-06,-0.0005262841884129399,-0.0002872752363166642,-5.036967450799956e-05,-0.00010949208430510726,-0.0016334300690578063,-0.0016639549452013291,-0.0013224185797084953,-0.0013291718252588236,-0.0005093875025061756
2011-06-07,0.00928256426271079,0.009163026965668841,0.009355203802692724,0.009171605490605694,0.00907810106669249,0.00995337009287045,0.008747693260798162,0.008505017539207627,0.006509066280907305
2011-06-08,-0.0004942967977499269,-0.000674329883766478,-0.0006287432408426108,-0.0004486403532923955,-0.0021528637836822906,-0.0017983099234077926,-0.0020377300636766904,-0.00182796101289473,-0.0015961862957512007
2011-06-09,0.001258039037008718,0.0012073649267883013,0.0012880763434413023,0.001876993470082633,0.0008392653126216842,0.0008441130373921801,0.0008171270186749791,0.0008459642376514864,0.0017115052037559586
2011-06-10,3.315569921524819e-05,-2.222362745707418e-05,9.476469487035288e-05,-0.00014168515414925142,0.0007571126706527043,0.0006936506377208662,0.0010136134349467696,0.0007708901286578307,0.0009665094221416037
2011-06-13,0.0023568048291553456,0.002456860481340195,0.0024058283854269114,0.002527288888814594,0.0020332344694908855,0.001972014812111844,0.0028652066317123026,0.002878674628890465,0.0004807675610360995
2011-06-14,-0.002628717409504877,-0.00265697422566491,-0.002558866175694896,-0.0023681708279390534,0.0006177552637287587,0.0005393906641026902,0.0003729759717794323,0.00035294319682632747,-0.0027654434559188923
2011-06-15,-0.0030714381637747534,-0.0031223230428899518,-0.003134800903616841,-0.0031194161039533874,-0.0031856250052494373,-0.003277916573815487,-0.003182454341265184,-0.003218312269913204,-0.002645493969983481
2011-06-16,-0.0005990522570549217,-0.0005953824778892614,-0.0006139892788941115,-0.000599361366181328,0.00042620308402452345,0.0005810575019900011,0.00041970802030055765,0.0005199130591528878,-3.839976193409367e-05
2011-06-17,-0.0011797908066867313,-0.001316380094767866,-0.001244485627466041,-0.0013187193171672051,-0.000527634981039804,-0.0006064599377606505,-0.0002548571543943279,-0.0004566284695661782,-0.0017019658586567843
2011-06-20,0.003913931073277643,0.004039648477554891,0.004066115111157842,0.004047762735683191,0.004243704924647762,0.004216680259727212,0.0040210234374669085,0.004031944475869853,0.00367630666550256
2011-06-21,2.9959188711625728e-05,1.188894602610624e-05,2.0508255856199753e-05,-8.434014760383413e-05,0.0009812013632728434,0.0009305478678651724,0.0007083557098412907,0.0006592464914920715,-0.0011347877965425246
2011-06-22,-0.0018891746104114926,-0.0017526376967730295,-0.0016436916999615914,-0.001652233607650322,-0.0015902054490180006,-0.0013059573927641788,-0.0014849079901769757,-0.0012170938825331046,-0.001718699590995576
2011-06-23,0.001787900595529246,0.0016075087706768354,0.0017946312906129691,0.0017888316491665446,0.0013416963090555623,0.001258404554468795,0.001389148389188355,0.001232791058808802,0.000883854159230868
2011-06-24,-0.0014275795006657432,-0.00142262870605403,-0.0018188090842874427,-0.0020517231046705,-0.001621460003616071,-0.0017281974776518494,-0.0015208675817650619,-0.0015926320692799534,-0.00135811696855892
2011-06-27,0.0033615734417575815,0.003285982905392393,0.0038118204627271,0.003711728486539112,0.0032701930964724735,0.003193813457018857,0.0036633553823623988,0.0034759006030105066,0.0011037919191114742
2011-06-28,0.0011675794143808371,0.0012686154113128456,0.0012574090353731915,0.0010558543168146528,0.0018480158772975486,0.0017879525342043845,0.0016985834417015955,0.001618287040122679,-3.6258212568807124e-05
2011-06-29,0.0015260403110919363,0.0015385159670886495,0.0015153573381219143,0.001716474225515574,0.0014111630511426387,0.0013339889437340435,0.0012187603146580628,0.0012903367696466272,0.0016890161723264185
2011-06-30,-0.0017393786188467653,-0.0015884521896869508,-0.0013720116037703178,-0.0013304455468202692,-0.0034853068254858677,-0.0032714442730557014,-0.0031342103121080322,-0.0027991222986141207,-9.462374976221266e-05
2011-07-01,0.0014759402522663834,0.0014177791510838755,0.0015704215546794575,0.0013308683392061482,-0.000729632512915801,-0.0006054234863687169,-0.000821568967814934,-0.0007712237919537124,0.00037847834058490903
2011-07-04,0.00034169521849980455,0.00017165220718662333,0.0005328269041784406,0.0005213557946817104,0.00026939002668857626,0.000607268558280083,0.000622659828710681,0.00045711552226257446,0.0010745558739808647
2011-07-05,0.0041603499758944285,0.00401058555410283,0.004050679637218835,0.0038077434712384672,0.003966668316329303,0.0038419761097259197,0.0035316690282534147,0.003453390505773868,0.0014938956352184007
2011-07-06,-0.0013908190261182618,-0.001329203072163554,-0.00111232994094701,-0.0010083411535456444,0.00016283982998954727,0.00014852682615518198,0.0005320272111501989,0.0005413493012573767,-0.0011498828148071016
2011-07-07,-0.0013269772607353847,-0.001240117711248656,-0.001476753429699773,-0.0011908444220396497,-0.002165721571406931,-0.0019901224756265767,-0.002009736769735704,-0.0018070436183359462,-0.0007166581486525159
2011-07-08,-0.001352114591836484,-0.001368117211448694,-0.0014800878511620486,-0.0014819223368918166,0.0005564911251354498,0.0006077075732608961,0.00041567398898223473,0.0004416217456602034,-0.0010751425021331418
2011-07-11,0.0012482939676454752,0.0013461201251203647,0.0008352382948477732,0.0007066511463627023,0.0010022614336622215,0.0009834872648142312,0.0009980895012613455,0.001021633605289729,0.0019405884168470777
2011-07-12,0.0025863943140806978,0.002518328990086083,0.002428640002175797,0.0025588740430442236,0.002973269786717303,0.0028635918858646026,0.002430156785204307,0.002303571627986001,0.003187559684118879
2011-07-13,-0.0018742739748359716,-0.0019393218001451107,-0.002153757175303528,-0.0020992421591754518,-0.002846502149522423,-0.0028715018206784126,-0.00276498948957693,-0.0027574413165266654,-0.0012260625446308682
2011-07-14,-0.0004791266106624059,-0.0006300017561999827,-0.0003313511337662556,-0.00013034673626199922,-7.978783985607141e-05,-0.00042883544660965445,-0.0006295073582732735,-0.0007502998749214784,-0.0008527280363898049
2011-07-15,-0.003134203713455852,-0.0030767565072193914,-0.0030809096678225956,-0.003031303105965777,-0.0030228409372661247,-0.003096360803158338,-0.0028518306105546065,-0.002947135530899647,-0.0024982557975531394
2011-07-18,0.0006826573223550625,0.0006798051828462714,0.0009433460812329209,0.0008990537694824052,0.00017798759353282456,0.00028049601292789994,0.00041710722540111433,0.0005887779530606707,0.001810086791111054
2011-07-19,-0.0018124336720860557,-0.0018091052184401324,-0.0014456869060873734,-0.0015162068320013766,-0.0036516287028096617,-0.0035980347039324956,-0.003255414084231245,-0.003225954298658351,-0.0037586043683416337
2011-07-20,0.0015200283132457137,0.0015890612849855934,0.0006964574950472091,0.0007010342317743667,0.003178267870203255,0.0031888011357106283,0.002955016516901221,0.0025395154236653728,0.0015292374602935421
2011-07-21,-0.0005636841192516728,-0.0006115716917393099,-0.00012554033778899854,-0.00021207653547639094,-0.0008485673805695981,-0.000920313117927618,-0.0007679834314985312,-0.0008293957172829103,-0.0020708507778124385
2011-07-22,-0.0030199746059728083,-0.0032372636740377603,-0.0034401476120868857,-0.0034271111147090583,-0.002560613944649126,-0.002809210271782825,-0.0036996217723378466,-0.003774162027178396,-0.0033136582375017376
2011-07-25,-0.0008111457602082428,-0.0005446491823346555,-0.000884594934177585,-0.0008115810193498607,-0.0013188625275870614,-0.0010532009212365079,-0.0005401654662645639,-0.00037022251540519413,0.0011394930690671323
2011-07-26,0.0002884289445828081,0.00019858297163266592,0.00017621707724968516,0.0002409806472092324,-0.00044071016067892543,-0.00031011023811933214,-0.00032151379630562804,-0.00034793413436273735,0.00039771756794237945
2011-07-27,0.00020332628392782937,0.0001055742985345276,-0.00021549802093301373,-0.00015683967259416676,-0.00025781918428002815,-0.0002429821919089914,-0.0003256171010211917,-0.0005938827920702883,-0.0011699733931843648
2011-07-28,-0.0023056858234953292,-0.0024811290380345463,-0.002450284593481178,-0.0025999430746938,-0.0015620146292026904,-0.0019738303678563662,-0.00178255983105724,-0.001990772114719208,-0.004391945948518772
2011-07-29,0.0029981956544735677,0.0028999256981998567,0.0030598035930138323,0.0028405758586929064,0.0026036413375527534,0.002468832011897737,0.0024397376513705105,0.0024152121484011246,0.0002000342931347543
2011-08-01,0.0006317638820634297,0.0006701813561891257,0.0004433412043058915,0.00038085140409238605,0.0017052538909223536,0.0016052238557364706,0.0013642517846828017,0.0013472606365210194,-0.0006967151540906436
2011-08-02,0.0008584593654452632,0.0009156600368838141,0.0011562989690183656,0.0012083405531009284,0.0008764117652249048,0.0008667624643288185,0.00124253099891658,0.0016197022309860643,0.0006916091291639948
2011-08-03,0.002632248832320938,0.0023154443558552895,0.002476102139183478,0.00233570481931622,0.0022286598817427006,0.0021090478884435715,0.0019029264621686082,0.0019064094348635319,0.0016085523915680966
2011-08-04,0.0010804581951509018,0.000921602132249344,0.0008524723048524141,0.0006436899811639307,0.0017349578097001217,0.0016532041848420498,0.0013885732552014751,0.0012416164504307492,0.00025878095185860595
2011-08-05,0.0019679241496270983,0.002062936612840849,0.00180340587126393,0.0018198102844546593,0.0016825665137842893,0.0016581986686678984,0.0016670018721403057,0.0016925888886283325,0.0017823010626640823
2011-08-08,-0.0021851094045741704,-0.0023062712833895604,-0.0018200719863127324,-0.0019105489658816088,-0.0020541506317487412,-0.002040205903819592,-0.0020025882088202662,-0.0020123200465859137,-0.0005108582099589976
2011-08-09,0.0022479731947018244,0.0022496497737072296,0.0020990575370998243,0.00212725928309232,0.0031333057123876795,0.0032040273706914757,0.0030326646545761893,0.003066007067584753,0.0016369461124929874
2011-08-10,-0.0029057658232536365,-0.002748971381643206,-0.0026908872853768084,-0.0025620331565169296,-0.0037012791860603356,-0.003763185318809481,-0.0026257628070155414,-0.002706959878839066,-0.00242484785705388
2011-08-11,-0.002236822487694079,-0.002373196401416422,-0.0017345628566747262,-0.0018458994663642647,-0.0006941726975140394,-0.000534288790277504,-0.0005022914153843816,-0.000358123424702983,-0.0024034499603182713
2011-08-12,0.0005709061699936679,0.0005583137884115352,0.000989820499883054,0.001026152412169301,0.0009063343238298049,0.0010003116981653903,0.0010961037355037284,0.0011998402574069367,0.001054595939453451
2011-08-15,0.0027763137481746636,0.0026587083612592544,0.0018951159120343952,0.0018862478788932435,0.0021939507574986195,0.0020115797647861644,0.0018287495612971938,0.001669808487227753,0.0021654288297279223
2011-08-16,-0.001746826944371227,-0.0016539278685955283,-0.0016078473223499756,-0.0015031275378103448,-0.0007458287090692517,-0.0007900968719132262,-0.000598932004903352,-0.0008917405966515357,0.00010107034459050368
2011-08-17,0.001626893650729544,0.001685330963480114,0.0018391503290076106,0.0018667449844775863,0.0008599965023070588,0.0009195727651551966,0.0008551730295307536,0.0008596388347086314,0.0014299065607796813
2011-08-18,-0.00012216461893022057,-0.00021242368278417967,-0.00038204431052879517,-0.00046369516989397397,-0.0002595471784743175,-0.0003499004907440151,-0.00020359374918921258,-0.00039772953417838153,-0.0010697771078056473
2011-08-19,-0.0027553010872333195,-0.0027807420360288493,-0.002074428018578045,-0.0027003990353903218,-0.002903309570518431,-0.0027718749763859796,-0.0027348040002771468,-0.002637315802416884,-0.0008983610325420388
2011-08-22,-0.0010272811169838025,-0.0008926312166289696,-0.0012204379246573138,-0.0008026928947186818,-0.0018975354612372763,-0.0017617465486055028,-0.0014811274464994195,-0.0013526569147586098,-0.0008046995460231354
2011-08-23,-0.00035195894313433396,-0.00038169014376332466,-0.001496699870439766,-0.0016162688779648438,-0.0012163927335464564,-0.0011911800711568166,-0.0008160163023599454,-0.0007935862596856191,5.1693469067526365e-05
2011-08-24,-0.0013401350601457418,-0.0012288304004575146,-0.001233757104262101,-0.0011718777966751581,-0.0014328370994542983,-0.0013988374909267298,-0.0009200784110510174,-0.001009670906934157,-0.00121585532600188
2011-08-25,-0.0003337892652280905,-0.00018122525080455087,-0.00017592127927579249,1.0330255611368244e-05,-0.000985169907679051,-0.0007712527309876593,-0.0006523232266087975,-0.0005332190605222831,-0.0018166837094064636
2011-08-26,-0.0019166736252824723,-0.0016264636482482553,-0.0011418478582312375,-0.0008897320337923897,-0.0014009894737248008,-0.001022373680943156,-0.0011604435849625894,-0.0007760888347809747,-0.0006934496737626139
2011-08-29,-0.000850622316042049,-0.0009250874446184998,-0.00030919595512790554,-0.0004028907179800534,0.00021064377665513945,0.0001907341349149938,0.00031920141956987,0.00031958286372835154,-0.0005464175414108263
2011-08-30,-0.0004343179377348516,-0.0004806649922692863,-0.0004420129539101092,-0.0005264720134717793,-0.0004313020050915606,-0.0003509223607709444,-0.00034450453391698943,-0.00020215140376156349,-0.0013513413472812097
2011-08-31,0.00015517089584582422,0.00020554331803013248,-0.00015158052615482642,-9.955390109095408e-05,-0.00033806624699639354,-0.00025936771137680115,-0.0004746114099707377,-0.0004622603952240123,-4.1756926587477317e-05
2011-09-01,-0.004393985753898266,-0.004372718430367906,-0.004343811284810983,-0.004168127995255011,-0.0031283001330701943,-0.003051680245789168,-0.0031313284803273778,-0.003099918266159407,-0.004264733670732324
2011-09-02,-0.0012400851099501065,-0.0013160271261669632,-0.0014506144556589717,-0.0015694477889814928,-0.0012808117689925291,-0.0012138864177901887,-0.001208681378510601,-0.0011499672652836024,0.00040411670509676867
2011-09-05,0.0004909883101571477,0.0006989299070119248,0.0008908828268521241,0.0011291437894025425,0.0011033112866802863,0.0012461125614966484,0.001271376641347688,0.0013743855261720839,-0.000894466174352182
2011-09-06,-0.003650460074859474,-0.0036533294978466913,-0.0036929560279707063,-0.0036302010073279156,-0.004483987420815572,-0.0048667881857963335,-0.004513416206493814,-0.0044601181473227225,-0.001929517862389707
2011-09-07,-0.0014400783651113969,-0.001509665934316784,-0.001519090160127079,-0.0015634555675371198,-0.0024545264214083096,-0.0025495417045221513,-0.002220569010127904,-0.0023506886910414915,-0.00012074206236534213
2011-09-08,-0.0005453337541556635,-0.0005750084315749859,-0.0006249507042384028,-0.0007122659389382502,-0.0006196626574844766,-0.000540222522042999,-0.00031070062480720306,-0.0002454965239832019,-0.0010696163565183658
2011-09-09,0.002048480428414212,0.002250815224823066,0.002101697380670009,0.0025056404479633088,0.0029093211076425263,0.0028690804396207525,0.0027209495695066366,0.0028754437763385265,0.0004896720336473592
2011-09-12,0.0001843361309925573,0.0003054989700210786,0.00023909074893446736,0.0003532636914673759,0.0008581067237258821,0.0007851215098977349,0.0011964733784604054,0.0009367461332123739,0.0015780271836318693
2011-09-13,0.001608047289040293,0.0016661752507651784,0.001837147839978348,0.0018491512870448812,0.0019801141045339143,0.002022110814172473,0.0017433152182049216,0.0017601329983700786,-0.0003397616811915416
2011-09-14,0.0008671784895857293,0.0009201222597206016,0.0008529027633006336,0.0008467037076720363,0.0007283602314467341,0.0007182578380873217,0.0005078980860231397,0.0004536182325030058,0.0013250005387277497
2011-09-15,0.0031126629194146993,0.0030534974539990767,0.0029955312526317446,0.0030040487757223566,0.003955562882695274,0.003974258530368147,0.004461688951221898,0.004526378181179291,0.00024659074509969514
2011-09-16,-0.0004424115827549313,-0.0004093017228833373,-0.0004407361065958959,-0.00041428124254450083,-0.0012560322474441943,-0.001117294946361036,-0.0012170761713977685,-0.001089239807732012,-0.0001812135357946998
2011-09-19,0.001064780827420675,0.000963275848698153,0.0018291100857250608,0.0017156187621234498,0.0009112812779807911,0.0008334146574391355,0.0006540204567317964,0.0007607809644845087,0.0009894562550716302
2011-09-20,0.0019486000544226556,0.0019048450638747827,0.0010715915187442526,0.0009806589422365342,0.0003380823972689573,0.00019768423591659534,0.0007941687104719986,0.0008489749474114294,-1.3883196882447102e-05
2011-09-21,-0.0009300750292204896,-0.0011245689063262843,-0.0008054925348441877,-0.0008048227080436066,-0.0004018997333421481,-0.0007228434600036193,-0.0008684621752134136,-0.0009616878534073336,-8.861480294053425e-05
2011-09-22,0.0011552375703711704,0.0010835821193047046,0.001095895920009582,0.0011202314295264415,0.0003677897416614062,0.0009057234926699298,0.0007485077260604989,0.0007633750213589252,0.00022336496382080462
2011-09-23,0.0008432793282728834,0.0007414330361994459,0.0006299057006424746,0.0007865136737821299,-0.0017150839748129032,-0.0014877312645704688,-0.0015992992430381436,-0.0015660385571399926,0.0011438406526567135
2011-09-26,-0.000966584122797931,-0.0007863574824777952,-0.0010624537975070236,-0.0009025816170282752,-0.001310577819184866,-0.0011081371867394108,-0.0011204214660633927,-0.0012700037968416122,-0.0001655295300072579
2011-09-27,0.00021541382916678842,0.00021670982395449734,0.00017349207856343085,0.00021083054019799263,0.0015217864556080762,0.0015541948631401237,0.0010968956035417587,0.0011124711821295374,-0.00215237401009305
2011-09-28,0.0034639218895344825,0.003467442782218999,0.0034598183225198476,0.003369385784447676,0.004161022019224081,0.004097526244352778,0.003958436784084141,0.004005914275023503,0.0014702653268288124
2011-09-29,-0.0005092169802001223,-0.0004950959579382852,-0.00036109315711629897,-0.00043247794606138257,-0.00029556066933800196,-0.0002558334103369697,-0.000239553826111516,-0.00018712224975125924,-0.00040107717842063906
2011-09-30,0.0018140688679575412,0.0017897625581628773,0.0019229934536844073,0.0018324787490080485,0.0013474833420525911,0.001058359453487645,0.00176076697226768,0.0017802856685673607,0.0016074554723028989
2011-10-03,0.0023711073529784077,0.002209476200778271,0.0023151623057180437,0.002244928647376687,0.0013893448580089007,0.0011074074902768238,0.000969725390748355,0.0008133542724320098,0.0026368644156937737
2011-10-04,-0.0016166544335283195,-0.0015745414780811151,-0.0015453121510734524,-0.0014876312737711617,-0.0013574431607809023,-0.0013444380294320712,-0.0013781565823371977,-0.001318064994576762,0.00028042578049802813
2011-10-05,-0.0005656492003460745,-0.0006382950361614181,-0.0005506855040313674,-0.0006175515512492069,-0.0005624687610530366,-0.0004393196611479633,-0.0002055318642414372,-0.00016523023304082507,-0.0006063591804182922
2011-10-06,0.0038032821344142764,0.0037821825830095523,0.003598970164134574,0.0035678271128711803,0.005108809998798591,0.004961121869498264,0.00484391511788429,0.004606843277567663,0.002289375219366896
2011-10-07,0.0020492021339266753,0.0020699020951457925,0.0016405074196308433,0.0015959306767729942,0.002212786272290712,0.0020823267326079975,0.001999584122760245,0.0019442700697025472,0.0012324544131065984
2011-10-10,0.0024250125312870185,0.002514297246790642,0.0018799409893999197,0.0020389186540930027,0.00346149455157585,0.0034143152793828513,0.0031160473206204298,0.0028014871771764316,0.0015810889405389883
2011-10-11,-0.000996836763356601,-0.0009719874939780881,-0.0011994182809835774,-0.0010300242222195388,-0.0023071558301032136,-0.0022688376426173162,-0.0021732387445786427,-0.0020905758530456175,-0.0007647320158604698
2011-10-12,-0.0010565708372668459,-0.001043954194957064,-0.0010340636636932965,-0.0010229341916113688,-0.0008809404775117491,-0.0009228691424124635,-0.0008887096603908962,-0.0008953394570220263,-0.001305669880629745
2011-10-13,-0.003080854063098881,-0.003061273507360074,-0.003251488155329496,-0.0030795961724339183,-0.003763844751729084,-0.0035404511923727844,-0.003818441972103015,-0.0038048109468201696,-0.0003501012842564988
2011-10-14,0.00021345982158882393,0.00018100577720381317,0.00023037379914603306,0.0002737097859977222,-0.0003506271709726727,-0.0001729821160069145,-0.000345242254940592,-0.00035021291837988855,-0.0006026463116067804
2011-10-17,-0.0005776428435926295,-0.00019252234220168418,-0.0009373443873877951,-0.0007592331286723208,-0.00028219973966170375,3.464525829088849e-05,-0.0004163292389695039,-2.0024713936805938e-05,-0.0006006994462750548
2011-10-18,-0.0009358502492146092,-0.0009011801828313626,-0.001444448690491873,-0.0010171105537819525,-0.0019137506493758227,-0.0018598105387274133,-0.002062927366636491,-0.002197410864753113,0.0003899596455863019
2011-10-19,-0.0025728019296671345,-0.002584503766414392,-0.002172127568508153,-0.002078028842761759,-0.003094623165250776,-0.002911096318084616,-0.0028642453956598812,-0.0026092332896929804,-0.0011176180309944161
2011-10-20,0.00253150425682791,0.0024683615716585283,0.0019265168207842631,0.0018542340029596982,0.003806511065128637,0.003580772713205338,0.003501045017204829,0.0033589623133272184,-6.098459604841899e-05
2011-10-21,0.0044561910874381105,0.0043448118857079,0.004256687482693922,0.0042102537175447985,0.0025732732365386646,0.00295961490126162,0.0026187763357274907,0.0029224709439996666,0.0037611383892730554
2011-10-24,-0.002372264905349808,-0.0024120240634566414,-0.002365052825481162,-0.002382430790310086,-0.0032363889901839693,-0.0032391848333405138,-0.0027867958179800256,-0.002883940623696457,-0.0005137350570332266
2011-10-25,-0.0024476702817587404,-0.002382782939442052,-0.002148649489726817,-0.002381084005782852,-0.0024675186459212073,-0.0024041502045725194,-0.0018877365143152858,-0.0019365278295947475,-0.0022609103257128504
2011-10-26,0.00046804478803075256,0.00027605678159448033,0.00039738078238782393,-0.0001987138107765185,0.00047328261151524664,0.00023462539926799586,8.420560370736574e-05,7.73064421255576e-05,-0.0013526277690910637
2011-10-27,7.8095054846683e-05,3.566152288292379e-05,-0.00022107902908485855,2.1793696520555628e-05,0.0010860266409524755,0.0010363002396984733,0.0012667620609843055,0.0009980511113989454,0.0016720169331720935
2011-10-28,-0.00018306829929515267,-0.0004901391144009892,-0.00028820647822414003,-0.0006273708809364509,-3.0125998457197767e-05,0.0001778200925171003,-0.00044185720752853985,-0.0001953970869902344,-0.0003322210160486838
2011-10-31,0.0007758815165817001,0.0006877936938096685,0.0006714912689882446,0.0006850372787929881,0.0010499055197958906,0.0009991694537239137,0.0010006749329909415,0.00096620226084565,0.0004747951328769595
2011-11-01,-0.0008003931811321197,-0.0009087185456199132,-0.0012482522732091272,-0.000776504774269493,-0.0010494161622225384,-0.001165201941797367,-0.0010465301445894415,-0.0010676450353963585,-0.0009929429050996585
2011-11-02,0.004733095514670715,0.004620964997891885,0.004547294820840486,0.004467255947542936,0.005849887282094013,0.005901223725818916,0.005457166806933644,0.005441999320859425,0.0038294812558969937
2011-11-03,0.0015157081487380264,0.0013301266224592379,0.0012619248737730793,0.0010799393235558785,0.0006775960172191731,0.0006705707950602768,0.0007478071481163973,0.0006034784126986992,0.0002641449638893789
2011-11-04,0.0004257732407739745,0.00045679764219497265,0.0003856922109441996,0.00037375253316662693,-0.000518221279778186,-0.0007097974838585763,-0.0006973972959702923,-0.0006504912739740965,0.0008966546146156329
2011-11-07,0.0022482938941212893,0.002314733401433955,0.002426555163393518,0.002395373479278984,-9.195456375954425e-05,-2.047625257706187e-05,0.0006430840916749059,0.0007105690248159213,0.005641193121928234
2011-11-08,-0.003679025876476949,-0.003647258403447262,-0.003590761021490696,-0.003519137659269367,-0.003537191381851379,-0.003606038251079857,-0.0030765274907373907,-0.0031320277581862177,-0.0002810210017933912
2011-11-09,-0.0020930732782283856,-0.002215188027110293,-0.002714040315202726,-0.0027203529810392313,-0.0007455255100909941,-0.0007307454502766264,-0.0016800422807411453,-0.0016517377617127904,-0.0034458752557912087
2011-11-10,4.8800396048154226e-05,5.6576468558722226e-05,0.00013050934837943728,0.0001262638446015707,5.90352551330664e-05,6.568052227651222e-05,0.0004895149704773338,0.00039466847179725484,0.00034240440006727546
2011-11-11,-0.0009464752742973648,-0.0010117004006836572,-0.0007853163823373643,-0.0008427577048407686,-0.0023551757158986053,-0.0024322790143843642,-0.0026842167920763105,-0.002667367626630668,-0.0011867640414927605
2011-11-14,0.0033504587505313044,0.003004577072116321,0.002917844892299737,0.0025257518477963536,0.0018724647573935549,0.0014554275117393267,0.0018407686908545884,0.0015672633948373704,-3.8337795209231196e-05
2011-11-15,-0.00014255139286689644,-0.00015866299563338515,-0.0004663796856785307,-0.0004465060651361874,0.0007452253869779657,0.0007902502981889103,0.0007010004760559241,0.0006778818229300487,0.0006847904130262705
2011-11-16,0.003336050920696998,0.003176398773491629,0.003477993088677911,0.0032830744765013353,0.0033158223618203753,0.003500497233930755,0.0028896190579492664,0.0028066305810929837,0.0032157779717572055
2011-11-17,0.001962695221804589,0.0018256442123305572,0.002076421903508985,0.0019056732188940106,0.0011405552932020058,0.0009458651779228333,0.0015104892207309373,0.0013723048745488686,0.0029878822136988337
2011-11-18,-0.002643485842750759,-0.0025620834071847787,-0.0026772115433375543,-0.002574514878062928,-0.0028119933813027798,-0.002462056767035148,-0.0023585995957753347,-0.0022712391443611146,-0.002944623572565086
2011-11-21,-8.682665265480338e-05,-5.445617772270595e-07,0.0002233782450200561,0.00020516790378732885,-0.0006533388655387551,-0.0005993535381125792,-0.0004979495474088935,-0.00044865810858307764,0.0006318491056718223
2011-11-22,-0.004929501108421053,-0.0047981950805763285,-0.004311891208241381,-0.0041782641835865775,-0.005355988621471464,-0.005091213761559521,-0.004625494542306097,-0.004756420565438124,-0.0012390567635308658
2011-11-23,0.0029947178313030065,0.002888452062943525,0.002661483979118584,0.002614800868235845,0.003084292304341485,0.0036960546333342226,0.0032686881169690096,0.003292558994965722,0.002341570507608415
2011-11-24,0.0020661747909120898,0.0021688427999111415,0.0022250980486600014,0.002264021920791892,0.0021355382080012753,0.00213020789109164,0.002206189240951284,0.0022294069457080568,0.002254509672026339
2011-11-25,-0.0007350206124688841,-0.0007378089344308725,-0.0007386203183853413,-0.0006832948250283799,-0.0005816092367856296,-0.0005108692197194342,-0.00047671266747539853,-0.0004951611231320818,0.0001303607758136316
2011-11-28,-0.0008016654992180072,-0.0008018393920290467,-0.0009619551114016245,-0.00091039152862471,-0.0014867097654186479,-0.001405851192284313,-0.0014556774488244661,-0.001366076799639182,-0.0019274941496080222
2011-11-29,-0.0027213365394570532,-0.0026791792398613845,-0.0026034410823571053,-0.0025591297288404258,-0.003384347164081647,-0.0032406254371473153,-0.0030926373057846845,-0.0030051478339375715,-0.0014017326292921073
2011-11-30,-0.001445054497759779,-0.0009987714644124068,-0.0013692123630590913,-0.0010626057044704762,-0.0010213277912198837,-0.0007590168299868028,-0.0005881144327141152,-0.00018761976837566863,3.1750857048651326e-05
2011-12-01,0.0010991597443210654,0.0011138062541748983,0.0013120681942757617,0.0012084087498220875,-0.00042138420042248104,-0.0004312773280844562,-0.00048736788075032234,-0.00037206246587639935,0.0010310074500101685
2011-12-02,-0.0037395442755444597,-0.00356124566703353,-0.003526779579538619,-0.003461497526330848,-0.0033051906717677104,-0.003351789549466355,-0.0031731270707343606,-0.003421282347315202,-0.0014171510309133328
2011-12-05,0.0011968783601228328,0.0010903784639382241,0.000995003572302755,0.0009684867584862644,0.0012903872942695571,0.0010686819349710053,0.0010474036842664791,0.0008171728606660711,-0.0004739295998680282
2011-12-06,-0.0028210152597403226,-0.0027081348987985088,-0.0022583177732711235,-0.0020595124590074843,-0.003324942750351889,-0.0032469258828430325,-0.003032488743139772,-0.002913311374026617,-0.004426255235632004
2011-12-07,0.0018033536203636569,0.001655337312405969,0.0013581503463409028,0.0012157350918404752,0.0018772306423509022,0.0017306018418641322,0.0015196454292045747,0.0014942956652528316,-0.0006310542696066346
2011-12-08,0.00013969285430492917,0.00017916730641243106,0.00026465475391423965,0.0002858755356001108,0.00040330383773423684,0.00028035413157012634,0.0003973487789854513,0.00028652022670416777,0.000295298291026036
2011-12-09,0.001392294072959821,0.0014078155586985108,0.0009608228677850938,0.000949400921168797,0.002787201022882879,0.002513175705600945,0.0024593233617962174,0.0024897557192598008,-3.247587277466213e-05
2011-12-12,-0.0010199467588203337,-0.0011301581277709527,-0.0009421464817751524,-0.0011206226569813182,-0.0009533446048552996,-0.0009656502944406231,-0.0012908096988604179,-0.0014454503552868703,-0.0010961140901178945
2011-12-13,-0.002226348062996375,-0.0023676181884489944,-0.002087516961469915,-0.0022275286714297238,-0.0031846770243623146,-0.0028652581785136855,-0.0026726363211492243,-0.0024889350141291677,-0.0008416525160965804
2011-12-14,-0.00012587316449996777,-0.00012666472852551625,0.0005080157772150429,0.0004940391675551936,-0.0007692628734472517,-0.0007417384091538137,-0.00024918635376125486,-0.00025865407968705956,0.0002848845234797448
2011-12-15,0.0018093452213143735,0.0018201291752741877,0.0014626261029593302,0.0014467005286002976,0.0012003009943133414,0.001685189809495835,0.0009897497422428625,0.0011072977349664281,-0.00022573254572311185
2011-12-16,-0.0010682242888918614,-0.0011550879826259797,-0.00039593492679768083,-0.0004232302815957434,-0.0018453501946360529,-0.001808768853728604,-0.0015952830937299156,-0.0015062725499253027,-0.0012873580130453588
2011-12-19,-0.0005869072227211447,-0.0004295341426774346,-0.0008888725285574051,-0.0005484889786395719,-0.00040414177424696884,-0.0002722033839205329,-0.0006607699140119827,-0.0004847885458983958,0.0002392734396614582
2011-12-20,0.0020704129492061796,0.002172168468221214,0.0018953858648238509,0.0019497594008301977,0.0036240491845271894,0.0035614521563089863,0.0034084416416468866,0.003542648339157184,0.0032390574370468883
2011-12-21,0.00023821436443394184,0.00047663640788919714,0.0001424599966473039,0.00023539813448669733,-0.0006858552171332688,-0.0008981514238948218,-0.0006384432358527148,-0.0005339853502048797,0.00024222226584558193
2011-12-22,0.003398658577027147,0.003143168676487562,0.0032488529800807076,0.003104801236783361,0.0033730553154505127,0.0031485566583966396,0.003003246278082683,0.002983407184957265,0.001882078696307854
2011-12-23,0.0014698734327664997,0.0014561541316613358,0.0014610453500025766,0.0014730579470849658,0.002206517094571314,0.002156247976476733,0.0020361565223101508,0.0019266423026627066,0.0007568275921558953
2011-12-26,0.0008022867539136946,0.0007482664139450979,0.0007196113887404376,0.0006710811956511797,0.0010688181968252497,0.0010155872725534643,0.0009088167256174895,0.000855637307556556,0.0006933944900009426
2011-12-27,-0.0006878861621334442,-0.0006633570867363714,-0.0008349479181660735,-0.0008824442255217502,-0.0017507807821399712,-0.001569129246845713,-0.001752266730688401,-0.0017131557429297395,-0.001114234209366849
2011-12-28,-0.0008833594999757555,-0.0007765375341085567,-0.0006237943701492554,-0.000662467525921584,0.00031467750962077545,0.00032157121603582084,0.0003373319546089437,0.0004782016958149171,-0.0003340516832021079
2011-12-29,0.002994174228609481,0.00295080156506744,0.002640035914767802,0.002506613925705725,0.0021443479520206754,0.002025161007610299,0.0018121449235570797,0.0017072233417216864,0.0020783638432366747
2011-12-30,0.0033161959522811646,0.0032013979365448364,0.0031402972584888555,0.0030728234347880967,0.0033870562194213694,0.003172579832672051,0.0029325929193206868,0.0027086249806327345,0.0030866457433802452
2012-01-02,0.000314934210638107,0.0002211980997381957,0.00022659970223748438,0.00022532648048634307,0.0006406325498522492,0.000543861738145468,0.0006314498749939723,0.0005434278114582192,0.00014714356092904168
2012-01-03,-0.001827666759447788,-0.0016735971764800794,-0.0017410827962690556,-0.0015939166273616356,-0.002582010367375487,-0.002467286544820757,-0.0023257258210821474,-0.0022094845830307186,-0.0024353611281011656
2012-01-04,0.0058413472931522215,0.0056310775436414495,0.005308491664220982,0.0055787618930180916,0.005767240120740036,0.005564610000204917,0.0057674689780289334,0.005547935876302201,0.004150983156322452
2012-01-05,0.0009384103753915518,0.0008622106446634081,0.0007469111376408044,0.0006022282725179906,0.00017370993390652956,0.00033612708121544266,0.00017829521959056294,4.8818758267454854e-05,-0.0008990223543231535
2012-01-06,0.0020322939287193975,0.0019407257687262813,0.0020025602385655983,0.0018817731612901234,0.0013623337241643885,0.0017384754251514867,0.0012844989524554151,0.0012185090565153267,0.0007024774962718361
2012-01-09,0.00452883819540606,0.004013410287068142,0.004246634220417045,0.004018580757954471,0.005763108640065129,0.005883535071847579,0.005417420551869112,0.005535967547277254,0.0040102328996070025
2012-01-10,-0.0026295172559783753,-0.004139513398516148,-0.0022519634849360592,-0.002307017744239137,-0.0010532485658396595,-0.0008043816654336178,-0.001116003384966091,-0.0010865812301859012,-0.0007590786165848629
2012-01-11,-0.0007294989475566949,-0.0006665512746993896,-0.001390715202695736,-0.0007824508500363647,-0.0004820335015223165,-0.0005539759551320689,-0.00038551476182169253,-0.00032392665730518466,-0.0006176009761943435
2012-01-12,3.028673769978063e-05,0.00010883354774904319,0.0007501792478805669,-3.703269785526597e-05,0.000771482491247033,0.0008620605162090733,0.0009126498669032035,0.0008925042464718036,-0.00037483272646832155
2012-01-13,-0.00014501165361857637,6.656568180840594e-05,-0.0003974926028742498,-7.504089688281645e-05,0.00014490891033469566,-4.654210350230059e-05,0.0001439940379761584,7.948129788837299e-05,0.0006745961656557942
2012-01-16,0.0011011146593422616,0.0008798007765296045,0.0013351172192992422,0.0006721112926111328,0.0022995025830931937,0.0020150981097297738,0.002122329267153056,0.001990435036324678,0.001757402629951832
2012-01-17,0.000792114563271884,0.0008513998903076914,0.0007346998416399853,0.0005698226930910266,0.0007945707549650294,0.0006856320118888704,0.0006580934618807266,0.0005376480121923599,0.0015236508083322775
2012-01-18,-0.005927365360661407,-0.0056977003793993175,-0.004086723675983395,-0.00532497407578969,-0.0023417676826509304,-0.002445667933435036,-0.0019846896510480327,-0.0021663031398085897,-0.00023957543529429248
2012-01-19,0.005326780460519043,0.00519297274248709,0.003017720371508048,0.004777984285208925,0.00421848433907579,0.004108454959190322,0.00393564389080403,0.0028197215942002973,0.0015260390596096851
2012-01-20,0.000634525035740019,0.0004650545863915667,0.00022961300774171356,0.00017228651934431127,0.0014095218478156202,0.0011910665641698959,0.00047604223126884726,0.00016698875761411713,-0.0009709931991045417
2012-01-23,-0.0007242197343478862,-0.0005112087203784643,-0.0006325178440973467,-0.0003676972481050367,-0.0025523873443623613,-0.0025305797432851884,-0.0024482044144659154,-0.0022104972054368677,-0.0010327977069095606
2012-01-24,-0.0009908051065561363,-0.001196100535171274,-0.0011870581823572035,-0.0014250096231711584,-0.001775894249324117,-0.001772052003183422,-0.0018296690619394873,-0.0017859511842664988,-0.00258546301845608
2012-01-25,-0.0028792678633265956,-0.0027039472450002267,-0.0014787770623221341,-0.00226975838340826,-0.002722569066401226,-0.002674454958053185,-0.002599354561078515,-0.0026019244223168814,-0.0006835875318941254
2012-01-26,-0.0011941870360782092,-0.0012294245309216745,-0.0008313660597631944,-0.000862744624772982,-0.00044368708625508457,-0.0004143798035625146,-0.0010862775802560343,-0.0004277606413604085,-0.0007407736186355596
2012-01-27,-0.0032514039184308174,-0.0031421152072272918,-0.001949725967817284,-0.003087580012271718,-0.0012338146551785778,-0.0012172135584156418,-0.0013366839173423184,-0.0013224905081934413,-0.0005247004817514611
2012-01-30,-0.0008266772690213031,-0.0006583802828374896,0.00035294322348455864,-0.0010874769327823275,0.0003416198776835522,0.00026552169280047444,0.00029497815431311913,0.00020715836669182863,0.0007216436503227897
2012-01-31,-0.00043724261911304296,-0.0006705917958725882,-0.0009439560207125108,-0.001208892187629318,-0.0013165110076969189,-0.0012436264363017147,-0.0013253302495624952,-0.001104634266236193,-0.00010797880078139421
2012-02-01,0.0012122219541115253,0.0009069116348423556,0.0010590233547043137,0.0008750442364704458,0.001324088658450684,0.0010731219655297775,0.0012703318922140383,0.0011314436372815706,0.0006070953026884318
2012-02-02,0.0030862740259161026,0.0032393771477559063,0.001542774178275419,0.0022467621673898375,0.0021414085444841913,0.0021218841995360727,0.0020367017554348,0.0019900853203485003,0.0020979542329500056
2012-02-03,0.0011675380429554405,0.0012889427027227285,0.0005079990107554888,0.0014999901967047702,3.957249152852782e-05,7.12599609931086e-05,0.00017283571946391518,0.00024223143599022556,0.00026773404728919203
2012-02-06,0.0011602396094174683,0.0010317570572728751,0.0011774264956185831,0.001397980403032184,0.0004721179300783973,0.0002613679177112527,0.0006058540167495075,0.000441346055823022,0.001275098370006278
2012-02-07,0.0012715913088168218,0.0009541457817590082,0.0006176888949775972,0.0010232609427689443,0.0010403941294012675,0.0006086793172095373,0.0007033605865784942,0.00048339247200734903,-0.0011462406561446592
2012-02-08,-0.005765212381495632,-0.00544040282942293,-0.003886937165304194,-0.005037733160816349,-0.005399226355934261,-0.005057803863429244,-0.004336903329909325,-0.004110403610616764,-0.00333696448529186
2012-02-09,-0.0004918224404196758,-0.0006722207040535944,-0.0005209818567257773,-0.0006169295868828639,-0.0003942205855965719,-0.000643472619347496,-0.0006050291727445201,-0.0006111139556913558,0.000201443157179515
2012-02-10,-0.0044400161456191745,-0.004477283599444992,-0.0032620879265140568,-0.004348217517620712,-0.00438286596389148,-0.0046139397581871355,-0.00446910657922206,-0.004531108246831894,-0.0016984039061089806
2012-02-13,-0.003064128026850299,-0.0028737749497182996,-0.0013468576972186508,-0.0034908442602248346,-0.0017961681933964524,-0.0018820316455238073,-0.0014344149215443913,-0.001571656266788346,-0.0016166922771519987
2012-02-14,0.0077072900812875655,0.008005836492942509,0.006400053873483191,0.00805934494088989,0.00523016160466816,0.005549358659503456,0.005258722417235795,0.005325831204506137,0.003629780931136528
2012-02-15,-0.004078915968462216,-0.0040016298306140285,-0.003439996286313196,-0.0045904844024650115,-0.0039414804400418335,-0.004078918506421614,-0.003795967763844166,-0.003969600581903543,-0.003674144416216718
2012-02-16,0.003498050773882433,0.003473189957433398,0.0017708713265844889,0.002173122120210813,0.0010094524508943437,0.001442466682982646,0.0011065205080715845,0.0015912180464419112,0.0011559635029123605
2012-02-17,-0.0027412399319879377,-0.0027170162859643243,-0.0022793170285598796,-0.002552345574358461,-0.0024247609734462383,-0.0023828953730252733,-0.0024586472943556315,-0.0025116539454156372,-0.0016762296698492607
2012-02-20,-0.0031958320732594636,-0.003106026356452074,-0.0024593029937877153,-0.003424739204917371,-0.0027850464828933497,-0.0026829483201271653,-0.0025538495613501855,-0.0026929322410835788,-0.003289871563757596
2012-02-21,-0.001144315015805586,-0.001153784028458782,-0.0006627421332006111,-0.0009640443587569658,-0.001611625694831531,-0.001582891058685143,-0.001335282469491772,-0.0014609760348661682,0.00018924758666960528
2012-02-22,-0.0009074388299136205,-0.0006581604672326602,-0.0006764870022958336,-0.0008582953980916797,-0.001035766823906492,-0.0010385434605576505,-0.0012966182313127739,-0.0012826546097213232,0.002407318158095917
2012-02-23,0.0012134873743494534,0.0011667675505313557,0.0010036539739008976,0.0014254164786127177,-0.00028492205236974044,-0.0003699272316625146,-0.0006442813582908657,-0.0007152188941850213,-0.001211072456479445
2012-02-24,-0.004673996775197531,-0.004718639673065517,-0.004543821953672866,-0.00509160890972471,-0.003614800717487432,-0.0034705326721091723,-0.003957040205632811,-0.0039645180035099425,-0.004423761261860393
2012-02-27,0.003972331403650831,0.004003331014437839,0.002613011338010729,0.003693937381020751,0.0028014979275969853,0.002799019606186004,0.0028899661423897882,0.0029929357681393043,0.001044484624870723
2012-02-28,0.002166325208432962,0.002211978298657602,0.001708579775697494,0.0021192503445468525,0.000749812226842117,0.0008872005445117459,0.0006393426645985301,0.0008362531993231226,0.00012900387587100326
2012-02-29,-0.0006079377423289234,-0.000610446510839191,-0.0002664455961068901,-0.0005508859090477269,-0.0006949951487544848,-0.0007419414136701219,-0.0005791983041693038,-0.0006176357865603777,-0.001414771237216339
2012-03-01,-0.002344252783202383,-0.002003311428507626,-0.0014506318920599615,-0.0020918295922291996,-0.0013001596393794612,-0.0011306400496403635,-0.0013089234139578299,-0.0011433167728027716,-0.0003480271018210246
2012-03-02,-0.003024393685378546,-0.002833430817085758,-0.0021217596449114584,-0.0022367140745961356,-0.003390458590898482,-0.003220292882480269,-0.003267725833260182,-0.0030949214921364154,-0.004891986179149432
2012-03-05,-0.0027676934714654378,-0.002612157909922863,-0.0021034294035945367,-0.0022996404485869926,-0.0011599302270710599,-0.001066947569806742,-0.0011988459701812726,-0.0011539257043687856,-0.00206020083818792
2012-03-06,0.001159733949685604,0.0010975068586789316,0.0006275876530106306,0.000791607491861468,0.0015057461869667499,0.0012422211537987948,0.0010435954017939952,0.0010636064192401928,0.001477990982623023
2012-03-07,-0.0023737128118364037,-0.0024617989140096608,-0.0017957585918381147,-0.0020615971044185555,-0.0023182961393508617,-0.0026973360551072467,-0.002492222235374708,-0.002556161739593721,-0.0013439320836307056
2012-03-08,0.00344312343525055,0.0033499379491466197,0.0025047648009384194,0.003069004723908142,0.0025698788484818103,0.002776559732748707,0.002726272195894719,0.0028222745672101812,0.002024054246422269
2012-03-09,-0.0021714348645704984,-0.0020074038069818334,-0.001371248747259024,-0.0018809500225258624,-0.0006615855143357052,-0.0005688622117684394,-0.00042919705846389267,-0.000314133259013305,5.7854778821475605e-05
2012-03-12,-0.0015960864828894472,-0.0014772485050936757,-0.0005778738376764903,-0.0012636234494255438,-0.0016812154671892454,-0.0017571614505977884,-0.001324617127575145,-0.0012209027713641074,-0.0011704050803093002
2012-03-13,-0.0063946390224771665,-0.006107896306726812,-0.00423843145839875,-0.0060263001695842755,-0.006494971610987665,-0.006088254954179084,-0.006268123493250899,-0.005846095829452058,-0.002662987904738512
2012-03-14,0.0024150090749262,0.0023869185845586394,0.0016486595856948227,0.0025362587215667087,0.0029735024922166176,0.0027867674728532243,0.003163443965983337,0.002989794471413232,-0.0013990405824220176
2012-03-15,0.0003868522689784992,0.00039663306012882593,0.00049793996359071,0.000474104146773513,0.0009252291683710112,0.00079288090353824,0.0007155482688936399,0.0008368368462645659,-0.00036155088199019136
2012-03-16,-0.0019558796475842577,-0.0020749100576574753,-0.0020452877607930464,-0.0022037133228026695,-0.001837078476287779,-0.0019749821433342474,-0.00189769773894366,-0.002134899709439475,-0.0016899068054891941
2012-03-19,-0.0019680857928520146,-0.0020595550677550145,-0.0020180799831364116,-0.00212562391786586,-0.0017679108494982332,-0.0017390401536638844,-0.0017611331250806384,-0.0018331901769466086,-0.0034613504867314626
2012-03-20,-0.001469359881994925,-0.0013670067417377307,-0.0016377045170484772,-0.0015386900393790093,-0.0008037782170675634,-0.0006201886917822641,-0.0007548445770064749,-0.0005784325193644024,-0.001381738462614579
2012-03-21,-0.0014859539978814285,-0.0015400196843498026,-0.0015268111766469916,-0.0014601813145036502,-0.0018730875921196821,-0.0018551738506057402,-0.0017579656250541476,-0.0017478480116680517,-0.0014206208534817133
2012-03-22,-0.0009953208428733484,-0.0009511428832467139,-0.00028483254912059497,-0.0009717581971699918,0.0003869523867128244,-0.0001389424343675172,0.000213597699901813,0.0002717963438885196,0.0020929236117424033
2012-03-23,0.0011295540378177815,0.0011399518868946412,0.0011853957593730424,0.0011780915091976762,0.0012930626295823977,0.0012600505490929503,0.0011282350175949585,0.0011871982657736257,0.001976971269911809
2012-03-26,0.0010330318963669427,0.0010207761285534467,0.0011556201810853928,0.0011287181267003454,-0.00041051045801066,-0.00037992200285219546,0.00017224993407505274,0.00011418272169749777,0.0009546247870846347
2012-03-27,0.004494206641976861,0.004342621228310417,0.0044969250021231755,0.0043715289323327244,0.004358865957413416,0.004341673429962611,0.004397360244442927,0.004450767953121826,0.0007478168275993902
2012-03-28,0.0009690618911200044,0.0006960435863307968,0.0007397977421672586,0.0008617089401974365,0.0019124938630068478,0.0018334947118536782,0.0016580907672110179,0.0016112833192303277,-7.3400089805053526e-06
2012-03-29,-0.006782923117167328,-0.0067833386535123275,-0.006883462263065021,-0.006822201541451078,-0.005671610304977204,-0.005397295835421367,-0.0054486285356390995,-0.00519282125877496,-0.004356846690717564
2012-03-30,-0.000407011412652758,-0.0003821047896731544,-0.0004609643833872745,-0.0004225836719866649,-0.0009419151982972274,-0.0009539637615099128,-0.0009284281053086874,-0.0009800805238409094,-0.0016677791327506242
2012-04-02,0.002953839854111573,0.002905897510866229,0.0028420700252376196,0.002531909197180271,0.003458226612367943,0.0033231618575100264,0.0032705467626403806,0.0033168628457911353,0.0007323667466747619
2012-04-03,0.004639365971403686,0.004543855525053875,0.00457829380259156,0.004570887885394281,0.0031012668782359754,0.0028875822350755698,0.0027424583451201023,0.002756970609562037,0.003887066202946432
2012-04-04,0.0022724447132889125,0.0022276236497293933,0.0022167886344914844,0.0021121839490676475,0.00219524433945284,0.002372315195243724,0.0020874859498909437,0.0022849787741325844,0.0009342038604822633
2012-04-05,0.0014161059673081233,0.0012667171182230152,0.0011878262088991232,0.0012022215516824808,0.0013115866161428347,0.0011533229178528615,0.001172751709357378,0.001092982967108913,0.0007558459134073825
2012-04-06,0.00033611411042011596,0.000386607472082412,0.00034274537907141855,0.0003916678459112699,0.0007301873419793825,0.0006766014220938033,0.0007243061776447401,0.0007001124003751524,0.0006815822888808221
2012-04-09,0.0004947213227366465,0.0004721774173124249,0.0005444085695331946,0.0005185753530552173,0.0009087260532272268,0.000885974263165501,0.0008438680839792934,0.0008761401407209046,0.0001499121222046096
2012-04-10,-0.0019773457891969493,-0.0020852388318732817,-0.002039123817246802,-0.0021685052742046462,-0.0024363704084823246,-0.0024727394212554765,-0.002422375346827099,-0.002445119870620238,-0.0024991367166312672
2012-04-11,0.004366997929251548,0.003988266740633684,0.00441477964988124,0.00400485245628146,0.00498435329615643,0.00475721477174873,0.004810615917647532,0.004298495232465838,0.004092931153590218
2012-04-12,-0.002198458382174806,-0.002112535031062124,-0.0021283738834657617,-0.002022925916779439,-0.0017777816504046529,-0.0020046808219694734,-0.001293455763341167,-0.001183545595867419,-0.0001257860287177115
2012-04-13,0.001222721199692467,0.0013281504009463596,0.0012435611907311017,0.001220321578625505,0.0013441736592085807,0.0012507347848471628,0.0013371264671055982,0.0011733848311354933,-9.952898426901502e-05
2012-04-16,-0.002011511820055212,-0.002016906536415286,-0.0020563042476853255,-0.0019984903981502544,-0.00183129144197558,-0.0017152800434467874,-0.001645021633027155,-0.0016095066239131262,-0.0006309032981851592
2012-04-17,0.002428276657830075,0.0025955329056315257,0.0024627912326862234,0.002616392966756864,0.00237192300766198,0.0025809612175649033,0.002584148949555942,0.002567234975373589,0.004789267364986305
2012-04-18,0.0018607959918244266,0.0018414873756182892,0.0018683819738525287,0.0018372513584306027,0.0016437970576823613,0.001609118130180276,0.0017255242318960917,0.00162688043952941,0.0013205585421469657
2012-04-19,-0.0014473508528075607,-0.0012658731684772606,-0.0012841161192168604,-0.00111740508125302,0.0002995484147587657,0.0005189382644508189,0.00027474489987633355,0.00013075887805902298,-0.001914265530712167
2012-04-20,0.0023698062797945507,0.0022348075471252393,0.002300210799681235,0.00234852411390718,0.0021132554658416236,0.0022482790228592897,0.0026493819913571137,0.002540530781071526,0.0007764576610223006
2012-04-23,0.0004951799310652927,0.00017883082286962448,0.00043618953657786896,0.0002655468099104219,-0.0010966261726289561,-0.0011557464030791387,-0.0017167337478842803,-0.0017034727267276617,-0.00015724204669220754
2012-04-24,0.0026082003936485076,0.0021929854024720363,0.0024210604238530387,0.0017143849033347536,0.0012018857086484314,0.0005358265386061767,0.0006301035236235819,0.0002286234140411736,-0.00010984278121217717
2012-04-25,-0.0010200211307409557,-0.0008843031089585951,-0.0012831629114262721,-0.000707865091858273,0.0006022786369916933,0.0006194872267055729,0.0005676851080560485,0.000624876572159927,-0.002907965883537811
2012-04-26,-0.00019573288893937058,-0.00032131157103199026,-0.00010254340464010969,-3.1285504236144845e-05,-0.0032492522913230015,-0.003030300507046668,-0.0018466005614410363,-0.0018423421909841142,0.0012613792061466622
2012-04-27,0.00045089070353321326,0.0003621669911886283,0.00017293750658220475,0.00018362290728424213,0.0006782757838099673,0.0005324177319787626,0.0004578431912443115,0.000397129363823856,-0.0014516100742126836
2012-04-30,0.0002822593322349132,0.000320806730623735,0.0007945090769923002,0.0008099336693838666,0.0005707417164713124,0.000451056801762606,0.00043981908922363644,0.00029962395359151017,3.6632076930498414e-05
2012-05-01,0.0011275871198326293,0.0010044655070620134,0.0010039649816409035,0.001084622433959126,0.0007529245064199497,0.0007985376588146575,0.0005228213949302063,0.0006812347386810913,0.0009424392513595059
2012-05-02,-0.003582911598367433,-0.0036413642104980992,-0.003778772481267678,-0.003775004265415105,-0.0037068749039241844,-0.0037369983110745464,-0.0037612972732093963,-0.003822166967015095,-0.002159889466245568
2012-05-03,-0.00025674688383481303,-0.00037370483482102035,-0.001526039791891587,-0.001633166971458544,-0.0011522914653775418,-0.0010686247836254603,-0.00126296646737456,-0.0013740555423710221,-0.0017932625065691932
2012-05-04,0.0033183403424958957,0.003338135933983022,0.003063260632105269,0.003057064444259794,0.0031105096847316993,0.003102054164681789,0.003501245739393921,0.003422189557928279,0.0016659250706705375
2012-05-07,-0.0003487754876100313,-0.00025372142423463195,-0.0002822859798138344,-0.000198751811881559,9.593625735782041e-05,-0.0001397013063574315,0.0003201048593346467,3.506660961560826e-05,-0.0026472766227456646
2012-05-08,-0.0023243644259759444,-0.0021287556717409784,-0.002184927037237716,-0.002131014736821868,-0.0021722871791904907,-0.0022034502929673128,-0.0021886408665169332,-0.002030070999259559,-0.0013670461951235113
2012-05-09,-0.0016607622529233312,-0.0015486071108585797,-0.0015402838215839987,-0.0014941938076413752,-0.0008408577274779949,-0.0006140252102224686,-0.0006611491274269854,-0.0002745056401454171,-0.0012317420970423543
2012-05-10,0.001972518207525864,0.0018545066493780293,0.0018715238064568318,0.001842563984212564,0.002549639370663881,0.0038764846293311006,0.0035244480034719583,0.0035981373625222357,-0.001829768083066563
2012-05-11,-0.0012007026200078208,-0.0011735857640337022,-0.0011615481137354777,-0.00109961209086884,-0.002641327524071313,-0.0024559236892760516,-0.002452703911807519,-0.002448870613216858,-0.001044516976398735
2012-05-14,-0.00016552525832924658,-0.00035768898069299393,-0.0003344148096525723,-0.000619676885305287,0.0020256336784643114,0.0019619782900641702,0.001389648580793157,0.0012822864564367986,-0.0016792893869991277
2012-05-15,-0.0010372308415569353,-0.0010919171763212887,-0.000927567644756877,-0.0008257480331493872,-0.0003872471112674747,-0.00038555182711264013,-0.0004400175517680349,-0.0002206898406390545,3.679642709242259e-05
2012-05-16,-0.0013167401874022433,-0.0016151297979890566,-0.0012225456550166713,-0.0014482394106800633,-0.001315343779070277,-0.0012899036440652267,-0.0011071148810719578,-0.0011327185303792175,-0.002241848031898086
2012-05-17,-0.001216283007249186,-0.00149010406804162,-0.0014505701451488218,-0.0013987024910148138,-0.0007954485654450005,-0.001048992701509599,-0.0009669879846426754,-0.001171383197014153,-0.001135882405045252
2012-05-18,-0.0024458554592104997,-0.002331258051405438,-0.0020363997416563695,-0.0021397071852653493,-0.0035754311959990126,-0.003143192658523475,-0.0030978864202584333,-0.002729391575442608,-0.001923114221255351
2012-05-21,0.0031549343501264815,0.003082786115609304,0.002853324834458437,0.0028300905216291916,0.002137854124004468,0.002053255530567011,0.00213242908323652,0.0020209782931246423,0.00284067526065912
2012-05-22,0.002180022552452865,0.002233078220660767,0.001924273734830173,0.001976383641220103,0.0019399257221215382,0.0020049502928674023,0.0019053538064093267,0.0018004725226485885,0.0023204401408443154
2012-05-23,-0.0010646104350819918,-0.000828662062310026,-0.0009522841616208533,-0.0006427786749577669,6.186276260033985e-05,0.00020333748798195828,-0.0001630809448754933,6.3145364936900705e-06,-0.00039033758660145246
2012-05-24,0.0026626393518598412,0.002856124961154949,0.002497212026403739,0.002909866169809261,0.001985561293934346,0.002184489657734101,0.001886901035506261,0.0020779897856679774,0.0013423217031449663
2012-05-25,0.002586102752817787,0.0024742740416916487,0.0028722305742618914,0.0026096893394638165,0.0008889754662630978,0.0009410093459669699,0.0010475568423899961,0.0010722923493031722,0.0013414099145865332
2012-05-28,-0.000295512662153663,-0.00032445475401599033,-0.00013704436624495386,-0.00014371166180626727,-0.0005048373079592494,-0.0005419247912316072,-0.0003165215828264678,-0.0003400643236112222,0.0005316554932608408
2012-05-29,-0.0003905664930787811,-0.0003694472645521252,-0.0005499703562726888,-0.0005269060640132883,-0.0006362396050445529,-0.00034690978484985813,-0.0005319294942814912,-0.00047081004350291167,0.001698366112238503
2012-05-30,-0.0022836607263921893,-0.002052692160423364,-0.0023744150730773406,-0.002122556953448873,-0.0016492585272150917,-0.0015986907367625536,-0.0016036676189118415,-0.0014907706561702039,-0.0006125939216596876
2012-05-31,0.002215529160854768,0.002054647928384279,0.0021029836476997854,0.0019195193266607902,0.003180387764020187,0.0031552099161373803,0.002825153357879806,0.002596362705731492,0.0009818103235055275
2012-06-01,0.0027245413134429075,0.0025828419725251184,0.0027780301429860543,0.0026676561957192924,0.0029127528912582523,0.0029310276343361696,0.002776862060450247,0.002700378906134171,0.0004559185184895842
2012-06-04,0.0003756881155234648,0.00018790412160418768,0.00031421822993715764,0.00018842559682274995,0.001687018306959276,0.001712029426921724,0.0017243719222042042,0.0015671534717083269,0.0004656005506644689
2012-06-05,0.00041690272512151516,0.0004091350159307616,0.0005366937395918647,2.5743804347166943e-05,0.0009102112402046281,0.0009725504621738157,0.0008408914943820456,0.0008845948307723006,0.0019872822286080005
2012-06-06,0.002297188154708474,0.0020668669827415,0.002587452460079076,0.0022824580522871063,0.0010349527248429968,0.0007984959534148572,0.0010572583500503274,0.0008516740651458576,0.001850472136228687
2012-06-07,-0.0011935574939276883,-0.00118578691759752,-0.0011205969228135215,-0.0012133499885963461,-0.0011586066952919971,-0.0011072072993472126,-0.001039071863929264,-0.0010077419734237925,0.00023533913582785004
2012-06-08,0.0002563963902841859,0.00045392913973030247,0.00030747322030211244,0.0003521813618601044,0.0011924004494401341,0.001196089132548428,0.0011686205343897083,0.0011230269345730015,0.0017372248343452412
2012-06-11,-0.0038009017306944726,-0.003795944070951518,-0.003767688735001662,-0.003738654285776688,-0.00516981022483487,-0.004658481047136842,-0.004668348153059054,-0.004231151179581283,-0.002463027999097478
2012-06-12,0.0006534325103015881,0.000525036307996718,0.0005179461289623877,0.0003677275280535852,-0.00028391709777475516,-0.00030407443275914936,-0.0007776065806661681,-0.0008271076434941405,-0.0009758860722767215
2012-06-13,0.007210487690032741,0.007336190110414309,0.007191787688213047,0.007081729133721071,0.010338754646143311,0.010330085551627954,0.007641172308970434,0.007677068700533418,0.005851456820515466
2012-06-14,0.0017275044421622976,0.0015409898313811787,0.0016347102540936742,0.0014359737223144098,0.0030924612902749615,0.002773674290556638,0.002017994783586996,0.002967358231333206,0.002237355503296179
2012-06-15,-0.000799971422650203,-0.0009516030308182044,-0.000870531426090948,-0.000745756763152805,-0.0009191626857453228,-0.000750563517347369,-0.0008132017031143857,-0.0008096017154373136,-0.0014825387071683016
2012-06-18,-0.0012971795651537388,-0.0011756431780959309,-0.0015821479940110184,-0.0014060181481079237,-0.0009953331235931229,-0.000981909869594788,-0.0007841562676715874,-0.0010006759815134325,-0.0027379781764129696
2012-06-19,0.004680541628054202,0.0044047170848509065,0.004441459393270009,0.0040389176600956755,0.006104460569659631,0.005762594536953269,0.005358421801461066,0.0052180271164117276,0.0007337722706151073
2012-06-20,-0.0008802428662088024,-0.0008810381561453751,-0.0011133749372000956,-0.0011449356932351495,-0.0008717543580945009,-0.0011661951513610713,-0.0010252088524225211,-0.0011646911854331643,-0.0011941748068332592
2012-06-21,0.0008864406759934162,0.0008253394802668623,0.0005490429451542322,0.0005269924498394474,0.0013369258093680614,0.0012736826941974755,0.0014321239372696581,0.001444965237525242,9.864771214673773e-05
2012-06-22,-0.0008692174947881881,-0.0008163805565816196,-0.0004228567590887078,-0.0002908294860584082,-0.0012909005571153376,-0.001144503025572674,-0.001176347771599917,-0.0009818687147468141,-0.0008617266605219775
2012-06-25,0.0011594001269130683,0.0011187249150055312,0.001673967501370388,0.0015951014944757258,0.0008685433439810097,0.0007054207739054519,0.0010519566946121106,0.001042716477339889,0.00042208273729849033
2012-06-26,0.0024545442665757644,0.002374816145025216,0.0024697764300933844,0.002318359266448189,0.002771354257417924,0.002719169156735868,0.0027527204551045514,0.0026868402091182464,0.0018460780217783856
2012-06-27,0.002279716797523923,0.0022023814623906013,0.002281687255902165,0.0024215057928742567,0.003546116541290889,0.0031308430367298357,0.0036566348179545294,0.003353841278088465,0.000559731836218269
2012-06-28,-0.0006715704099005126,-0.0005645744092243055,-0.0007888847768046103,-0.0006572275183984733,-0.002087535437895527,-0.002081045943789328,-0.0019357064719603967,-0.0018953932463934287,-0.0010423656436591155
2012-06-29,0.0015500325301767148,0.0016787871988965808,0.0007730526008646876,0.0014775257136785402,0.0010948296213326714,0.00107650981431906,0.001456332946974559,0.0014168567769949902,0.0010055094736582948
2012-07-02,0.002855672681341348,0.002733253679811254,0.002577236267064187,0.00237357015266193,0.002594534245806468,0.002522079243837627,0.0023853035815666335,0.0022849229791650494,0.0031356973474820915
2012-07-03,0.003342944462491282,0.002989667467367285,0.002974518322734987,0.0029427760869635833,0.00286292835447588,0.002994456443107696,0.002817831268899562,0.0028061498089706483,0.0025613976807232763
2012-07-04,-0.001217308397607031,-0.0010843300569279846,-0.0012197489261241978,-0.001357946024749812,-0.0015894149000784674,-0.0016254126965588034,-0.0016740056087504174,-0.0016821037739579436,0.0010750691696843617
2012-07-05,0.0009891086526345738,0.0008437009281716534,0.00107242808080521,0.0010541993718735654,-8.096795397793954e-05,-6.11930596630117e-05,0.00010032937460580094,7.953259043258498e-05,0.0015335247718508693
2012-07-06,-0.0022234570550394572,-0.0021198184079228577,-0.0021005344254322322,-0.0021072421080304826,-0.003538330256652622,-0.0033580022054739977,-0.003370946425807153,-0.003198806955401201,0.00038580298921542244
2012-07-09,0.00014055872328810892,3.9454184749265764e-05,-0.0006777151578993834,-0.0005997428539119554,0.00013486877405144426,0.00012880856381092265,-0.0005121084045229818,-0.000695743011813077,-4.0831514446448836e-05
2012-07-10,-0.00039072251249283596,-0.00033219182555199733,-9.295079778792736e-05,-6.657373076757178e-05,-0.00036685032235628245,-0.00011512705449090443,-2.7130309980472056e-05,6.238803634173173e-05,-0.00032765771794651677
2012-07-11,0.001883608112707602,0.0017568393905549318,0.0014359018974807736,0.0013856442991049267,0.0007449169159263747,0.0008037350350118544,0.0004613706382843308,0.0005250896120867488,0.0007226745898443188
2012-07-12,-0.002319813945883431,-0.0022836808530776187,-0.0023559132567094743,-0.0023390888359609008,-0.0020245591938051755,-0.0016822896907175977,-0.002072228551646349,-0.0019141919828674636,-0.00020707937750497063
2012-07-13,0.0034925141961987816,0.00313886979343847,0.0030736630849226287,0.002694702245374936,0.003826460493790096,0.004023234908594908,0.0030642454951215203,0.003249405958253959,0.00015174397206041412
2012-07-16,0.002850609168805196,0.002683131849860798,0.002433791880813496,0.002358271520963573,0.0020709586280023284,0.001956486995906559,0.0014417526561887328,0.0014260988578445044,0.0008620859706651718
2012-07-17,-0.0030203804583907035,-0.0027750610162745604,-0.0028017773776610744,-0.0024559533115940946,-0.002037613429344498,-0.0017388877751302045,-0.0017066510116581224,-0.0013517691678189836,-0.0011803029600386816
2012-07-18,-0.0019360824359875295,-0.0017900823491976414,-0.0018455231415179796,-0.0017602750866790862,-0.0005708251291910438,-0.0006868724469525356,-0.0003523886318209657,-0.00045757913187849386,-0.0010983101123049899
2012-07-19,0.0005895884811177865,0.0007069000473742815,0.0012042854250291501,0.0014056620529170338,0.0007781871762180259,0.0007976007616441461,0.001511446317349785,0.0013193891427556448,-0.0009898283292850696
2012-07-20,-0.0016537567673662323,-0.0016634921236604594,-0.0016231790904048804,-0.0015875480056010138,-0.001063768199863424,-0.0010623655635791929,-0.00098114050427478,-0.0008432720769149249,0.0015394048227330703
2012-07-23,0.006787656271347586,0.006906789733938767,0.007090148957890063,0.007084268704363295,0.002551962230133542,0.0030025687052590566,0.002041970049518005,0.0028642918846057963,0.003079980006808869
2012-07-24,-0.008630572656846969,-0.008465768815027475,-0.004720709786066424,-0.004483683715379216,-0.008122155231208739,-0.007845808149044675,-0.007758405622185438,-0.007619154901915559,-0.004567533109719135
2012-07-25,-0.0016392223987632404,-0.0015814689742451593,-0.001621664304460313,-0.0017795618811816682,-0.0012524316373537792,-0.0010271708200217944,-0.0012992647094665077,-0.0011163737432562382,0.0002655336667265473
2012-07-26,0.0038908195444165017,0.003743992361928683,0.004052979791596689,0.0037000380888938533,0.0017463064115958993,0.0017709286191067708,0.0016009239624688032,0.002034089811380868,0.0002763363405686725
2012-07-27,-0.0026431711204816244,-0.002586997918606948,-0.0024675223076063846,-0.0021797501849061263,-0.00011409777374049579,-3.2487269742143e-06,-8.194908018976932e-05,-0.00011279192645574643,0.0011926642232116258
2012-07-30,-0.0035634313494018466,-0.0036134210860663263,-0.0036853483389366337,-0.0035636805644171377,-0.001889318063392209,-0.001794526257493989,-0.0019229694885091186,-0.001845427239091535,-0.0020511689419379087
2012-07-31,0.001280846049336315,0.0011993092386568538,0.0010514998062010061,0.0011290886912049825,0.000540133276110133,0.0004417679228347904,0.0004089724095945879,0.0004751592665943605,0.000207237603756516
2012-08-01,-0.006455277488578881,-0.006418804867358463,-0.006110084185153797,-0.006110698640242163,-0.00462165719401797,-0.0044580510925146255,-0.004345749832705859,-0.004130428556239685,-0.00285613512351357
2012-08-02,0.0009786304340051455,0.0008144970347683245,0.0009630141770811118,0.0008877282637442807,0.00040706690757374986,-6.046765473666227e-06,0.00036489527199767835,1.1526145120344111e-05,0.0013877478032375823
2012-08-03,0.0012449801541098982,0.001287050148836233,0.0013293322711760425,0.0013593606266737446,0.0015919882443895528,0.0016758752195653592,0.0017253548957301135,0.0016445319674676107,0.0013046992641874144
2012-08-06,-0.0007221426407348908,-0.0008231813334020899,-0.0008331606898406285,-0.0010775087914232095,-0.0006346916363157984,-0.0008294547184968248,-0.00041506499597387947,-0.000535571935693202,-0.001191970796309949
2012-08-07,-0.0019354149633939999,-0.0021186763613513238,-0.0020910790268370283,-0.002209788955748637,-0.0008539074960759452,-0.0009714925440761357,-0.001064632293000023,-0.0012017420056998906,-0.0011380881610155713
2012-08-08,0.0003945844989801106,0.00014120610067047679,0.0005549018257082761,0.0003720272034690719,0.00018718824889507601,-3.3281422169628705e-05,0.0003462696554703548,0.00014863367394601923,0.0007407733616295875
2012-08-09,9.58968729256604e-05,5.36553766132819e-05,0.00014248174097297728,9.567950201949671e-05,0.00035604755274287747,0.0007228017720508628,0.0005481417394410659,0.0005509452686160987,0.0008250051465943375
2012-08-10,-0.003377754141499767,-0.0033262582706098387,-0.003082197203075565,-0.0030943868917601147,-0.002582628513729923,-0.0024212322918327756,-0.0021236461767739634,-0.0020499748550706354,-0.00021214357999732592
2012-08-13,0.004150577851410819,0.0042394475611047255,0.004183622439557277,0.004198792427194897,0.0032159716324819954,0.0032382998086151193,0.0032095217440355484,0.0032535965056279537,0.003699778995333025
2012-08-14,0.0014956670015966456,0.0015726250244081363,0.001546835327103091,0.0015311908556716602,0.0007362120779486059,0.0007853809786442234,0.0002731699662581466,0.0004138929664818658,-0.0003032049851137142
2012-08-15,0.002694265172663579,0.003162318449763557,0.0020754319756060013,0.002263145401399491,0.0007370312133663237,0.001086055416614995,0.0008804611792396777,0.0012511974245010826,0.0012177208748727075
2012-08-16,-0.0034103172493692435,-0.0034431646032929697,-0.003438489454045901,-0.003278874637412943,-0.002115596107618689,-0.0022023411760048184,-0.0024058449033697027,-0.0022784897293520734,-0.0021521516174179967
2012-08-17,0.005587942651053446,0.0053657090451471046,0.005898755481163587,0.005608167958571553,0.00536302314243331,0.004868078345765747,0.005273502514921091,0.005020030114092799,0.0032301413399860035
2012-08-20,-0.0018957517424973425,-0.001804464988344412,-0.0015430817308544897,-0.0014119685631792667,-0.0012556951018131146,-0.0012564734137696654,-0.0010188495076088877,-0.0009445747180486519,-0.001004103507353582
2012-08-21,0.0023507044399184718,0.0024749386277127527,0.0024758192991423122,0.002766957388073088,0.0026469380906326556,0.0027501379704764073,0.0028624196259567913,0.0029762454756645518,0.0004352923534527431
2012-08-22,-0.00012798508362188432,-6.317881586825891e-05,-0.00020990073231075268,-0.0001590562160501685,5.0209225002761926e-05,9.2476685641385e-05,-8.82415936801495e-05,-3.479754655200118e-05,0.0003696600450073806
2012-08-23,-0.00210414862733721,-0.001836393525106339,-0.0019067377962754817,-0.0020432624471318217,-0.0016633102528780253,-0.001979906375438878,-0.0015553420136648066,-0.00171909031354045,-0.0010238858569172615
2012-08-24,0.0014748045103076812,0.0015202335891333352,0.0012629974982203418,0.001429838640940151,0.00025273883275178655,-1.0507650579860695e-05,0.0011620602263655577,0.0009937346589408147,5.874922670434657e-05
2012-08-27,0.001390503980694513,0.001345290344745953,0.0013213875332911407,0.0011753781388108564,0.0018241145336455045,0.0016671271029498058,0.0015979883465544464,0.0015364235111907654,0.00024398783737789032
2012-08-28,-0.001613552863538703,-0.0015706486277786702,-0.0017386153876342014,-0.0017389699874454934,-0.00021428016711311226,-0.0002467656248867911,-0.00010474023600426374,-0.00010545767640324222,0.0017562287190338033
2012-08-29,0.0018447099719536286,0.0019260662351991975,0.00201610325448609,0.0018919867005278146,0.001421457557397865,0.001346704609520355,0.0013096132726024834,0.0015093536574308786,-0.001256866096048137
2012-08-30,-0.003088249187790937,-0.002859574351273153,-0.0029898525032424628,-0.0027161436151708074,-0.0017465789676686105,-0.0015180819425889558,-0.0016248032412119473,-0.0015219347805545125,-0.0004991951407088413
2012-08-31,-0.0026648101327477747,-0.0025124024749333396,-0.00197368868508796,-0.0018016340912393458,-0.0026697781461596515,-0.0026209121618679943,-0.0023005810518484937,-0.0021386165717396377,0.00019782480428509608
2012-09-03,0.000827946450183914,0.0006923971663299611,0.0008024490797626793,0.0008194548223410258,0.001301726948657711,0.001120452625280377,0.0011420871898497609,0.0010814629320672342,-0.00021511120186346044
2012-09-04,0.0008517670298981983,0.0009317146359557604,0.0011025232288379705,0.0011189133521960493,0.00029167970097776497,0.0003397924394208385,0.0004722848398681645,0.0004895016214301329,0.00044742844083578426
2012-09-05,-0.0033346715235941238,-0.0032559614150425853,-0.0032962628237944713,-0.0031632614068479725,-0.004771210311232954,-0.004548598197875231,-0.004575308536755696,-0.004560192347131453,-0.003145439074016765
2012-09-06,0.0001834126171997852,0.00015881669562478606,0.0002822338641828015,0.0002928430111086566,0.0008005002156854513,0.0008267733352207429,0.0008363546276568545,0.0008902821605207833,-0.00015085314271423567
2012-09-07,-0.0007101222769039239,-0.0008447904595962896,-0.000977372423596412,-0.0011110569698303818,-0.0010044005837772652,-0.000571686886822631,-0.001032265415830791,-0.0009802931743272403,0.0004071153207680922
2012-09-10,-0.001594062928734541,-0.0013987659552274767,-0.00118012090218933,-0.0013143433475301114,-0.0030182465629214894,-0.003356499518039735,-0.003669128717434189,-0.0035171539233180837,-0.0016319897653338522
2012-09-11,-0.0031910846599472187,-0.00308679189331329,-0.003090439357901875,-0.0029602393125852666,-0.0023707757002460195,-0.0022731796940543836,-0.00190913476757959,-0.0018110632925251169,-0.001811824863093281
2012-09-12,-0.00010415759292436988,-0.00013253392932544017,0.00021188682075923282,0.00018080501217943024,-7.002515813236965e-05,0.00010065887716614874,2.567423379962186e-05,0.00016088914358114437,7.605029556367882e-05
2012-09-13,-0.0012593389984386638,-0.0013628802323601974,-0.001223132343072697,-0.0012454863705940733,-0.0005832388403155253,-0.0003311395940371886,-0.00018604336285987788,0.00021084525372061513,0.00276278704700772
2012-09-14,0.0007312743915224296,0.0007627190865724387,0.00032010513037206145,0.0003365398477563897,-0.0014488739578297771,-0.0014644063283056896,-0.0013113430826249273,-0.001632469223412203,-0.0003058671386937384
2012-09-17,0.0014880582712477608,0.0015133222407781588,0.0016812901919189827,0.0016655603381490192,0.0013245367492722426,0.0013667393668170824,0.0010769480676438015,0.0014883504252596325,0.00046302141789489326
2012-09-18,0.0020123415095352204,0.0019692132930850814,0.0021895714055193416,0.0021378816666053346,0.0018685409346435033,0.0017341394560663748,0.0018878057324152042,0.0018800492524277956,0.0017488615018381726
2012-09-19,0.0030158046099793,0.0027601892881530254,0.0028783086154353654,0.0024911896919250776,0.0005184577450565442,0.00013836891536223028,0.0002606200506962697,0.00010723716388327809,0.0010484331462299323
2012-09-20,0.0019275855741074377,0.0018386638863758797,0.002174548555846645,0.002094486086636538,0.002668555077307122,0.0028770003890588036,0.0029696444353182194,0.0030074534088433413,0.002768527815227184
2012-09-21,-0.0012566294135567535,-0.0010989116276879374,-0.0006864277217336623,-0.0007280881604071476,-0.0005206044949409572,-0.0004191356397751367,-0.0003390819565798342,-0.00037323150118728776,-0.0007641893032050984
2012-09-24,-0.0002111835627871539,-0.000184487461525773,0.0004972116468289212,0.0005718520123878523,0.0006788605498349032,0.000733152426583894,0.0003393328552523389,0.0003595916173819713,0.0003910829885929168
2012-09-25,0.007009708120629066,0.006605546936118367,0.006544536930543243,0.0066205376154964135,0.0056762470765343576,0.005745252404769197,0.00550368647100985,0.005610053686158967,0.0021541037507986083
2012-09-26,0.004035234544646382,0.004079848670309527,0.004075589319111339,0.004295784395708768,0.0033769079951637693,0.003221922442796288,0.003268945518807076,0.0032314178783316994,0.0021547847858203184
2012-09-27,0.004798698122312706,0.004817874504813746,0.004042192872852235,0.004000167244526898,0.00491177209789373,0.005188098307684408,0.0045474152604823015,0.005232788241594122,0.0025516060607573277
2012-09-28,-0.0014885313796572097,-0.001561663704662597,-0.0015188019254984697,-0.0017875421251100088,-0.0013443699901172224,-0.0013327553563637906,-0.0014913487971085493,-0.0015746604756518012,-0.0002384514227582457
2012-10-01,-0.00040062510789895533,-0.00044182452571761566,0.00010879702806243507,6.320174587481908e-05,-0.001507929581735179,-0.0015926901745154654,-0.0014125365394586087,-0.0014607600324993975,0.00041322975059210343
2012-10-02,-0.0008967519640439292,-0.000776244504211987,-0.0009162075771063094,-0.0007830183569276228,0.0004744837252383949,0.0004023666564703099,0.00037735334773891793,0.0004992216936186011,0.001261405797148063
2012-10-03,-0.004061773623244558,-0.003994986314740823,-0.004166989881073446,-0.0038600111638702472,-0.0029864462557291915,-0.0027747413915072405,-0.002943925893037158,-0.0028688741134912377,-0.002008744582623012
2012-10-04,-0.0004919250115846818,-0.00048491664773386844,-0.0004131492739540832,-0.0003830703907864441,-0.001125126836394541,-0.0008714369482392126,-0.001092738075476607,-0.0010561974644296424,-0.0011392767715544538
2012-10-05,-0.0054240445904850665,-0.004984801190868304,-0.005390770585836813,-0.0049678998570030775,-0.0029459657787107574,-0.002949528911693866,-0.0031860092473982027,-0.002963261689343022,-0.001807705096765977
2012-10-08,0.0006738728340907052,0.0005578101006420422,0.000677074961714208,0.0006137286409488851,0.001496738627152716,0.001441750543917486,0.0014335531457321249,0.0012014453856010743,0.0013498118708707985
2012-10-09,-0.00028760886194179047,-0.00028398061714385303,-0.0001256062396068902,-0.00014507190960399985,-0.0010363760765210728,-0.0008526115632913056,-0.0008610373629394097,-0.0006174698627100517,-0.00028445019240386227
2012-10-10,-0.001353641108836623,-0.0012919350244919858,-0.001296006458042842,-0.0012633022714376718,-0.001817649433784263,-0.001658904611189116,-0.0016511264597025566,-0.0017944348031873059,-0.0006441587261208914
2012-10-11,-0.00013432369774546427,-0.00011080356631387733,-0.00010375967950049247,-7.637929479586969e-05,-0.0011434206823733861,-0.0010267332663833617,-0.0009616747713246943,-0.0009216125501357864,-0.0002248294478515156
2012-10-12,0.0008908829237954663,0.000895670561352313,0.0009105737113377366,0.0009224843164252761,0.00021200903257745374,1.2864636831366738e-06,6.97655644601447e-05,-0.0003732662615142379,0.0003682761058418915
2012-10-15,0.0010383929410990866,0.0011191956201674902,0.0012175400039426965,0.001288353042082635,0.0010982923966784686,0.0012555792717539038,0.0010787453306095873,0.0011107964943488646,-0.0006047992499562671
2012-10-16,-0.0015222704306667723,-0.0015031276751465983,-0.001537543568686739,-0.0013526929785560027,-0.0005729028192825725,-0.000678166577817163,-0.0006837940226452899,-0.001116549409954537,-0.0014056387945453608
2012-10-17,0.0021699840527211745,0.0022222428582816534,0.002016218711631046,0.001964842145621759,0.0019222484772656312,0.0019726562159627647,0.002032895732236195,0.0020204011039235414,0.0010312740287334865
2012-10-18,0.003515385247485403,0.003504280892738798,0.002866249246335162,0.0035173927438389985,0.0011709063578115853,0.0011848346102676377,0.0020095680499199187,0.0019584533244501046,0.0017157675771406478
2012-10-19,0.0022146061747960744,0.0020547886040629404,0.002565419988204143,0.001943095213787993,0.003398700175332392,0.005096230829853887,0.002970498513813258,0.0027540994172572386,0.002611928878678338
2012-10-22,0.003191531818515836,0.0031084574675168675,0.002354158002013662,0.0022221012740613055,0.0025471400895265006,0.0024265312570017628,0.0022276134526570956,0.002080912428983339,0.0018072994663460573
2012-10-23,-0.0006529805995993954,-0.0006021907792655989,0.00028986008277964714,0.0007771119717294717,-0.0006972748277311869,-0.0005607943393128867,-0.000307117996721451,-0.0006100242016867652,-0.0009119879603194381
2012-10-24,0.002273239886354972,0.0021481562226521866,0.001997362444668749,0.0019621339141164817,0.0012337760015290744,0.0010849524017610968,0.0014239023935418427,0.001105245517983633,0.0013178277834606789
2012-10-25,0.0017819031596080226,0.001863850958558233,0.001974794982438688,0.0020891225983024064,0.001778490297452917,0.0017336151009870182,0.0016676840210587685,0.0017088165253176246,0.0010941780025932601
2012-10-26,-0.0008770391317278747,-0.00046012467008527125,-0.0005455728028360696,-0.0004171921050902805,0.0005120066643569121,0.0008746284572158647,0.000759208873137629,0.0009777344092152251,0.004062545333097134
2012-10-29,-0.0017647824554222202,-0.0017552031265275492,-0.001705363735119314,-0.0016831338065216306,-0.001401610996496605,-0.0015289450189216458,-0.0013918825174064064,-0.0014953152905456957,-0.0018728897096200736
2012-10-30,0.0015359630155939996,0.0015571076689058216,0.001486403334120423,0.0014357274526670682,0.0020306909403138285,0.0019241999411085953,0.0020327370005479573,0.002007479150641922,0.00083456156036954
2012-10-31,-0.002042637757813104,-0.0018728510613394977,-0.002057552317617284,-0.0018617339186411952,-0.001722022150211111,-0.001512503785642938,-0.0016562151388069823,-0.0014631537067891776,0.00019554979383107352
2012-11-01,-0.006412855053541389,-0.006225815616961672,-0.006408892500697205,-0.006162548659675027,-0.005970423674140246,-0.005744646296512168,-0.0049834070113310425,-0.004658510029504681,-0.0016901746100951298
2012-11-02,0.003619089084296867,0.00361591454907062,0.00338836001459919,0.0033639256707715948,0.003300522554496421,0.003135466362881756,0.0030939808093517485,0.0030716228736757945,0.0015718944907259225
2012-11-05,-0.0026916163398382764,-0.0028755543459156874,-0.0023417015535215358,-0.0021473474637109247,-0.0026908412699712114,-0.0027194945272142057,-0.002595057986509275,-0.0024939795678607934,-0.001957058739901707
2012-11-06,0.0011215708500800226,0.0010396718372442937,0.0011848271222643092,0.001153220550999201,-3.498603341189899e-05,0.0011229889258470571,0.0003020739633605718,0.00045488205316557284,0.00032397325729194293
2012-11-07,4.8832025851597294e-05,1.5340530484797554e-05,0.00026145611730066243,0.0002463109454151624,-0.00010223915599971711,0.0001721879966216644,-0.0003408535505966537,-0.00013534353420019407,0.0024150277302663614
2012-11-08,-0.003160017506460333,-0.003482488504814363,-0.0032208566302508457,-0.0031278832781660437,-0.003461518119238227,-0.0035604250978901186,-0.003168664336554272,-0.003116831235718598,-0.0014347722752617864
2012-11-09,-0.0018600235724182124,-0.0021981659148564425,-0.00233573003541121,-0.002327229976840206,-0.0014736395198281516,-0.0011908049550578559,-0.001969184129976931,-0.0016422038144567885,-0.001781457639974282
2012-11-12,0.000825755153855301,0.0007678032285485248,0.0007515323035376387,0.0007344580102783826,-0.00035443098692700126,-0.00026922702324161385,-0.0003325431274486812,-0.00024286783654414723,-0.0005594025207640296
2012-11-13,0.0011981872711519514,0.0012009414826390508,0.0008264061901217534,0.0005426835409929609,-8.312157900469686e-05,-0.00038488548666204547,0.00025994604643631014,0.00013085687994052186,-0.001038818436192246
2012-11-14,0.00014033087311959846,4.9783982983608865e-05,-5.971463736176297e-05,-0.00016683231319258862,-0.0006978445396342847,-0.000686120926643663,-0.000122223859845505,-0.0002265430907998356,-0.00040740571701947115
2012-11-15,-0.0013560985621136057,-0.0014538138915212162,-0.0017110846131186408,-0.0016687454703654403,-0.0005765306221950928,-0.0005653602661988,-0.0015553804988811537,-0.0014457694575683577,-0.001416589092670506
2012-11-16,-0.00018560823126956283,-0.00030598256479774655,-0.00021989789698650952,-0.0005835468552829459,-0.002219072932149624,-0.002094931134963063,-0.0014009944193361656,-0.0012212160245088644,0.0005584338439590386
2012-11-19,0.002418522094329578,0.002428529830346138,0.0023405363562929438,0.00243322242846844,0.0013119284810301224,0.0013220087309870898,0.0013798834782643432,0.0013219237696433517,0.0006183430854560523
2012-11-20,-0.0006989754996232778,-0.0006062012452906496,-0.0007794438825667882,-0.0005722451378084026,-0.000767955072662696,-0.0007833062419707604,-0.0009749351668784101,-0.0008971522540147658,-0.0009239633947806247
2012-11-21,-0.0021273760338661463,-0.0020828655948064156,-0.0020862311013536416,-0.0020451891695665303,-0.0016124299894227923,-0.0013523790417171444,-0.0015884927944526117,-0.0014635868129073693,0.0010788038679445666
2012-11-22,0.0015223330664606571,0.0016777166109420705,0.0019525573961298726,0.0018125555787820158,0.002339990828526206,0.00214679275776275,0.002223594665352824,0.002193382100307506,0.0029368932063660314
2012-11-23,0.00035502180778057557,0.000376701068735219,0.00041846372295006873,0.0004259786102902563,0.00010095860957415326,-5.955061205153989e-06,0.00017010217239588066,-2.699584556564716e-05,0.001029147914488604
2012-11-26,0.0033731608196196916,0.0032939038508417173,0.003524172622680677,0.0034625421310774396,0.002569797739489843,0.0021186181083570066,0.0025619518001080976,0.002371820589172735,0.004117466003103587
2012-11-27,-0.00044026804177077494,-0.0005009486896031534,-0.00041120490712132085,-0.0005428259040304306,-0.0005861131285923582,-0.0006630372162292897,-0.000517399531944962,-0.00043774050640721374,-0.0005225748008946818
2012-11-28,0.0014384414102923682,0.0014682035651685243,0.0015752649030420507,0.001602849461653122,0.0009150275787064288,0.0009565128441961779,0.0013992391248160985,0.0013878666815601015,0.0006848742831540022
2012-11-29,0.00018864109784533234,0.000347628831919522,0.00042651815264815873,0.0005442705069302889,0.00022737361859515026,0.0007789380812104341,0.00048624495623061925,0.0011973272659655532,-0.0006991673067373583
2012-11-30,-0.0059059394550655675,-0.005902309610306911,-0.006025201190158036,-0.006102957450250357,-0.006408952417141345,-0.006326098239488154,-0.006211197163261795,-0.006229756780472773,-0.0070785977502421105
2012-12-03,0.0011140991188423044,0.001129375434148372,0.0010647022461869327,0.0010867599051385124,0.0004584553908819622,0.00012151497235524111,0.00023888699707330652,0.00036889486379876324,-3.012464558715955e-05
2012-12-04,0.002230022298377765,0.0021169556672431256,0.0020665686130256766,0.0019619629016729423,0.002000068583291048,0.0018642508351576215,0.0018997216870211275,0.001962211275748471,0.0010070378239610545
2012-12-05,0.002763248080646319,0.002703154956610554,0.0026129061203696846,0.0025218342485839873,0.002790876882354132,0.0028876625015474833,0.002699208863516711,0.00287093660648452,0.0015960291130587834
2012-12-06,-0.0038643113192894374,-0.0038338543626641464,-0.0036865449290964802,-0.0036201099874263454,-0.0033041006285292607,-0.0032192525002179284,-0.0030513631248121342,-0.0029940253434608266,-0.001317819086282479
2012-12-07,-0.0023264720283834306,-0.0023043482724014464,-0.0025918551499027886,-0.0024663437342701267,-0.0017808771738224705,-0.001699373417088812,-0.0020618997124713934,-0.0018979398042902051,-0.002196987150361873
2012-12-10,-0.004228917216658967,-0.004323588881346874,-0.004214291444419982,-0.0043090162982319935,-0.0035622221838566004,-0.0034944619160899304,-0.0033531504079482577,-0.0033745735670668298,-0.0018786790701055267
2012-12-11,-0.0014901366498698554,-0.0012308015616095958,-0.0011070383266384987,-0.0010528838139390873,-0.0003443940904790388,-0.00027507179853525354,-0.0004855005790674882,-0.00028927917738652553,-0.0017444992990943708
2012-12-12,6.386745906628022e-05,-0.000169590865182645,0.0003721107781018418,0.0001939641612527243,-0.0008554656771199154,-0.0011470631027721279,-0.0005088709664221591,-0.0007243161409032917,-0.001932251913461247
2012-12-13,-0.0026851636295565084,-0.002906020699997458,-0.002460213102025599,-0.0026250277349337825,-0.0008712862849657999,-0.001052614945003083,-0.0005812737317917316,-0.0007564878756770588,-0.00269285405872588
2012-12-14,-0.006284936854170864,-0.006479772489951574,-0.006292773154359388,-0.006464601509465373,-0.004898902084213397,-0.005076134325106452,-0.004739847012253606,-0.004774017890662119,-0.0038043999393088113
2012-12-17,0.0007423474645011918,0.0005079647492911565,0.0005366052544641953,0.0005724722601085919,-0.00017573461021003212,-0.0006093355860069538,-0.0002483954553170742,-0.0005281256341849172,-0.00250328921740528
2012-12-18,0.0009941053228268437,0.0007421418238822142,0.000774139864180512,0.0007095169747950436,5.083301720087974e-05,-0.00022678210270166144,-0.00012422988691163095,-0.0003814113734927904,-0.0029422963471684715
2012-12-19,0.0008793690320951786,0.0008655403681860907,0.000942587012627838,0.0007816079538831566,0.0008629630521388432,0.0006455055337752924,0.0008420694262727402,0.0006004015930125561,-0.001288338270110878
2012-12-20,0.007182538249047576,0.007333147414144703,0.007176938399342081,0.0073998498168874605,0.006833569807130013,0.006877814749506994,0.005395037399043678,0.00547822951043897,0.002781083382688898
2012-12-21,0.0017598845056014945,0.001859260313122002,0.0016820907199663893,0.0018077535534086753,0.002491712107838273,0.002462503310985298,0.0016832195960148066,0.0017595834512911246,0.0015303171822751427
2012-12-24,-0.0018564985409981194,-0.0017755648001699376,-0.0018489802029667546,-0.001755401474085927,-0.0012932106552628886,-0.0011971565273536378,-0.0018797359975413208,-0.0018007936873010166,-0.0008075433681745681
2012-12-25,-1.597515866036403e-05,-3.745756382489418e-05,-3.900538698264899e-05,-7.076913272652252e-05,8.065247872690584e-05,4.9815559102661666e-05,6.309088448919198e-05,3.575175770142991e-05,0.00038470789869560207
2012-12-26,-0.0014757093057675696,-0.0015803624678681905,-0.0016315197818940197,-0.0017171937442532759,-0.0009823545073264217,-0.0010590564858040663,-0.0012523364400992554,-0.0013711048405217197,-0.0005089419549612062
2012-12-27,4.966880574053256e-05,-2.774846595454683e-05,0.0005803146484701927,0.00045454573851566593,-0.0007523665917819056,-0.0007347714430264718,0.00021185956238389814,0.0001228862426663202,0.001117014839048469
2012-12-28,0.00335725809759424,0.003393817570323643,0.003252945224774928,0.0033209087706882467,0.0017425586123305248,0.0017095483755051877,0.0015929245456502983,0.0017050113374801334,0.003261961638945765
2012-12-31,-0.0054592858212333395,-0.0054274580386910465,-0.004641016592787484,-0.005033429782006604,-0.00421890043489892,-0.004110442226510913,-0.004089936483020806,-0.0038981598384509875,-0.002927866244572086
2013-01-02,-0.0027411476764671594,-0.0026563152259118095,-0.002479924860064542,-0.0024592177601123755,-0.0025125149427625004,-0.0024605391187151326,-0.002319526942964223,-0.002260816809220745,-0.0012337065116347912
2013-01-03,-0.0024636749972632987,-0.002415333611969661,-0.002560848561549811,-0.0024691490914037217,-0.002202370307427537,-0.002019343425112452,-0.0020486493381427495,-0.002008973138737158,-0.00020203339714164326
2013-01-04,-0.004105392678337538,-0.003978745870301337,-0.004337697095282866,-0.004155431946656352,-0.0035032271106331114,-0.0032096956921451314,-0.003293451475352094,-0.0034339285451923107,-0.00010451054050708564
2013-01-07,0.002766554561904666,0.002841156955908808,0.0028138529904513376,0.002786723721504236,0.003150537925042496,0.003019888646622171,0.003081426488729555,0.003028692989536008,0.0025540208274863474
2013-01-08,0.00014949649479190086,0.00020605027173425938,0.0003660570543704278,0.0003787810761821664,-0.001104504254030192,-0.0010781628647668073,-0.0008364465342219907,-0.0006976627419141845,-0.0003392262743263652
2013-01-09,0.0009733026764247033,0.0010040462065690203,0.0013153443464428705,0.001361818686417049,-0.00029770601167133925,-0.00020997357260188476,-9.535931946280662e-05,-0.00017073062565609032,6.884183091449003e-05
2013-01-10,-0.0003630742093064798,-0.0003050919859239887,-0.00024195992170628067,-0.0005516966484079289,-0.0014396168458640224,-0.0013609897511636104,-0.0017554149787575302,-0.001646770314066015,-0.00042695801663683586
2013-01-11,0.0012707084564393956,0.0009229595637558763,0.001142185155074138,0.0009512002746463466,9.849155791563646e-05,0.00015828759063341025,0.000177248341088454,0.00014120971649633773,-0.0004800222416505573
2013-01-14,-0.0016488359855383328,-0.0018955371407838317,-0.0012631788892462081,-0.001810734958263449,-0.0007521165097349458,-0.0005587700162441589,-0.0008087844273575451,-0.000811999734656732,-0.002398863060678269
2013-01-15,0.0031815885295554125,0.003140543198410617,0.0028208039514390215,0.002883992852267925,0.0022785878828148753,0.0022614252290200643,0.0021904355177169155,0.0021724611030309315,0.001293881615989978
2013-01-16,-0.006325960658140284,-0.006092902932881561,-0.006253408742879385,-0.006016408548200958,-0.005481840976003127,-0.005410896455247727,-0.005000453188759191,-0.005002969345009323,-0.0008417721762893349
2013-01-17,-0.0021455334604545406,-0.002088285050010019,-0.0024113248555934774,-0.0018778811247622818,-0.0011421080458182686,-0.0010811255528377917,-0.0013678759470725499,-0.0013582773927544034,-0.0023323122843105226
2013-01-18,0.002287414981126057,0.0023961664581870767,0.002748535606220237,0.0027172067624536833,0.002762891200827511,0.0028997225775799773,0.0030938323583271643,0.0029490018283115926,0.002554323073311826
2013-01-21,-0.002636450225706022,-0.0027923930260826957,-0.002508934613971503,-0.0027290942785909156,-0.0015785270320441969,-0.0016962693900237635,-0.0015131478413538124,-0.0014810350866197863,-0.0007605845898689401
2013-01-22,0.0029875908146532737,0.0027803861713746603,0.0027010932066804383,0.0023891595767535634,0.0030841156152117133,0.002916606130582533,0.0024228879698058314,0.00214272321940423,0.002679339692861493
2013-01-23,0.0024373155891512788,0.002178643504554323,0.002293018485702625,0.0019894557471000773,0.0020718015964451553,0.0018136610877010906,0.0014984363168044634,0.00137090859207456,0.0003194960032470995
2013-01-24,-0.0032496437385997057,-0.0030010237547021257,-0.0029033307243174766,-0.0025786514335661703,-0.002403855512314812,-0.002109004642989354,-0.0021008378245549464,-0.0019974022445748973,-0.003235032129915383
2013-01-25,-0.0007979445729554557,-0.0008181777522410227,5.3396098982361195e-06,6.799895787534815e-05,-0.0018328557502639287,-0.0016719568212637537,-0.0010899044803390767,-0.001119150318332096,-3.107945315539151e-05
2013-01-28,-0.0024508823007184377,-0.002066600904275906,-0.0019088452809691292,-0.0018323554440797807,-0.003003778520637823,-0.0028974775715076007,-0.0028351268706795496,-0.002472153172590308,-0.0021926217159473627
2013-01-29,-0.007056409461968283,-0.006830056346727176,-0.006715611910075303,-0.006635494388712693,-0.00605450998890622,-0.005860601563993595,-0.005376577056923626,-0.0050498342021959575,-0.004445988398155576
2013-01-30,-0.00042882884637507335,-0.0004530496927482863,0.00010410787144743416,4.248111429050461e-05,0.0005156453900612146,6.712246357443163e-05,0.0005003085114423378,0.00046888751277607277,0.000768976212609962
2013-01-31,0.003139271242568631,0.004100331825515502,0.004014924699895506,0.003969846989451797,0.0036316937934790516,0.003517828475074758,0.003581628821594407,0.003869537704033421,0.00261939268533129
2013-02-01,0.001139241837157634,0.0011462647207325372,0.0010811884898982438,0.0010743550156750992,0.0022610824199658097,0.002229897288497762,0.0021484688226496296,0.002272473555134713,0.0014219500510315175
2013-02-04,0.00016759347137229597,0.0001030778037263147,0.0005421543367825077,0.0005000501023237902,0.0013080854329117209,0.0012835002189417466,0.0012405891941962288,0.0012588258354622184,0.0002139480032703478
2013-02-05,-0.0017678993414601551,-0.001960950782788462,-0.001790947090043904,-0.0020767914562870304,-0.0012111281537916518,-0.0020659566982381694,-0.0010185304196244083,-0.0010099047112884785,-0.0044449846100169665
2013-02-06,0.0015734557209254874,0.00154209894021351,0.0017730874645143224,0.0014977411075494107,0.001130365660606314,0.0008532164912686824,0.0010853735555269584,0.0008842953293974887,-0.000806927124762602
2013-02-07,-0.0020388080142684784,-0.00209632856467179,-0.00205823093019597,-0.001975186174173804,-0.00256451622044529,-0.0025004169158515666,-0.0023721130025732284,-0.0022806451953018003,-3.356308183632972e-05
2013-02-08,-0.0009464775008096726,-0.0009193828285675165,-0.0011682906168822838,-0.0011442654312396883,-0.0012379582478183604,-0.001199342949411042,-0.0012493316236075191,-0.0012622287452476177,-0.0007453527160404816
2013-02-11,0.000757435561066444,0.0007455329391401477,0.0006839504053539613,0.0007321227550143306,0.0006720540250420015,0.000651564702856211,0.001033694668963303,0.00115960144791738,0.0016987580651808276
2013-02-12,0.002551495784705926,0.00259926861439963,0.003489742900697701,0.0033584891509514936,0.0017133266478939202,0.001656609554200994,0.0019123189846934618,0.0018275974052974764,0.0025987064641175284
2013-02-13,0.0004534066075732035,0.0005603403420511022,0.0005745445064468946,0.0005912721484642169,-3.505507388057438e-05,0.0001418926760614614,0.000157168749749248,0.00014993439007238152,0.00022142589585016914
2013-02-14,-0.00017031468567563213,-0.00025142977268488576,0.0009307608765922737,0.0007706927816375497,-0.0001757545219077672,-0.0004417981643305424,9.599217587830111e-05,-8.991893769638715e-05,-0.0008333549236360094
2013-02-15,0.0021866640356156264,0.0020207019406659477,0.002061074773824778,0.0021438432584750533,0.000132502620549646,0.00034349138286149383,0.00025695782287149527,0.0006162117768566677,-0.0004468692936737684
2013-02-18,-0.0016221256289497,-0.0015187492424203475,-0.0024946195132224958,-0.0024452631083745624,-0.00214336671378057,-0.0019156449035572232,-0.0021721654169676308,-0.001990233100550798,-0.0014112682876232796
2013-02-19,-0.000817482322434171,-0.0008959031121741345,-0.00033883691147318373,-0.00041155490996569455,-0.0008148899659331521,-0.0008091195768789028,-0.0005576880505492321,-0.0005566726006731582,-0.0015979097086382676
2013-02-20,0.002340694250091424,0.0024075091624871092,0.0029108184561290606,0.0027974666586214614,0.0025614693597151295,0.0026715619736943363,0.0026690588724633812,0.0026626954160759997,0.001487637757988436
2013-02-21,-0.00154719659969893,-0.0016401396805828528,-0.0013754231250435733,-0.001507947407822785,-0.0029414683565636146,-0.0032283634679250994,-0.0024575214357115405,-0.002678018344129174,-0.0017388034921622664
2013-02-22,-0.009395657495367082,-0.009478486538222475,-0.012116157778145453,-0.012931843371042917,-0.009714555588558271,-0.00965903745941632,-0.009443325168859817,-0.00940577498748918,-0.009015516177330318
2013-02-25,-0.0005548299123323552,-0.0004803158566708543,0.0006681547176341507,0.0006512888008949336,-0.0008693734122854346,-0.0008611555504826063,-0.0007812958261517178,-0.0007353218922382387,-0.001802039190646365
2013-02-26,-0.0014778547866463043,-0.0013407315278834986,-0.0014721766565978234,-0.0014321026696964,-0.0021027530164745567,-0.0018905188764026803,-0.0017759612642032074,-0.0015594313185172126,0.0016687938948274361
2013-02-27,0.001091530435025856,0.0010882066734712037,0.001087586215607006,0.0011543024635425336,0.0005076466575875127,0.0006572039217727088,0.00035719804345535344,0.000752415771662962,0.0014333237560206769
2013-02-28,0.0030568149409662126,0.003112527267280285,0.003718523298993359,0.003278223503853317,0.0019424130634995151,0.00179093229251448,0.0017941722694345685,0.0016374288018470295,0.0022346098704546513
2013-03-01,0.0004876095421817439,0.0005273224390316411,0.0006621263732236038,-1.8755387624858066e-05,0.00015235273794367288,0.00026393455793316534,0.0002365704250848477,0.0003041089334514524,6.390285602742019e-05
2013-03-04,-0.0035062390523054043,-0.0033572659422017592,-0.00515293371439407,-0.003128961511591921,-0.0042028086834072775,-0.0038258903804417876,-0.004035622855413812,-0.0036163811191494144,-0.00368135367305078
2013-03-05,-0.0013989789084174475,-0.0011856037125070884,-0.0020607079936587613,-0.0015738522901294072,-0.0010839488921532414,-0.0008241226675539393,-0.0008743598617214632,-0.0006901070662846953,0.0007600638875360222
2013-03-06,-0.0023343759796659036,-0.002262839635583269,-0.0026855738656920147,-0.0021417022691365695,-0.003349706247306905,-0.0032059524331431444,-0.0032825719524157693,-0.0029077715916030478,-0.005335377462131419
2013-03-07,-0.0011244918746176058,-0.0010484909816504961,-0.0010157297598850645,-0.0010009108993076499,-0.0006410250511765803,-0.00048825218051595787,-0.000523230970080113,-0.0005253683554583555,-0.0009057207442522142
2013-03-08,0.0002853542641221285,0.00020439498804858403,0.0004184829959357206,0.0004141800129084938,0.0006719598242843627,0.0008692371351162187,0.0007790618395770998,0.0007675746687962892,0.0012093637405707902
2013-03-11,0.000707778878466625,0.0006455121879218595,0.0007087079115464245,0.0006566830733258922,0.0017333891011208635,0.0021110443815057778,0.0016331909064326577,0.0017291098260132642,6.506579612519658e-05
2013-03-12,-0.0015180514775274823,-0.0014185992837344452,-0.0013215394750126785,-0.0012758853591142705,-0.0011688214348314352,-0.0011007955948227899,-0.0009914298444908543,-0.0009450322882705864,-0.0010208675921065113
2013-03-13,0.0027041191884269455,0.0026603160469345077,0.002467116908046574,0.0025413477641280657,0.002142510185125346,0.001565496384738685,0.0016633190643653428,0.0014968643842869778,0.0007546598067500465
2013-03-14,0.0007243321076910725,0.0005928778811994384,0.0006067344560312105,0.0006885486870380486,0.00029702511975160384,0.00036267404447554163,4.5856626619489305e-05,0.00010278894136694916,0.00071735199430778
2013-03-15,-0.0012054445874591924,-0.00121386842892246,-0.001403409266537925,-0.001360381815562306,-0.0009390376512258269,-0.0010964579166928834,-0.0009753314507350286,-0.0007613220425241041,-0.003773556946766732
2013-03-18,-0.0004556118132917897,-0.00044679434482020053,-0.0005144473685217976,-0.0005346730682703749,0.00044578926716232203,-3.17579493264164e-05,9.486920169532453e-05,6.952014467276335e-05,0.0018182407897755493
2013-03-19,0.0020762367459481457,0.002013370261678915,0.0022384558126371523,0.002162510750963964,0.001350544139489429,0.0015114018486592773,0.001741652960742579,0.0017191168075594288,0.0014608347992344228
2013-03-20,-0.0021064532372808698,-0.0021042190759902324,-0.0022222554970992014,-0.0021990613482246735,-0.002842143192307911,-0.003290956413419588,-0.0034278128527770457,-0.003264393885410777,-0.0030337885404345677
2013-03-21,-0.0023776650997243687,-0.0023816549798791886,-0.002384659268835132,-0.0023936370643495852,-0.0021475349357009677,-0.0025263467054811306,-0.0023114083155297838,-0.0024318858808615174,-0.0018805500141765297
2013-03-22,-0.00040246443072722293,-7.038666945391459e-05,-0.00025114996963582215,-0.00040025501144724807,-0.00042183752331026447,-0.00023460003216302372,-0.0002784551133095947,0.00015362531869578255,0.0030224653599757456
2013-03-25,0.0016997659879895988,0.0016599604121076972,0.0016733075814379106,0.0015585775057158635,0.0007399959097440512,0.001122088927993925,0.0010214309992389037,0.0010044374961413194,0.0011222770021537265
2013-03-26,0.0005326531257585643,0.000618620140703241,0.0005872001155469153,0.0006841411639244566,-0.00014331719659188558,-0.00011793092716416709,1.0974378928718664e-05,0.00018745740799008814,-0.0012129937738798446
2013-03-27,-0.0007332622167829372,-0.0007804296126029397,-0.0008338615125917936,-0.0008203695145226897,-0.0002865681796746511,-0.0007165557076806994,-0.000555111291874355,-0.0006342939328758401,0.0007105896208254858
2013-03-28,-0.0007315717874218919,-0.0007095682520813495,-0.00017279587226304294,-0.00011600897569363777,0.00041465622939851343,-0.0006534411836411902,-0.0009451217813146728,-0.0009172890543193146,-0.0020196241747425514
2013-03-29,-0.0006751814931796885,-0.0007108517831999617,-0.0006800730589594517,-0.0007260932109771634,-0.00046945551745380953,-0.0006282557249719378,-0.0002220197422921899,-0.00017997048952822503,-0.0004122210217917255
2013-04-01,0.00123096103595155,0.0012970386339090645,0.0010437725175149737,0.0010608743320310587,0.0009519370319663878,0.0009843099909596642,0.0016486147557570607,0.001473926129056391,0.001099134520761158
2013-04-02,0.002116893480079707,0.0019436182318515183,0.001893453257382438,0.0019383440858522505,0.001782406577002904,0.0024509442446309926,0.0019712109438771996,0.0021396156298825186,0.001440560355848497
2013-04-03,0.002550305862174973,0.002661801892525073,0.0026351844807397384,0.0026688571884545542,0.00248845917390339,0.0016443070680087768,0.0016725276225253438,0.0016118792235186863,0.003183147455055435
2013-04-04,-0.0013486948477942073,-0.0013823045242072896,-0.0011489797737713747,-0.0012420658430635223,-0.0009496428702442383,-0.00016152104949385127,-4.840306497777558e-05,-6.026941320047552e-05,-0.00019564639544544793
2013-04-05,0.001728134111534274,0.0017615821976673107,0.0017561411055531106,0.0017870802880921577,0.001536021638461893,0.003375960443344761,0.0033617920598911777,0.0033253413684160016,-0.0008914894012421737
2013-04-08,0.00020628988279036697,0.00021012725215685535,0.00012473622565645215,0.00018719166240588336,0.0009529826568872579,-9.673298186441137e-05,-0.0003409589434721916,-5.956257376671381e-05,0.0005867237796568503
2013-04-09,0.0030667168252891397,0.0030658960422920156,0.0031021629071021906,0.0031935151993220945,0.003074240490735791,0.0032627682493819865,0.003382675711805172,0.003287750723338645,0.0010178912326621603
2013-04-10,-0.001188045392649495,-0.0011395400416536194,-0.0012192496964927857,-0.001121380916312864,0.0011276304838265805,0.0009193731644061565,0.0007328963326387328,0.0007783477833185337,0.0024378868792735986
2013-04-11,-0.001276865609251665,-0.0013057408742319643,-0.0012008531073905981,-0.0011466352186033646,0.00023015652113489438,-0.0004821259794813848,-0.0002315948817167568,-0.00039781451567066917,-0.0010534140060584063
2013-04-12,-0.0016253172527063153,-0.001678865144609798,-0.0016736011082524316,-0.001658050304912173,-0.0006473854229509524,-0.0006479785667750093,-0.0005617953299928979,-0.0006827480472086922,-0.0003130951956875627
2013-04-15,0.000953821564071422,0.001017789097337074,0.0009988910251499394,0.0009982741950984586,0.0008430661726008815,0.0021449532981205888,0.0021002548092534656,0.0019793553557223564,-0.000932989045903776
2013-04-16,0.0011594392180918067,0.0011691288466015859,0.0011867114413082192,0.0011654153763522856,0.0011297058185841813,0.0013079849935255794,0.0011025817434824337,0.0010684840832582143,5.8468230111463626e-05
2013-04-17,-0.001027340941856414,-0.0009640426274302172,-0.0009667169928067043,-0.0009774264975085378,-0.0005851537237328008,-0.0006505106513569059,-0.0010195842815451384,-0.000752788237037394,-0.001291676982118184
2013-04-18,-0.0005559795043221794,-0.0004948726744542498,-0.00046229535730801796,-0.0004929055190217024,-0.0008947252032759367,-0.0014441314766122648,-0.0014800053155435977,-0.0014146528577102524,-0.0033064154740788387
2013-04-19,0.0004992221139554776,0.0005292028876717758,0.000622776106002032,0.0006291147075541126,0.0012769758393647024,0.0015433399365967215,0.001594550668811312,0.0015992133161444322,-0.0004186491905278089
2013-04-22,4.611368736973098e-05,-4.839643468601551e-05,-0.00010541295917687599,-9.792596911228912e-05,0.0012267115619359892,0.0011232625901846927,0.0012889844859178545,0.0012226287121861468,0.0008652715423811408
2013-04-23,0.0031303770767643346,0.003027113196702791,0.003119658819014104,0.0029886892635533346,0.00394751543970151,0.0047446388167016185,0.005043727942519727,0.004940863961161224,0.003982730690595737
2013-04-24,0.0018947388351300276,0.0018152730177991572,0.001491285692178268,0.001488482548341663,0.0006266843268560862,0.00048535882335176694,0.0004945091536121549,0.0003366060426071016,0.00146941631518005
2013-04-25,0.003324298213720267,0.0031830275179434153,0.003113311991487233,0.0030910943971942384,0.0027122750161079345,0.0038214588653100456,0.003630408125718576,0.003663141478762677,-0.0016542751161721103
2013-04-26,0.0021391627843831973,0.002141737336152749,0.002488517957050851,0.0025368621835499816,0.0015676156347208536,0.0026758973966947153,0.002914161430405793,0.0030785270498041584,0.0022880290206488407
2013-04-29,0.0012489376554898346,0.001226675765945151,0.001264406471854107,0.0012308506721099288,0.00077632560406804,0.001461593398262906,0.001464273588276832,0.0014178087850309495,-0.0004400018854143761
2013-04-30,-0.00018883269027747396,-7.611591397416184e-05,-0.00019208902253287086,-0.0001489559758351966,-0.0004392165568715134,0.0006096477937158618,0.00028220879906992735,0.0003386566058452001,-0.0003202200066092509
2013-05-01,-5.302202913670673e-05,-6.515406018903214e-05,-5.436842773620665e-05,-9.23874655592849e-05,-0.000866473951700808,-0.001355247405063209,-0.0012920223591890156,-0.0012702674316358298,0.0007028295472215618
2013-05-02,0.0006614403366307364,0.0006611055612635308,0.0005370118954799441,0.0005642068974049952,0.0009254469703463553,0.0009498585447471619,0.000917792804982831,0.0009268716593080484,-0.00040062751921543516
2013-05-03,0.003037851330275787,0.003059576690598753,0.003064494686000563,0.0030624284728844042,0.0012253167801081766,0.0018355202123849779,0.0012434728948054197,0.0012396574520945336,0.0012408608086826867
2013-05-06,-0.0021576732049307656,-0.002154285045973592,-0.0018359204202242907,-0.0018118713652592877,-0.0005618066318302528,-0.0005145728290746332,-0.0003774824959268397,-0.0003717264398808151,-0.0019407469099087526
2013-05-07,-3.952529753070699e-05,7.4519366142222765e-06,5.296572500079755e-05,6.769230422332129e-05,-0.001662138872766783,-0.0011510109080986597,-0.000791093328094683,-0.0007929750514505951,0.0016382824574245891
2013-05-08,0.001306290047544012,0.0012678578307583344,0.001242910105041961,0.0011989004285921645,0.0010067387475916068,0.001798570963009949,0.001114064493403566,0.0015176447972069518,0.0010609749319190342
2013-05-09,0.0013668884590993802,0.0014078957063310416,0.0013231380776839163,0.0013749053566554092,0.0016308118454946285,0.0028867707816144783,0.002850231715246121,0.0029207694804396223,0.0013778667015538204
2013-05-10,-0.001268653327700986,-0.001140841785530533,-0.0010399644573734212,-0.000952067476927998,-0.0003256079412345958,-0.0008207403679750813,-0.0006034009545060615,-0.0004793186679167283,0.001152434811692693
2013-05-13,-0.0018198960707487277,-0.0017878042353506318,-0.0019474055793549105,-0.0018464756473164368,-0.00099257412021736,0.001347548081437111,0.0013264923347873214,0.001237403973865847,-0.004845004629958627
2013-05-14,0.0006013782735838635,0.0006008586301731178,0.0003404306522776235,0.0003151799223437557,0.0001957328563817473,-0.0006700443509205511,-0.0006575256907408455,-0.0008454730628024709,0.0003797358475159385
2013-05-15,0.0013554226838263794,0.0012467084239327075,0.0012079800400552898,0.0011310440971397107,0.001313825434418936,0.0019312918356622077,0.0016334709475103182,0.0015903607986769153,0.0014292713503678556
2013-05-16,-0.0023374154187061347,-0.0022246387015374403,-0.002289326592362584,-0.002226348865259964,-0.0024060754375090365,-0.003740762470611503,-0.003009471305426503,-0.0030549781254092245,-2.662039900702684e-05
2013-05-17,-0.0015463798597458167,-0.0015760629800928294,-0.0015309072824283287,-0.0017496270875358988,-0.002354934856353519,-0.0031171016343157776,-0.0027476287820695777,-0.0027676455401853817,-0.0016062867065638198
2013-05-20,0.0030586356094544076,0.002848249358995858,0.0029948315571965978,0.002747049030514148,0.0025369441233145107,0.0025647231999499365,0.0025859272267012567,0.002369238097236881,-0.0006152028658050757
2013-05-21,-0.0003023143202055545,-0.00022480921644740803,-0.00021071041394460366,-0.00011111217357884229,-0.001039293788015705,-0.0007828695386018492,-0.0006978326361775089,-0.0006376158628221829,-0.0027331004106296852
2013-05-22,0.002379509779463662,0.002378497774172761,0.0023892051373166634,0.0023615606076956563,0.0020110291943835623,0.0033984977763628077,0.0034298445148597256,0.0034003236825081995,0.0007769646223161342
2013-05-23,-0.0007624869584483829,-0.0007636828150773267,-0.0007759735145241864,-0.0007714981564341805,-0.0002816290642153607,-0.0004825632555361947,-0.0004580537036488197,-0.00031475324743646116,0.002305168309423067
2013-05-24,0.0028204096248649613,0.0028015624241299886,0.0028418193955703774,0.0027711067762246078,0.0021325864411811946,0.002699827386511977,0.002666496494455828,0.0027600815887027785,0.004383357344713401
2013-05-27,-0.003478030187398784,-0.003492629403177183,-0.003540082467122563,-0.0035394293227155593,-0.0026211513316709567,-0.003497652910038229,-0.0038879306704590055,-0.003895319486041937,-0.002319251946644507
2013-05-28,-0.0021932149408628865,-0.002200434903802617,-0.0022249852820303007,-0.0023608905799782365,-0.0017928051186483218,-0.0023117832867620702,-0.002340818139590195,-0.0024632472420010876,-0.001544286208968293
2013-05-29,-0.00030929607682050886,-0.00030635046895699514,-0.0003124038915295335,-0.00030601435340804617,-0.0006808458809165474,-0.0008975925382870287,-0.0007901167614307036,-0.0006589339849515374,0.0009691984967123979
2013-05-30,0.0021192208783931132,0.002142941106812346,0.0021006060980339747,0.0020964783444334945,0.0017293995482008384,0.001933916208631592,0.0018390277345539108,0.0017959717830240418,0.001853025033862421
2013-05-31,0.003981315607094249,0.003943643331744573,0.004031721027431212,0.003958217008237064,-0.0002582000704360876,0.001560481329809793,0.0014346392407151853,0.0014613766460243038,0.0025793355652496963
2013-06-03,0.0005366177369605651,0.0006346101477818777,0.0007647443382168273,0.0008555911483791867,0.0005661595065626912,0.000704592980037333,6.835949774974814e-05,0.0002200705239463474,2.0334299110080778e-05
2013-06-04,-0.0016540507555953265,-0.0014803954216831006,-0.0012730276617792802,-0.0011327452627855061,-0.0011264750195446593,-0.001760622675478385,-0.00135514480604082,-0.0011173826044825752,-0.00040399619790298935
2013-06-05,0.0009702069468522367,0.0009735909424202216,0.000705204503770096,0.0006940804524235844,0.0010681475098017756,0.001206263356517745,0.0006015641335739286,0.0005761990288324359,-0.0003806780205973803
2013-06-06,0.0059029293799433,0.0059371075789247385,0.005842758455551822,0.005629295097437259,0.005776975010371332,0.007370898482321975,0.007026493095492858,0.006907045578061322,0.003095049904306313
2013-06-07,0.0005747915492864131,0.0006791365746789957,0.0008306811603848718,0.0007921997643187684,0.0008411180541529895,0.00085215923943327,0.0009632042484379877,0.0010045907421505351,0.0005385733305582896
2013-06-10,0.002203393938759124,0.0022330558079646234,0.0022449343756070217,0.0023387856160721476,0.0031596128085595865,0.00471947880914847,0.004557847383088287,0.004540374246646772,0.0024572338903074975
2013-06-11,0.00013918570997906166,0.00037237807066370365,0.00037563887717051436,0.00029332866630782384,0.0005272107856293395,-0.00014118697422149662,-0.0005387491823458657,-0.0005565302399080929,0.0017023818294064075
2013-06-12,0.0028894528828293797,0.002882171538243661,0.0031467551561652485,0.0031252046756853336,0.001051670847225239,0.001587155345633029,0.001143599666111772,0.0010920028260581471,0.002195954541501788
2013-06-13,0.002707121524129441,0.0027742222782061177,0.0035940635029001466,0.003475341031203394,0.00314307271450609,0.0033710462120648543,0.0036451884862092054,0.0035627590122515596,0.001619734118112115
2013-06-14,0.0006243091641391363,0.0006316028556963005,0.0014517052253917306,0.0013968146042067087,0.0007669593573673694,0.0008484630816043559,0.0006307784644945524,0.0006085992614455193,-0.0004924345212410364
2013-06-17,-0.0008506299618242785,-0.001047918673698689,-0.0007191421669299203,-0.0006242401263943931,0.0004828822911797648,0.0004806142068449759,0.0005641892513263969,0.0005803937216553035,0.0002606203853272593
2013-06-18,0.0012697726323851466,0.0012607716061610041,0.0008075823034268126,0.0008944570860398571,0.000738921226834055,0.0006438459434958688,0.000122191365095059,0.00031564268683803576,0.000318576985867125
2013-06-19,0.0013358861500425423,0.0021819634740989358,0.0022010430136845116,0.001993819635826899,0.0008938267607574435,0.0013493544382676692,0.0015192786445965556,0.0014363025395534024,0.0010520979254289298
2013-06-20,-0.0008774867190879387,-0.0009640154535907053,-0.001015114269760753,-0.0009193597008282373,-0.0005635670258762326,-0.0007342703974421161,-0.0005548382743698621,-0.0005182388513118585,9.173594910216742e-05
2013-06-21,-0.0024635684351861364,-0.002366411333440399,-0.0023901377551771574,-0.002299160087460783,-0.0016932697661782292,-0.0015753062826217024,-0.0009288235965683178,-0.0008547532797053004,-0.0024954516826071194
2013-06-24,0.003018805093617294,0.003053019247840405,0.0033523404537771917,0.003349248369489688,0.002914309269451021,0.0024941262644591067,0.002831010980547388,0.0028195368268395526,0.0027612659076852175
2013-06-25,-0.002450483719391827,-0.002434099881535534,-0.0026050421337741048,-0.0025683962290887763,-0.0027871408682949017,-0.0025935431871305648,-0.003041367250319671,-0.002907591174193147,0.0009769520522622255
2013-06-26,-0.006083995206329407,-0.006218238410224619,-0.0064035079217719115,-0.006433434149878292,-0.006083800259107819,-0.006405995158866751,-0.00690500145751205,-0.006913539603715435,-0.001603206015550418
2013-06-27,0.00021891938342055717,0.00026267558862524965,0.0009110628863706616,0.0010422240962837392,0.0005083681160449327,0.0004315075365635135,0.000597960878067072,0.0006857404621694041,-0.0007505178403411916
2013-06-28,0.0018346654647822813,0.00207905675444775,0.0022460827408505857,0.002436411519167292,0.002934198250487352,0.00320530790760154,0.003133996914551407,0.003217878172550037,0.0023645564571139754
2013-07-01,-0.0028684035528657725,-0.003035602912962787,-0.0031316541855762603,-0.0031867540785668336,-0.0023747451706963574,-0.002498753883270366,-0.003539223234617195,-0.0037652592104402416,-0.0006785906044084467
2013-07-02,0.0004335907781434223,0.0004214946480616266,0.000255521946476156,0.00024328311418719828,0.00042932059322442484,0.0005845253462586353,0.00014760359788423827,0.00013374828560452912,0.0010030709207338173
2013-07-03,-0.0019347828121386579,-0.0019250746648261652,-0.001917469103812186,-0.0018784599146561831,-0.0005401849609453224,-0.00045275103197328637,-0.00046602880859336615,-0.0004332291688464718,-0.00038851654965765814
2013-07-04,0.0013691967467928112,0.0013620536415379636,0.001287407011112407,0.0012252006143584904,0.0021869008619854746,0.0020743567245053995,0.002101886810534248,0.00201877060799327,0.0027690506625053235
2013-07-05,-0.0010835558143308388,-0.00103979433677992,-0.0012691725035290924,-0.0011639399929117555,-0.0013801937496351613,-0.0015518378348845507,-0.0014796973944005698,-0.0013571693366175586,-0.0008078985673075634
2013-07-08,0.0011875180089311321,0.0012048634053014595,0.001232412233379998,0.0012911570761886537,0.0018731473728010872,0.0018156264784843223,0.0018127804850018858,0.0019123761229207226,0.00021614960279370266
2013-07-09,-0.001503423321221553,-0.0015348802880591483,-0.001260593249971853,-0.0012954053486829986,-0.0013941424867131014,-0.0014687874610262996,-0.0015478933102133219,-0.0016235351833037148,-0.0007211756193302721
2013-07-10,0.002190717361354677,0.0022475990171084703,0.002797898155640466,0.002823887848301121,0.0013279709738127643,0.0014647519760211392,0.0013995046731960503,0.001436817505951593,0.002842702772380523
2013-07-11,0.0031480223479154468,0.003162357875981847,0.0029521625627990655,0.0030539291963924686,0.0035377977146471284,0.003486449705943473,0.0034390950657390285,0.003492462709727917,0.0012906092948903325
2013-07-12,8.457275812845388e-05,5.8004856068771815e-05,0.0011744633573518293,0.001191065476515929,0.0007176449150692044,0.0005883353953510806,0.00033586345613745294,0.0003470921990311737,-0.00014976290973600648
2013-07-15,-0.0012771885133525673,-0.0012216575227841364,-0.0011266034774749523,-0.00106336086394887,-0.0015745920550545023,-0.001575358071050914,-0.0012218528798328965,-0.001308095960985134,-2.9756260245705768e-05
2013-07-16,0.001368894071455351,0.0011469096277971769,0.0025932468783675944,0.0024648482252966897,-1.8106005340579046e-05,0.00029931521847403886,4.45606761716455e-05,0.00026980705400347915,-0.0017627292298326713
2013-07-17,0.0032594509566468144,0.003238321267919897,0.0029085999883105007,0.002936539021691331,0.004282791124086138,0.004025635490295665,0.0035601809776437676,0.0036084600565602365,0.0027366661709982143
2013-07-18,0.0036713412820232882,0.003740283675176981,0.003780392839852098,0.0037978565888590055,0.003458134455379236,0.003211096403562541,0.0030336775503760904,0.0028525348301171594,0.0033273927586863206
2013-07-19,0.0020209330510017054,0.0020227990602774693,0.0021352353734975793,0.0021296013992615492,0.0005702365866238068,0.0005339192534048465,0.0004409638707134622,0.00043043538710829665,0.0020938142715407615
2013-07-22,-0.0030351558687178315,-0.003036412194189153,-0.003204290694491241,-0.0031746302346666866,-0.0023658630494589605,-0.0025605187326747103,-0.0029822742386956813,-0.002860150469944034,-0.0020173210127912844
2013-07-23,-0.004538837732220191,-0.004478023888458749,-0.002817119770163745,-0.0028165691834811657,-0.0027207319602562396,-0.0026732163662410713,-0.002778554608463324,-0.0028311500380565624,-0.002902477908757861
2013-07-24,-0.00015836182027095802,-0.00012400486056418636,-0.0006180781177378414,-0.0006660149029550366,-0.0008327006870921805,-0.000804492948936586,-0.0010834886983879244,-0.0011179286972891056,0.0002413522876654195
2013-07-25,-0.0025119600430437705,-0.0024711287437827467,-0.002367483712637397,-0.0023667002917697744,-0.0021066652335181013,-0.0022119751957068168,-0.0021977357328155644,-0.0023094464627136935,-0.0008451571515808443
2013-07-26,-0.006631122203005546,-0.006531706194679021,-0.006478904117400264,-0.006433295798103811,-0.005326363037106097,-0.0051339906865734974,-0.0048430056572800195,-0.004868655147465373,-0.004258248038735646
2013-07-29,-0.0021590240860800414,-0.0020961492721028874,-0.0023350345978894183,-0.0023189868031879834,-0.001261166624724197,-0.0012266318249105623,-0.001417157979605621,-0.0012378803257764304,-0.000944025576007923
2013-07-30,0.0015861732435518139,0.0015963377114982524,0.0011212710446308893,0.0012194564512384432,0.0005894810221915847,0.0009548182307888009,0.0006423787538782921,0.0006884589002860153,0.0027156043167084754
2013-07-31,0.002047838494306564,0.002050541485512536,0.0019481635382843088,0.0019326278732001434,0.0010297300073351945,0.0009534447095838061,0.0010238782842681982,0.0010101799683157608,0.00010323779489995744
2013-08-01,0.0008926203985704095,0.0008480347837125368,0.0009416031116875612,0.0009351161881121506,0.0006990738943959407,0.000655314016420494,2.666691409491939e-05,0.0006544246801780673,0.0016067017879084489
2013-08-02,0.000515377122190408,0.0004714279830255741,0.0006438954924512519,0.0006655920968761109,0.0010968804718569647,0.0010271061989743924,0.0013624773729665751,0.0014082915956250552,-7.574392713582956e-05
2013-08-05,-0.00042890250007576736,-0.0006379018853376328,-0.0006353193671022606,-0.0007080352287673897,0.00041062000046721003,0.0003795393316610163,0.0004822686787226971,0.0004587233284147896,0.00038092093120867254
2013-08-06,0.001224958607054516,0.0012450564863335511,0.0009911447127102235,0.0011046722539189702,0.0011093747416368593,0.0010757954787417034,0.0006358778912909369,0.0007135587404198951,0.0006778427059779268
2013-08-07,0.0029332119371368037,0.0029606439608802493,0.002830637187477558,0.0028012193109412387,0.0036725924075728944,0.003934055415700133,0.0035387154288477607,0.003930059434118283,7.489671094407235e-05
2013-08-08,-0.0011845327670668704,-0.0011717634045509406,-0.001381580316749731,-0.0013293541178019952,-0.0008848096665036165,-0.000878823157196118,-0.0012761426339694681,-0.0012184637758789751,-0.002028275303963878
2013-08-09,0.00040389573540311474,0.0004067890893377779,0.00042216715591059106,0.0004453230022107846,-0.0003495366398700295,-0.0003197598629227638,-0.0008587256604292159,-0.0008236318682478538,-0.00039308959671446875
2013-08-12,-0.0023112384411880793,-0.0022974736557447306,-0.002231427532858543,-0.0021872183517660515,-0.0016522782722453444,-0.0014069043529750802,-0.001151611150583709,-0.001145369164953225,-0.0019993931999179315
2013-08-13,8.501225633406051e-05,0.000107038496684142,9.472378529351566e-05,0.0001527485902690362,-0.00023784287886152722,-0.00016835037040241474,-0.00047863275898862856,-0.0007599553420608585,0.0004034021567196344
2013-08-14,0.0003587641816293896,0.00030041405117087194,-0.0002708434538011284,-0.0002845612624921001,0.0008456857546312868,0.0012320083314669716,0.00132428770104287,0.0013429804408098267,0.002487086690570628
2013-08-15,0.0004661508462311392,0.0006107151380172482,0.0010574158421852164,0.0011884867485201234,0.001319948150858341,0.0010281672021417165,0.0014433279231984564,0.0013241880666390315,0.0024552793940586515
2013-08-16,-0.0015892953083920247,-0.001486483360712998,-0.0011987906269556037,-0.0011508123417004468,-0.0016790522763162619,-0.001734582632381132,-0.0016221018800316456,-0.0015329771942402814,-0.0012057577408489673
2013-08-19,-0.0033245516440724154,-0.0033083154637167933,-0.003267208813612643,-0.0033038816032413543,-0.0032580241703324964,-0.0030150756810343182,-0.0029297989165827376,-0.0028118866999077285,-0.0017411499919327555
2013-08-20,-0.0001621019890034603,-0.00019563950251533235,-0.0004966548160530992,-0.0004218394735442388,0.0007081039130814037,0.0005981347111179147,0.00012795755188821367,9.33500434185941e-05,0.0008752028850314009
2013-08-21,0.0036911609411354185,0.0037654831593005866,0.003893967489384753,0.003732863764107419,0.0018658241598874525,0.001876254307171088,0.0020141849725814343,0.0019592374252093148,0.0027724871377374782
2013-08-22,-0.001291814465848029,-0.0013345877457798805,-0.0010142247388577053,-0.0012318666992082727,-0.0013678478464925758,-0.0018231411532262376,-0.0014485255297982391,-0.0014536679472963998,-0.0004944549227297035
2013-08-23,-0.0006937217592442035,-0.0009039445319093398,-0.0013766880267026549,-0.001552645756467963,-0.0013857367845137025,-0.00156911659945691,-0.0021523812432059364,-0.0020295053205983127,-0.0013079113216509786
2013-08-26,0.0011631250324821707,0.001251538609721159,0.001206664630139187,0.0012000522432447092,0.0010803549001496826,0.0009216372287714769,0.0009698812329430595,0.000844204044296859,0.0007792888302358136
2013-08-27,0.00038793259357672305,0.00042102227297924344,0.00027585781397676534,0.0003112447378412764,0.0008756988183895587,0.0007691825647362371,0.001061998047958257,0.000894631202007945,0.0009545273618871697
2013-08-28,0.0030680914766447742,0.003053891083480753,0.0026251195004756145,0.0026516833942695772,0.002525981181625836,0.0024366176187264887,0.0022764380155859687,0.002138846500870928,0.00048281907472236263
2013-08-29,0.003363134724806649,0.003396462427653013,0.0030212926667496642,0.003066074296115051,0.0030894975727580043,0.0030522880132675123,0.0027498004009405275,0.0027337284594968203,0.0008867234850593597
2013-08-30,0.003049496952439945,0.0029715962469272217,0.0025714780875005783,0.0023532007812236966,0.00336673695605616,0.003089055771468008,0.0028249974182390503,0.00277179028026886,0.0012949892083573555
2013-09-02,-0.00301129246696219,-0.003112450503111819,-0.0031816750605548894,-0.002926774226041151,-0.002716089755674278,-0.0028753537984850253,-0.0030860535305874404,-0.0029235014213955246,-0.0019516081346592218
2013-09-03,-0.001034877461507211,-0.0009258647463127323,-0.001020617969778037,-0.0009531853955973002,-0.0015233444901178173,-0.001395867844200982,-0.0014170329685345706,-0.0013152738810819908,-0.001557520919840516
2013-09-04,0.0017788186546452422,0.0018017548686759532,0.0015534921981796845,0.0015859969428935194,0.0014499150335842703,0.0015698612560037795,0.0012530080956698608,0.0015131133181258694,0.0002439510270515477
2013-09-05,0.0014939541990672822,0.00152132072030442,0.0012419661348181954,0.0012229835168631187,0.0017242996476924954,0.0020222502600821812,0.0016859904206685261,0.0018498351408664515,0.0009863045644202817
2013-09-06,0.00020825655966127954,0.0002457135084681372,0.00036085651613682046,0.00044457681866427734,-0.00010056908824662703,-0.0007290987736913168,-0.00013234815119167465,8.313751697586191e-05,0.0009903973419647105
2013-09-09,0.006089935865806417,0.005944587335870111,0.0053863673394216605,0.005262952147096378,0.004493086231701415,0.0042358800424717735,0.003735841378919247,0.003618978790078886,0.004191394884608846
2013-09-10,0.003999623601248947,0.003985538381682696,0.00342143967901265,0.003299855345978653,0.004685123050776507,0.00495259081695254,0.005117101874891006,0.005124981237370818,0.0014573751506929966
2013-09-11,-0.002537019032698651,-0.0025128417653618174,-0.0024907224454987498,-0.002463561495925637,-0.0013717627171490054,-0.0015057028982581322,-0.0005526449251919141,-0.0009559522852973235,-0.0009594046902532405
2013-09-12,-0.0012347931147945745,-0.0012276939078490479,-0.0010185316726322169,-0.001011957191520585,-0.00014248739657229947,-9.685296937200771e-05,-8.45876651237587e-05,-8.885446047535162e-05,-0.0008714270043291839
2013-09-13,0.004892876879638797,0.004814761775383314,0.004216261251345221,0.004198339889940783,0.0047125170259298965,0.004536606338479965,0.003677921208550705,0.0035695134535072004,0.001658330772529526
2013-09-16,0.0025886601132254494,0.002594838232988561,0.002612588359084178,0.002584595528669187,0.0028435982562984297,0.0027810779619801274,0.002819506303961994,0.002639653173525769,0.0014856421645890183
2013-09-17,-0.002818237671691537,-0.0027441891979610444,-0.0026766551015258155,-0.0026918530944599617,-0.003553513140884812,-0.003421141572397035,-0.0033221934326223,-0.0031701267751645945,-0.00257422718687772
2013-09-18,-0.002222660187234604,-0.0021492445576543062,-0.0013242019163206553,-0.0012487709958010074,-0.001473534199752824,-0.0016431982808207124,-0.0013058054116285023,-0.0011884252212731594,-0.0008795588321690584
2013-09-19,0.000288294182958726,0.00032039121486460154,0.00020129877629404547,0.0002024029504166247,0.0003200085544843301,0.0005232574343487784,6.863977316240444e-05,5.288833058614273e-05,-0.00030237232425067706
2013-09-20,0.010580255221344315,0.010184091103548898,0.01058847075626157,0.010453290573724905,0.008442770901242458,0.00866651221838488,0.008187946080960407,0.008259064924677206,0.0040969606747705
2013-09-23,-0.003134166009719608,-0.0028591316929402755,-0.0028842004055756876,-0.002819531334656511,-0.002672287107657545,-0.002227527067505508,-0.0023052324895403986,-0.0022889372040635347,-0.0010461676726971625
2013-09-24,-5.9633323888919065e-06,7.696326847161927e-06,-0.00136258377688947,-0.0013435721823364943,-0.002169531131445912,-0.002177690021819667,-0.002130941049873769,-0.0020723425064620438,-0.0015752278222767035
2013-09-25,8.361464121775519e-05,-7.339571879227957e-05,-0.0004174485055723487,-0.0005552390843996946,0.00045861344575537366,-0.00024176404677145324,-0.00011981681831729762,-0.0002924833190700582,0.0003946927996905103
2013-09-26,-0.0018359909372233085,-0.0017716550335831194,-0.0013342569244872982,-0.0012628154110230216,-0.0024266442438699576,-0.0023693986717552296,-0.002037987477154557,-0.0018949270097391446,0.0002665070382810164
2013-09-27,0.0014716616654362191,0.001549158129458439,0.0010886221219534864,0.0011473632829259728,0.0027416713546628557,0.002639994704798143,0.002596192630330396,0.002559118030716956,-0.0011068429049393425
2013-09-30,-0.0031938981005917855,-0.0031341120858930926,-0.0029768143321978746,-0.003033883089387901,-0.0011141725378690515,-0.0020495723580252756,-0.0009307581679471877,-0.0010494959460387587,-0.00025234065303481046
2013-10-01,0.0030463897350088143,0.003048002699665542,0.002298243814873313,0.002260929606944684,0.00165085568106349,0.0017474217195123654,0.001555705075440228,0.0015153669557796956,0.001577284308323934
2013-10-02,0.003188098692869179,0.003292099036692697,0.0033518139051114115,0.0033795701210947993,0.0014811545132902282,0.0016693592220906606,0.001686423140830673,0.0016936462894530102,0.0007308149639841943
2013-10-03,0.0021970920056129106,0.002105081962863853,0.0023887403966742493,0.002411024206890655,0.0012193475862203318,0.0008911929575199373,0.0011314170921143951,0.0010586884929857376,0.0015275011219821888
2013-10-04,0.005699302063654654,0.005695486973186448,0.0038835957705107838,0.0038489414015960843,0.004184376149779512,0.004849308673954944,0.003936655577148063,0.00393641337684536,0.0018233323219800646
2013-10-07,-0.0031396721820469153,-0.003002415799652103,-0.002070959570943054,-0.0029433639829067326,-0.0031184777682257137,-0.0026641651238111796,-0.002280113760023572,-0.0019316837356285754,-0.0005989832259588601
2013-10-08,-0.002168607836548042,-0.002165522255644814,-0.0017914697990716322,-0.00177787013001518,-0.002307611104263696,-0.00214329856178308,-0.0021144399589339002,-0.00208236822303276,-0.0014127933692775763
2013-10-09,0.005982759378475366,0.00589144730017388,0.0055295840394344875,0.005498346870664861,0.0026840114994453046,0.002239007947159477,0.0018585157656880735,0.0017634793268122007,0.0031061106500602786
2013-10-10,-0.0016597257380874808,-0.0014729523124252797,-0.0019502986335573347,-0.001456703704089235,-0.0014845221065946657,-0.0013335288167901638,-0.0013518546569309953,-0.0011947867123487388,0.0017199235140983316
2013-10-11,-0.0011741537334848395,-0.001180164457085131,-0.00135156031643191,-0.0010909407701996665,-0.00047265161163756453,-0.0005074137644235366,-0.0005878619659321904,-0.0006852477498607845,-0.0007004316635600416
2013-10-14,0.0018069982155015651,0.0018273965203283726,0.0018895316322136146,0.0017993920951251408,0.0012832776474622776,0.0012724738037381833,0.001377076747328232,0.0013589679111098985,-0.0007606102835173711
2013-10-15,-0.00456011903640563,-0.004582249736278077,-0.0039127642947291985,-0.0039972631266353975,-0.003538357771493139,-0.0038948662074433926,-0.0034211476340458846,-0.003353322419167304,-0.0011891610862598823
2013-10-16,-0.0017735659934794423,-0.0018399486242227647,-0.0013834591468838697,-0.0015111524621728156,-0.002340020590040126,-0.002480384412675507,-0.002002941762438537,-0.0020924874115653136,-0.0021867858046032973
2013-10-17,-3.438725125626263e-05,-2.7215008546743746e-06,0.000167031993631106,0.0004603552748152495,0.0006556109471878013,0.0006625888377431721,0.0006692239018388779,0.0006995888021723573,-0.0005865939469829051
2013-10-18,-0.0058328396496923895,-0.005775048208956912,-0.0057570349130837695,-0.005667609623100978,-0.004192848976814045,-0.003964328860109223,-0.0037448324403104305,-0.003605311447557602,-0.001266064859284044
2013-10-21,-0.0018388289549856607,-0.001926481235822175,-0.0017640302265120589,-0.001858008737295136,-0.0006326311264330808,-0.0006116574765229199,-0.0003825559077617058,-0.0005179870993796687,-0.0007503210602933796
2013-10-22,-0.0011803386981128483,-0.0011024112676305542,-0.0013035113929680264,-0.0012050765373693428,-0.00039135662915368297,-0.00026477282254477874,-0.000269922477109108,-0.0002257117291846189,-0.0009080787753723563
2013-10-23,-0.0026807925453798953,-0.002845055656012785,-0.0027347510837929523,-0.0028325825970034746,-0.00023670793671670687,-0.00010495854171022057,-0.00045848806254755736,-0.0007705375745449272,-0.0008825533724718948
2013-10-24,-0.0033023650418604333,-0.003368930143049065,-0.0034413955821126496,-0.003355458338443529,-0.0021058687237892615,-0.0020814044958482603,-0.001986437448329159,-0.0019916610223218445,-0.0015596603380528817
2013-10-25,0.0016499328948169634,0.001675826106729783,0.0014310134479809111,0.0015070416533038422,0.0023777217227070047,0.002024417426450098,0.001988537357116016,0.0020439154723972397,0.002024436839756172
2013-10-28,0.0027189910335965184,0.0027010291535924935,0.0027611683999757552,0.002680513320959088,0.0004509046379397308,0.0004058198753258413,0.0006162282338793013,0.0006644698164910423,0.002213011357519168
2013-10-29,0.0007421899673434318,0.0007897805824261805,0.0007809597436270188,0.0008045862553307526,-0.00021823203928006407,-9.178722851410637e-05,-0.00023399112961053348,-6.986600160974188e-05,0.002169063912252467
2013-10-30,-0.0006197190873542535,-0.0007921751618955586,-0.0006073892035702855,-0.0006349471807473028,-0.0012356815231634455,-0.00127601982419423,-0.0010266334229545038,-0.0009328605585209315,-0.0006877370331166421
2013-10-31,0.0031784394810201455,0.003144306919063089,0.0031984943553144962,0.0031205678605987774,0.004023168685685752,0.0040273237188914734,0.003781533095940759,0.003698161720208315,0.001244585884768501
2013-11-01,0.001267543033661056,0.0012756090570431589,0.0011505589509306358,0.0011516951445798007,0.000855966481642767,0.0007537663226413471,0.0008991470310832916,0.0008696897223647859,0.0018650858130895287
2013-11-04,0.0006706939452871818,0.0006796690024730712,0.0008819854408870231,0.0008848030567281118,0.0002489359522372947,0.00028674449801058266,0.0002619312766078963,0.0005073868311529228,0.0010748222870429203
2013-11-05,-0.000824532852208959,-0.0006682244014870609,-0.0003254664027156906,-0.0001748074367322605,-0.001043814703528101,-0.0008551571342007014,-0.0006722222107643505,-0.0005374246836022945,-0.0002016065124720301
2013-11-06,-0.005407137319852984,-0.0053833680044381715,-0.005139299067321135,-0.005035215951477157,-0.004528507323825481,-0.004479317941240346,-0.004222921410349079,-0.004247994755725126,-0.0014134251305556456
2013-11-07,0.00473764488132522,0.004904673269317206,0.004150778714352432,0.004599898621173049,0.0034292091660168555,0.003567843802278148,0.003146302945543633,0.0031250882660713852,0.0032129746010509663
2013-11-08,-0.001244486279548651,-0.0012357519541821294,-0.0011058834703692177,-0.0011478390713838271,-0.0013624715066610227,-0.0013665246643563833,-0.0012665262433849689,-0.0012429223877522544,-0.0012735302417554717
2013-11-11,-5.737308705910937e-05,5.46421307392464e-05,-0.00015492872111055878,-5.457287203469718e-06,0.0005855703616437502,0.00016219362449065855,0.0007500898535610645,0.0007660869927148539,4.8289908609833176e-05
2013-11-12,0.0034375024617046,0.0033877744811641186,0.003182795544554695,0.0032027147848494586,0.0024001914396971635,0.0022942426702086127,0.0026938183026248286,0.002680243605185373,0.0019030394913575055
2013-11-13,0.0011920297145879832,0.001357585488220625,0.0009953375285978172,0.0011155395883137853,0.0008995768972024365,0.0009615299128755694,0.0009646142606649644,0.0009097077011457344,-0.0021462576868360728
2013-11-14,-0.0061762284825710445,-0.0059810369404526,-0.00608746680935246,-0.005846248769418305,-0.005432094753301309,-0.004998391367627475,-0.004970555516597863,-0.00465569900171281,-0.0006829485545073455
2013-11-15,0.0010149955081824036,0.001086230261137855,0.0005640677252325421,0.0012514480510448234,0.00026795784826605384,0.00018536043404826508,0.00045765825573496066,0.00034533951668991314,-0.00020834826429350084
2013-11-18,0.0022684738767930757,0.002323233750146647,0.002378600146436982,0.0023014046627536366,0.0016127389201201492,0.0016074829011323288,0.0016260416535129885,0.001656898679975205,0.0008979611519319697
2013-11-19,0.00644663090100428,0.006355002373924501,0.00657124679348331,0.0065812576312764826,0.005677167968304753,0.005882081446648479,0.005373464563577457,0.00531777844649528,0.001830929004591031
2013-11-20,0.009003256153670147,0.008784520985171351,0.008754856407147349,0.00845946056494773,0.006586087868821311,0.0063482817920132995,0.005985184678298561,0.005973811665900497,0.0038900286798102535
2013-11-21,-0.005908864051263452,-0.005762554920475171,-0.005679785720808739,-0.005536744464843424,-0.0023233938501784346,-0.0021037668518795183,-0.0021124296045541557,-0.0021044221627621873,-0.0028296284757329815
2013-11-22,-0.0029594757045496856,-0.0025865511226821347,-0.002694930056474476,-0.002629604699907584,-0.0019618991342295056,-0.0015511710790923061,-0.0019867024046552606,-0.001603410314896636,0.0007369812877187076
2013-11-25,-0.003415294560966231,-0.0032205021150111257,-0.0030044299098124227,-0.0028330152866502534,-0.003318690632650889,-0.003351642968820512,-0.003275490844549589,-0.0029939985504605637,-0.0009171176798709046
2013-11-26,0.0006287665612236815,0.0006937210678934491,0.0007471351016810068,0.0008047705926657045,-0.00017064931605881295,-7.269996941006163e-06,-0.000725254700864375,-0.0005097242530043289,-0.001274894271475313
2013-11-27,-0.0010829446863732661,-0.0010484561844491536,-0.0013768310400380512,-0.0013643357280195278,-0.0003382343207488647,-0.000238197952650121,-0.0003124142459702828,-0.00016730635481121414,-0.0014788263630505227
2013-11-28,-0.0005684427120458135,-0.0005913566513250368,-0.0006340381755288726,-0.0006754058682046926,-0.00017079395737484848,-5.94207797279811e-05,-5.849425624548932e-05,-0.00012745123606849873,0.0007627570811168383
2013-11-29,0.0018837505470452598,0.0019501159205725926,0.0015478152600156836,0.001508860217807939,0.003542125682106434,0.003499346252091362,0.0024799735578739934,0.0025964440967909397,0.0020231561678059062
2013-12-02,-0.001193634186504533,-0.0010683144695199376,-0.0011894498251723284,-0.0011726755496327401,-0.0019222675736941808,-0.0018914770678029047,-0.0018219882080022787,-0.0018906085969320197,0.00034439304022071404
2013-12-03,-0.0019604208889741903,-0.0017831324735877452,-0.0017734917123554128,-0.0017625447651448134,-0.0010077348457921964,-0.0010499099250712574,-0.0007613026876753803,-0.0009205455922375316,-0.0017817227316132556
2013-12-04,-0.0037605694495365105,-0.003676890814799938,-0.003517500828526088,-0.0034767357046644465,-0.002018586404352596,-0.002033410168311156,-0.002016279502826235,-0.0018928982151736884,-0.000499907490621454
2013-12-05,0.004043321119897358,0.004136883983352213,0.004097644022950986,0.004048897322904921,0.002604912536170678,0.0031977658108983675,0.0029283608625585433,0.0030453990218999305,0.0040423376179505865
2013-12-06,0.0030705922418128306,0.0030956942323703274,0.00249868225480121,0.0025359341746920006,0.0017600487932232234,0.0024668801312912603,0.0017567545133108098,0.0019159967947341983,0.001958903919486721
2013-12-09,0.004941564988847569,0.0049695129542970395,0.0047064923900657085,0.0046886104619836555,0.004622966988070409,0.004079116833373142,0.004115918661923512,0.003977749979342526,0.0023989449051413647
2013-12-10,-0.0007008159532271296,-0.0007778839052295927,-0.0007890057896303704,-0.0008245661711301366,-0.00042417192743537946,-0.0005109999191849068,-0.00023449656714780165,-0.00010660248314342535,-0.00042289273831730423
2013-12-11,-0.003260554848491082,-0.0032263186582400794,-0.003216933141973577,-0.0031799994905233886,-0.0028555695734188147,-0.002832908713297666,-0.0027142978307110877,-0.0025196555497406514,-0.0010201276149910399
2013-12-12,-0.005679197603407293,-0.005684255190373966,-0.005067366593497269,-0.0056481930140603875,-0.005216942622124132,-0.0049660082877537315,-0.0050567336186624345,-0.005014529026634906,-0.002006400955310572
2013-12-13,-0.006841560382890188,-0.006677364016503318,-0.006827699252972774,-0.006633107754854484,-0.004597098406845301,-0.00438682478350505,-0.0032389536157566567,-0.0032255721628476897,-0.0023752995490677886
2013-12-16,0.00030470212001931785,0.0003784170470775283,0.0004482916960113492,0.00048424710886108,-8.932683025786314e-05,-0.00160429151110697,-0.0009228619821320949,-0.0012780481351072348,-0.002895973800680407
2013-12-17,-0.0023612076722139275,-0.0022629986416539127,-0.002282828688609073,-0.0022674423001126653,-0.0021504342848683855,-0.0019369281670734706,-0.001853560360444484,-0.0018817542270294085,-0.0003230790818542495
2013-12-18,0.003970271101617406,0.003786635941863681,0.00390890475894623,0.0037532151657797552,0.0028211146982597413,0.0025473040616592613,0.0034049431283540432,0.003469927924344196,0.0026630151562525572
2013-12-19,-0.0016260884289047706,-0.0013835810013185235,-0.0012551429388114599,-0.0013018460193856551,-0.0009754856890488162,-0.0009786442836591247,-0.0011497347754841902,-0.0010633436334004376,-0.0014399905286495152
2013-12-20,-0.004705774501073456,-0.00505151072286536,-0.00469612133680164,-0.0046368550371422845,-0.004014980436845894,-0.004368353295322036,-0.0037952200859919794,-0.0039509902001509944,-0.0023700448591595924
2013-12-23,0.002973115130704418,0.002890157079071143,0.0029178693972518044,0.002990505920828168,0.0028985174582245588,0.002512052588830027,0.002696944013232061,0.002406356300125978,0.0012772337349526985
2013-12-24,0.004983711660345058,0.004934584408714526,0.00499331615984655,0.004953120442113823,0.004403082744616649,0.0041439127621198946,0.004103697969385145,0.003831074979296245,0.0036766931833576155
2013-12-25,-0.00059588438318392,-0.0004954954828442215,-0.0005709115865164538,-0.0004676887085192094,-1.9255158572040187e-05,-9.713585466575303e-05,-1.563859631648068e-05,-0.0001071057478551074,0.0008140762721862149
2013-12-26,0.002669708054827913,0.0025895918395453243,0.0024750347104640635,0.002511809346437577,0.002383012839889842,0.002221070168804351,0.0024173623070391503,0.0024036376022651407,0.0017919557004988373
2013-12-27,0.0013833480891163319,0.0014682460792172503,0.00139139294591617,0.0014598091935433821,0.0006951195801285781,0.0010747310505268004,0.0006587721089927889,0.0006847835526286872,0.0018148827686625957
2013-12-30,-0.003409191093181718,-0.0034269465958922662,-0.0034249217517530184,-0.0034599394639026615,-0.0033097994429049926,-0.0032775394179441752,-0.0031301678705896174,-0.0030914322565878116,-0.001486676586170077
2013-12-31,0.006118304073033043,0.006005125319974214,0.0060038037297480695,0.005975467945867674,0.005326419094380919,0.005436443012033054,0.005073705607816947,0.004991404850383407,0.0029740053953675183
2014-01-02,-0.0004657352624319877,-0.0005552474232525251,-0.00047491727396997696,-0.00048005192438349553,-0.0004749979534292015,-0.00046011366106235574,-0.0002831807809282605,-0.0005390649194176866,-0.002034719078406688
2014-01-03,0.0015152044279449495,0.0015124852643064735,0.0013886460565712966,0.0014191470759452596,0.001619327397437198,0.0017217959285591444,0.001484452648921275,0.001356007038326501,0.0006895073233461613
2014-01-06,-0.0014242074162283958,-0.0014635712128215905,-0.001982475855355492,-0.002037805032057971,-0.0012954490191313672,-0.001283987687807242,-0.001726353597961805,-0.0021056753500472425,0.003113048874460622
2014-01-07,-9.944104642833906e-06,-2.279202917065959e-05,0.00012796321616614925,0.00021884437654140498,0.0004891688972421537,0.000428514445558692,-7.601655547129216e-05,-3.66119472725579e-05,-8.619715967650432e-05
2014-01-08,-0.004885849108178353,-0.004817296334480581,-0.004991831100281452,-0.004921091321632098,-0.004490848601429898,-0.004463396869182068,-0.004496206834987415,-0.004393548777955281,-0.0010278506584497915
2014-01-09,-0.006159018851897291,-0.006121561682557508,-0.006386510027390324,-0.006481225500076793,-0.006145243696106917,-0.005983262453562066,-0.006630682187521719,-0.006556913104345474,-0.0044404270376980914
2014-01-10,0.001984570665968022,0.0019051282690401017,0.0018153988372400232,0.0016388050473388205,0.0023052104118015393,0.002220438347352305,0.0023339369099282248,0.0022264913313925216,0.0020152387763849866
2014-01-13,-0.0009088875759448722,-0.0008503361937030052,-0.0017662416423752658,-0.001695233917915706,-0.00031334057470366883,-0.0002702967138592527,-0.00036851580045926813,-0.00032657905309885216,-0.0014262676868485036
2014-01-14,0.0015653560170971748,0.0015255384259342808,0.00179332352766437,0.001740332205363293,0.002312841055846837,0.0019202677202301288,0.0017621575665509592,0.0016708131370757329,-0.0006961839346770748
2014-01-15,-0.0032111207137276443,-0.0034273123885328882,-0.003474834942163163,-0.003542234964859614,-0.0006012887640339803,-0.0006479920386340821,-0.0007629993984562544,-0.0008199643304117599,-0.0042617158592365145
2014-01-16,0.0021981953687884026,0.0022292944420290173,0.002170839226921961,0.0023428628704504906,0.00037238816124163243,0.0004227612371781042,0.00016952570775252696,0.000196736803923514,-0.0010018182387646624
2014-01-17,-0.0018744523646158084,-0.001817081753483052,-0.0016626898770265575,-0.001857073888456684,-0.003867004169512245,-0.003905574735490691,-0.003997607877449294,-0.004017282090601482,-0.002806640961941942
2014-01-20,0.001822619328354147,0.00192872280546319,0.0016130222634858082,0.0018942036242299842,0.0005809994641796656,0.0006809901454243317,4.989588159820535e-05,9.422683659088271e-05,-0.00016575624338255324
2014-01-21,0.001249143046892387,0.0012198411005663878,0.0010903692863033498,0.0008930633626154094,0.002280499456078555,0.002103506160509916,0.0013655226492241823,0.0010734507456930942,0.0010352142675680298
2014-01-22,-0.0014446736406116267,-0.0014515069447722517,-0.0017134086037441376,-0.0017472532974148747,-0.0011633105833536161,-0.0010753539044668914,-0.0014088024310702219,-0.0014099575296493416,-0.00045634192509158567
2014-01-23,-0.0029925362955243173,-0.002895326603247539,-0.0033150234954791857,-0.003069191433568763,-0.0014229398228814416,-0.0021402156567676967,-0.001223618317521269,-0.0013627468264630904,0.00033266857425262586
2014-01-24,-0.000656016827052297,-0.0006163987147922434,-0.000522637866632425,-0.0004353075766408976,-0.00047723823602974225,-0.00039734914937494814,-5.637494267818344e-05,1.8535628684812622e-05,0.0006726262509955117
2014-01-27,-0.002385490242085009,-0.0023483219733160254,-0.002076554297792299,-0.0019144964573977186,-0.002701991277974769,-0.0027244889391179195,-0.0018947141488295793,-0.0019622956556212268,-0.0008547024792605606
2014-01-28,-0.005839440387064743,-0.005771693132002209,-0.005929940042473381,-0.005877691647122707,-0.0034170130858439673,-0.003273890184260164,-0.0033317380494333193,-0.00341411246681933,-0.0004089154370425785
2014-01-29,-0.0050852455720553635,-0.005173200973840553,-0.0052189574417697004,-0.005246165779957401,-0.0030161018202624623,-0.002937554779670948,-0.002656743974883913,-0.0023905068713854227,-0.002322057331580085
2014-01-30,-0.0035529110517396045,-0.00355372852909408,-0.0037284159268325956,-0.0036934610360827014,-0.0008787665512905996,-0.001232402821942702,-0.00083366949870467,-0.0008650938378830242,0.00036826072019646716
2014-01-31,0.005522830342061358,0.005615043350581939,0.005610542195647827,0.005667188937183987,0.005006972618011751,0.004873666277715127,0.004841271184259144,0.004795999768514969,0.00411685589291233
2014-02-03,-0.0018929181617527435,-0.0018277279379015354,-0.002005570019224301,-0.0016980015068114307,-0.0011444111988483385,-0.0012472256621097744,-0.0010559796690492451,-0.0009899119981934268,-0.00048594595974960075
2014-02-04,-0.005303739492591331,-0.0051255323596332,-0.005732564840712384,-0.005705715303636727,-0.004986401198897372,-0.004813673816412067,-0.004726159364139337,-0.004500402913519164,-0.003337131413797656
2014-02-05,-0.002974129937614589,-0.003383366006900257,-0.0029660366904132873,-0.003493767891403543,-0.002664756765919485,-0.003203263301521986,-0.0031864885347318017,-0.003352689198865888,-0.001062076093784281
2014-02-06,0.0004123792651593572,0.00010054251120705793,0.0001334973050548527,8.66611193264255e-05,-0.0008348461920107964,-0.0009568447517919187,-0.0008040612913621237,-0.0009209684274097407,0.0008158728105647217
2014-02-07,0.003712702658122069,0.0035705801071095333,0.0036327293171425357,0.0035157168216810586,0.0025336165856948423,0.0025026603487132704,0.002475526731887001,0.0023757135759898684,0.0014654535338061159
2014-02-10,0.005358748348347486,0.005267722503328853,0.00529015907423247,0.005173729117768033,0.0034121533218600675,0.0032659860638544203,0.0033170968195155304,0.0031567758245307775,0.003451841296564284
2014-02-11,0.0012901187360152555,0.0012889962361923857,0.0012517641400380253,0.001264447337637975,0.00017424845059776928,0.0005046685660785588,0.0006529256536813577,0.0007598041881426987,0.0007180697444237882
2014-02-12,-0.0020867165360886064,-0.0021135302918839916,-0.0021597025981078266,-0.002165316772489989,-0.001306101315863506,-0.0011583881917136551,-0.0012197974612351281,-0.0015041701914042527,0.0003571339060393086
2014-02-13,0.0033608971828273937,0.0033079032744538495,0.0034265933064823173,0.0033612059814782658,0.001716606455875791,0.001883935411131521,0.001532250612268582,0.0013714409352032497,0.001498747249250476
2014-02-14,0.0006149293019317437,0.000673656618866314,0.000500273996140832,0.0005527890031455929,0.0008114867507098555,0.0008108508557904681,0.0006983828860360752,0.000790506768136412,0.0009559613499678932
2014-02-17,0.002710992716846272,0.002755879819772211,0.0027573228572670416,0.0027463346970859615,0.0028449963038339465,0.0027626784950991468,0.0027487223100937097,0.0027648202837495806,0.002706209503176682
2014-02-18,6.655190164006619e-05,5.190275823485635e-05,4.787208554346556e-05,-2.9949701553566577e-05,0.00035666890778096594,0.00022847364296230133,-0.0001991401243101043,0.0006556697467761108,-0.0013538915826371012
2014-02-19,-0.00050543335066211,-0.0005337445030243471,-0.0005394195521297718,-0.0004856087888330807,-0.00045510809000859354,-0.00046277348872925117,-0.0007737919329733334,-0.0007881395793445378,0.000749017081350889
2014-02-20,0.002908434824134165,0.002777941967755382,0.00285272360830624,0.0028493338122155265,0.002400308429609588,0.0022484049011979312,0.0022391633683873646,0.002149597465936237,0.0012545731330404486
2014-02-21,-0.002002957023217844,-0.002057163040279697,-0.002077750499473896,-0.0020577963055151693,-0.00117686799687855,-0.0009875920396362758,-0.0014385780134430481,-0.001378395089498552,-0.0012705578042792043
2014-02-24,-0.0001742270443648719,-0.00023750496869190396,-0.00013836229986241566,-0.00012122500171807271,0.00039621601007744367,3.937379756280279e-05,0.0003750381266216518,0.0002352559169107593,-0.0025170884257681436
2014-02-25,0.002470663672348161,0.002439755925846887,0.0022347957578949806,0.0022209015525060938,0.0008297462024855484,0.0007897445905107325,0.0009484438211189161,0.001302009400782067,0.001141043349110138
2014-02-26,0.0013771293970792353,0.001229624147542907,0.000997293840610869,0.0009904825485189672,0.0014147159991018121,0.0009524917766032814,0.0007175603846754086,0.000424965204918637,-0.000202370582522704
2014-02-27,-0.0011292392560443565,-0.0009754069839891244,-0.0010884185904456167,-0.0010911755359643838,-0.0003842246338534583,-0.0004308471535569014,-0.00048178590690584056,-0.0006545318599747718,-0.001393237062359054
2014-02-28,-0.0018284155504226796,-0.0017683687246490276,-0.0017574384985884484,-0.0017533231197802701,-0.0015799319576444981,-0.0014879927018697225,-0.0014813157223249052,-0.0013369725062547522,-0.0009505529811584257
2014-03-03,-0.0005440894761482573,-0.0004100690429110765,-0.0005955563825194021,-0.0006116060135433754,-0.0007670812597562193,-0.0008467744864766313,-0.0006226187809502681,-0.0007529603604651269,-0.0012539408385413564
2014-03-04,0.001760617874304593,0.0016893348574069655,0.0015024729144172966,0.0014920301716763174,0.001654349770978003,0.0013987960806904898,0.0017245920053094999,0.0016423474292954765,0.0005840405426180695
2014-03-05,0.0013633222312512405,0.001310476214742673,0.0011915037996392819,0.0012296744650113212,0.001083080359846944,0.0009211065979366495,0.0008043287512486952,0.0006946188366925288,0.00017391606484129518
2014-03-06,-0.0006570860279444535,-0.00039514792068873206,-0.00022243974339819506,-0.00018841749273212915,-0.000681649977787413,-0.0003939097349939802,-0.00013574774877322948,-3.7831386229147945e-05,4.95619801810232e-05
2014-03-07,-0.002897173876741377,-0.00287521780605815,-0.0028939729994872376,-0.002823976785123028,-0.0015691887022707407,-0.001707529536308261,-0.0018448378643345364,-0.001730527090183842,-0.0007630055931328039
2014-03-10,-0.0020195131553299994,-0.0018077546502180963,-0.0013856042338462604,-0.00137342100842186,-0.001664487762980782,-0.0015398376135667968,-0.0009314410885344904,-0.0008628020221457255,-0.0012967299947452826
2014-03-11,0.001851683470979415,0.0016028020602478765,0.0015586344562013021,0.0015720175780620238,0.0014618849754115537,0.0012710293531730255,0.0014557499567555698,0.0013170302267142553,0.0003943342549768136
2014-03-12,-0.005227626614381364,-0.005240120283727889,-0.004885447275262744,-0.004875570788166805,-0.003106656680077813,-0.003094116141415748,-0.0028797571972926095,-0.002889014705045878,-0.004018549420424344
2014-03-13,0.003455756945516031,0.003404502524808395,0.003125843244244697,0.002980626163991973,0.000945214681340012,0.0012014791594525676,0.0010212557806370537,0.0011925819569653662,0.003141532223959853
2014-03-14,0.008392524075758079,0.008270976940761399,0.008374829298591235,0.008164871150688757,0.007166747132080875,0.007058893319873194,0.0067612636255649505,0.0067560031114235475,0.0037905731164158407
2014-03-17,-0.003643971284181813,-0.003723670444803151,-0.0036249759885170763,-0.0036010450171364283,-0.0017160845518076062,-0.0017583416959933151,-0.0015384549524153357,-0.001675467568993505,-0.002093696383810739
2014-03-18,-7.999201440567205e-06,-5.640206087720312e-05,1.4434313558631118e-05,-3.089774481213059e-05,0.0005225948114391255,0.0005447524404025295,0.000862158382080036,0.0008083061707349071,0.0006201399322816048
2014-03-19,-0.0013651841587227764,-0.0013887425437046907,-0.0016912690219679227,-0.0015835008007988316,-0.0010177506207741382,-0.0012592296045489393,-0.0016222676222679144,-0.0016253299277658728,0.0008457758279114547
2014-03-20,0.002503895656263966,0.002523172676814456,0.002491699009619097,0.002704049480597215,0.001420257545871495,0.0012483259490594367,0.0011428373036528328,0.0011460797324713834,0.0012039215161925299
2014-03-21,0.0014603339384910985,0.0015334595813045748,0.0010301030095447583,0.0010447742065857746,0.0017651153978117673,0.0018879374213118805,0.0019789293690151144,0.0020133179017329805,0.0012368966961913141
2014-03-24,0.001417305546267622,0.001352968421701739,0.0012944035722373126,0.0011818693472378516,0.0011307666303230768,0.0009384102205056699,0.001253058273724239,0.0011238059540319423,0.0016628793550661491
2014-03-25,0.0037751015631832807,0.0034522244540988734,0.0037857979562847532,0.003635826197291081,0.0027612437471240536,0.00247063581729301,0.002715506130970269,0.00256744619254623,0.0010591438011864351
2014-03-26,-0.0007088860689906662,-0.0007231046941816865,-0.0006068145307118744,-0.0005656867488755823,-0.0005076993594964607,-0.0005804966026746738,-0.0001588904656039114,-0.00016533844826016608,-0.0013038833801305438
2014-03-27,0.003486033744922734,0.003486973600811627,0.003709146936671237,0.0036518981880921952,0.002408372393388314,0.0022305564936011546,0.002219244337158255,0.0022439140209433717,-0.0007027339896146234
2014-03-28,-0.012829792000774609,-0.012831193757279147,-0.010523156826177993,-0.01043800972721376,-0.011615347097197026,-0.011523892804056635,-0.010958943692815137,-0.010865539179406358,-0.009442880179492241
2014-03-31,-0.006039346880945318,-0.0058269207049974625,-0.0057594612584555005,-0.005526906144991406,-0.004046843231919395,-0.003988888434779625,-0.003851563960842519,-0.0037649113804730794,-0.001223342291545082
2014-04-01,0.003151495527455195,0.003192352371210294,0.002959121001586018,0.002923060584741899,0.001452677632105992,0.0015682040628792748,0.002050446361425484,0.0020709140228973855,0.003920210547316172
2014-04-02,0.000424557509296708,0.000495360019714397,0.0006567709196272364,0.0006726985007237118,0.00041962572257725483,0.00041210194209995166,0.0007386423384028173,0.0007369510865871121,-0.0038669788233200997
2014-04-03,0.0008662372694314691,0.0008486473731104116,0.0009119831367645492,0.0008705610015440346,0.00044736149765989275,0.0003429869703492905,0.0007032574056504703,0.0006157952070471318,0.0002533235001584977
2014-04-04,-0.00127443588008469,-0.0011604062647969648,-0.0008995989005066152,-0.0008108535571442754,-0.0015955750856750939,-0.0014199057531797399,-0.0002962689911005789,-0.0002400508849030869,-0.00043349862093255975
2014-04-07,-0.000889345761074134,-0.0009520140367983432,-0.0005281106135761604,-0.0005831441551376049,-0.0023732073417535027,-0.0023187224171831167,-0.0018160930319397472,-0.0018025169872212254,-7.301957108174495e-05
2014-04-08,-0.0009125615832432654,-0.0010163104199616413,-0.0005709418046574433,-0.0006585716938967145,-0.0004671549357929683,-0.00048775334998174547,-0.00018049763845107147,-0.00028390509502729255,-0.001440197335502602
2014-04-09,-0.0008594363913175807,-0.0007140293505196738,-0.0005012981385581483,-0.0003481384439842916,-0.0010300151800696211,-0.0005918168195946372,-0.0008337360640316982,-0.00039116782316517273,3.0453041208966525e-05
2014-04-10,0.0025644969903091397,0.002509900537578158,0.002429093856894271,0.0024694506246598635,0.0016425973089111423,0.0015176373620555683,0.001498868882651605,0.0015584244313027185,0.002071496525406058
2014-04-11,0.0002936150787329339,0.0003572543904555303,0.0002556679572727205,0.00027201563362355685,-9.702919193899096e-05,-0.00010632277706201787,-0.0004947504420964588,-0.0005526724912296999,-0.0005923336322466444
2014-04-14,9.642440056301105e-05,7.467327446297745e-05,0.00012938695026254443,8.178255515911559e-05,-0.00045316535539652314,-0.0003544653942275655,-0.00041609221982286115,-0.0003873992472682719,0.0007541210525598974
2014-04-15,-0.003545509043374473,-0.00348961359454536,-0.0032402999007073996,-0.003172368733921016,-0.0025412743597943432,-0.002242571900797463,-0.0020363470180937426,-0.001792736162097519,-0.0015095617988517551
2014-04-16,-0.0015373327254974978,-0.001388262016355335,-0.001281936030669284,-0.0010717175988049776,0.0018059360713322814,0.0017237690506790582,0.00174352477628692,0.0018497754324262594,0.00023778349792658027
2014-04-17,-0.0012899584971700628,-0.001153730130921904,-0.00122706900546099,-0.001233345017272014,-0.0007156783618242901,-0.0007441251852288167,-0.0004110099602974149,-0.0005444036297219679,-0.0021151113228946583
2014-04-18,-0.0006629166791758401,-0.0006174654630077825,-0.0006426919853629309,-0.0006013306876004876,-0.00035964113028508216,-0.00032276928890195844,-0.0003398450585238022,-0.00030336689235921366,-0.00033698108893731593
2014-04-21,0.0009403807432606381,0.0008190681949091783,0.0009176066178744335,0.0009335354978572408,0.0004949146833617135,0.00045685048162891206,0.00048790865518566484,0.0005120048508329145,0.0022727266984532424
2014-04-22,-0.002723551642162758,-0.002762623007102949,-0.002671918878699442,-0.0027517643206685927,-0.0029586863023438603,-0.002607157024846596,-0.0025722466193456306,-0.0025169961296920285,-0.0016596756140633273
2014-04-23,-0.0002412114601344495,-0.00031679041161936095,-0.0002575417621527576,-0.0004063486696149754,-6.842452633326612e-05,-0.00018839516543323054,-0.00018703212427528815,-0.0001366864464337203,-0.0003933588893322293
2014-04-24,0.0010420568359572613,0.0010062543389144363,0.000999387045836908,0.0009092338778922127,0.0005896651955430432,0.0005305893670020101,0.00028971309475389617,0.0002711149841836402,-0.0009310889643685538
2014-04-25,0.0013862803348649866,0.0014799281414050736,0.0016213748900113512,0.0017006714697265224,0.002084658824700991,0.0020988584457886095,0.002128730166274906,0.0019110806518989332,0.002391641380222298
2014-04-28,-0.00047841523341851655,-0.0004810485260300368,-9.193270065366299e-05,-7.555546192350437e-05,0.0003876104182440887,0.0004237349168645377,0.0002084557596329084,5.359128977877603e-05,0.0015784771587488144
2014-04-29,0.0022323352329589596,0.002019493855067056,0.0020981615116937302,0.0020886254907956925,0.0029239422670268578,0.0031004029545724787,0.003146319884278048,0.00289741007770572,0.0029053476192302252
2014-04-30,0.0010041400445390813,0.001085883902563367,0.0010443230713035323,0.0011049855224234406,0.0004961532456000395,0.0005330214441465753,0.000507076385741323,0.0005558124819917687,-8.68934546901512e-05
2014-05-01,0.0029662095298459423,0.0027631735578834693,0.0029891344529060504,0.0027779893477619666,0.0022422496305609663,0.0020245052595493362,0.002260125275489022,0.0021240468636454235,0.000413821541211723
2014-05-02,-0.0014380681832142361,-0.001326288346133353,-0.0011904200788175334,-0.0010881577912315032,-0.002498721013121763,-0.0024489796514063356,-0.002297547492588481,-0.0020507574017748498,0.0026511489942726563
2014-05-05,0.0015795481684799384,0.001563537003500981,0.0014781472368334825,0.001437178095615943,0.001880257965430454,0.001774090842459941,0.0019001998897894001,0.0018218097838282876,0.00044299556998272926
2014-05-06,0.0005807443582503957,0.0006393463052118964,0.0014756309763397368,0.0013281694726954285,0.0009775068179811441,0.0009160337646441086,0.0008282814544193773,0.000822112711995393,-0.0001957522661907296
2014-05-07,0.0011392462893742294,0.001164982141621973,0.0008923371145295178,0.0009789144226906021,0.001187386564899029,0.0011173979454648375,0.0012355646946560217,0.0010954275791397183,-0.0007634225887002133
2014-05-08,-0.004600240948915202,-0.004452436909421764,-0.0038384562353990237,-0.0036299044418312,-0.004627204285832631,-0.004339422204512333,-0.004483053735150788,-0.004287392471871376,-6.313328330898038e-05
2014-05-09,0.0011731715345915106,0.001164780964679757,0.0013059526599163984,0.001180863398214882,-0.00019583803979605907,-0.00017507049553822096,4.901014867275677e-07,-0.0001366970652134647,0.0012548583161200444
2014-05-12,-0.005233347292575519,-0.0051999156835114135,-0.006511386604903802,-0.00639542459934872,-0.002414907398906818,-0.002399037172923446,-0.003497755494079713,-0.003519203821748418,-0.004726342947568463
2014-05-13,0.0020707084289746103,0.0020327314114287898,0.0027464492978233057,0.002784741201661056,0.0016025479986434554,0.002476811659091638,0.002484853172373791,0.0024432361961419513,0.004192691174845109
2014-05-14,-0.0018311594914759421,-0.0018646339637458098,-0.0017418631351364677,-0.0019148250819476242,-0.0006484934464650038,-0.0006887889478869313,-0.0005994743917263623,-0.0005708630929984748,-0.000954568885977003
2014-05-15,-0.002521996837028473,-0.002408596431285215,-0.002599667747826717,-0.0025362156302505268,-0.0014218433156095722,-0.001577110757724265,-0.0016979875641149889,-0.0019699637972810935,-0.0031026513489450513
2014-05-16,-0.0060025312928442265,-0.005768985539991056,-0.005742153580280074,-0.00552638044244147,-0.00312049043875795,-0.0032631022043718705,-0.00305452627197611,-0.0030586792398467066,-0.004391614738202598
2014-05-19,-0.0027008570943172217,-0.0025964873419181966,-0.0025067698999702293,-0.0022592944448509567,-0.0008191683721284759,-0.0008577915944313341,-0.0006179943496344986,-0.0005733871754544095,-0.0007353255803324021
2014-05-20,0.0011033418297339281,0.0010726263863063412,0.0011464445527438194,0.0010548052487737714,-0.00010039349112889173,-0.00024283343254771772,-0.00011856936289145192,-0.0002487229986243289,0.0003535134904932846
2014-05-21,-0.0020043691506829164,-0.001977319746842121,-0.0017900809799381578,-0.0017463474695861292,-0.00017307253162757164,-0.0002283659915544023,-0.0010705451160064605,-0.0010128854013133903,-0.001073027544710503
2014-05-22,-0.0014362592391201634,-0.0014663614624220722,-0.00091333951216932,-0.0009380926155018177,-0.0011222396551826552,-0.0009026993039643605,-0.0007264685002155158,-0.0007210172612411858,-0.0002538702453955821
2014-05-23,8.844310814826173e-05,5.733681884212416e-05,0.0002562120330704687,0.00018379717149197283,-0.0003504681503575524,-0.0004110033518720524,-0.00020863237349866282,-0.0002575786396917801,-0.003997624885747286
2014-05-26,-0.0020382906758973363,-0.0025571490844233935,-0.00255165399118229,-0.0025525536260743165,-0.0024267076082533645,-0.0026141251869482574,-0.0025593409685624735,-0.0025282035562702587,-0.0010438417915616949
2014-05-27,-0.0002905860884322431,7.610324726692319e-05,-3.686799633506599e-05,5.892017414099726e-05,-0.00012323611444531313,-0.00012025759727918306,4.053443387630473e-05,0.00011358047372977964,0.00010477620698146062
2014-05-28,-0.0010087110509147124,-0.0012163232455998374,-0.0014395581107602418,-0.0012112599178324412,-0.0005757079029334866,-0.0004226687560987541,-0.0006114079855634724,-0.0004808667611061468,0.0004389178251926751
2014-05-29,-0.00385122835292806,-0.004766240648879316,-0.005123747011754776,-0.004999996147547647,-0.003890645422053085,-0.0038602290235674186,-0.0040150379458747665,-0.0038100969326940737,-0.0011295629216396819
2014-05-30,0.0031235803938403084,0.0030789989671806683,0.0037817327794869016,0.0038687909308612323,-0.0001635163380271365,0.00011652044883647683,6.320922135194529e-05,0.00022315148915530436,-0.0007915582951807387
2014-06-02,0.0010968775502406825,0.0011979376540487419,0.0014342473547908074,0.0014542670967037097,0.0008248067330809405,0.0007704326435302722,0.0012998860337027907,0.0006835179948121439,-0.002895451165752405
2014-06-03,-0.0018511884615998175,-0.0018055607759126513,-0.0008865002234161867,-0.0008722297761384334,-0.0014878255122958706,-0.001648391117033965,-0.0016169123304556887,-0.0019199586308045191,-0.003190611625755513
2014-06-04,0.002041775387810141,0.0020150252754558284,0.0019313205824083024,0.0019981138853886193,0.001345219517724594,0.0014631045167399215,0.0012142778238564134,0.0012860859897496635,0.0022147582495406493
2014-06-05,0.0001989724035316165,0.00018060955596821415,0.00048395275320878284,0.0005421753274270635,0.0003432484634240396,0.0007568157795696528,0.0004904795179090371,0.00039337262256733396,0.0021007617758741493
2014-06-06,-0.0030672234765675155,-0.003016018329124792,-0.004409473425733612,-0.004273617887851855,-0.003293577969387562,-0.003081964901565315,-0.0031404936201729905,-0.0029602313311757333,-0.0026477225202744537
2014-06-09,0.0010059206069659155,0.0010395109364464972,0.001814276913487456,0.0017375167003674807,0.0005503060905027723,0.00044520137646242297,0.0005585279880584437,0.0004159110782244735,-0.0016929267791845337
2014-06-10,-0.0032254547052289473,-0.0031951391275458763,-0.004917447287161925,-0.004922504560476826,-0.003686508266106281,-0.0035071671491294643,-0.0031475668803833123,-0.003382197621194405,-0.0034240106524090486
2014-06-11,0.0011938488049993978,0.0012468312064690679,0.0011186808907375223,0.0011667552779461854,0.0006876844964307516,0.0006459805086767023,0.00040514085970810854,0.0003405664717159862,-0.00020481933514904238
2014-06-12,-0.002064025261615088,-0.001975550301981266,-0.0024907936264865205,-0.002436470969082727,-0.002239339693746567,-0.001980450777490428,-0.0021060585088059636,-0.001795708845262478,-0.0006099118543952953
2014-06-13,-0.0014592102780386362,-0.0012372545973787785,-0.002080121268155599,-0.0021005970733289914,0.00020594594969036706,9.784272239676817e-05,0.0002468878419872311,0.0002324275356333505,-0.000586130710834798
2014-06-16,-4.194233852783391e-05,0.00016077833611993775,-0.00048094828297096104,-0.0002563972694357153,0.0009416298341329288,0.0015579365180062865,0.0009170454670590633,0.0009755236108524024,-0.00015509402029301178
2014-06-17,-0.0041522461742904415,-0.0037868295159213528,-0.004875976650995151,-0.005556374086083116,-0.002799019324902008,-0.0025080529306986676,-0.0026681598086332192,-0.0024087997994194366,-0.002826808830580285
2014-06-18,-0.000977845095611607,-0.0010793579304599898,-0.00036220775775885894,-0.0005873672853543566,-0.0016919581117903482,-0.0016665936316331287,-0.001470439001736712,-0.001427149555976892,-0.00038156554041146595
2014-06-19,-0.0008921641566641547,-0.0008714678902392858,-0.0006554632711300856,-0.0009034279556091596,-0.0014533783986211413,-0.0014755625422420149,-0.0014097831752825085,-0.0013982437072953546,0.0013417287572980996
2014-06-20,0.002796902443680249,0.0028827070484280792,0.0028259306625311176,0.002859040885029307,0.00337010520228187,0.0033566845188346406,0.0033144066410779605,0.0032401732241629233,0.0024581472033531337
2014-06-23,3.0815054693267285e-05,-0.00014797216786577305,-0.00016415332630681512,-0.0001387259389388218,-0.00024183134743194223,-0.00039733500517713516,-0.00011759005308764614,-0.00028866149717399203,0.00015199483802375013
2014-06-24,-0.0019880940276421066,-0.001772487216010643,-0.0017991376737984677,-0.0018561125974325687,-0.0013616950365866742,-0.0011970966254211124,-0.0014682128513395787,-0.0012436623247624734,0.0004305502814132556
2014-06-25,0.00024386949351762333,0.00010185562390030434,0.0003640727805753752,0.0003593077278332135,0.001641847249192363,0.0014363537822414951,0.0016789984305010108,0.0015679750118604563,-0.00018152215865752108
2014-06-26,-0.0004195893061128553,-0.0004807030209771357,-0.00047570393982576675,-0.0002366940465502454,-0.000197701169372122,-9.668245797034292e-05,-5.953185742324507e-05,7.765067148945981e-05,-0.0008517257785163324
2014-06-27,-0.0002557571025926242,-0.00010613506580992027,-0.0002873530167760707,-0.00033324849723415095,-0.0009377939232267929,-0.001183651598074209,-0.0011363409444435923,-0.001278207499156525,0.0014201855265034702
2014-06-30,0.001310044142335931,0.00134621230007137,0.0013262969086806908,0.0013214146696371998,0.0018757111046159292,0.001791063526184411,0.0016395586180635302,0.0017772856071220922,0.003802210776218118
2014-07-01,-0.0022162376067474954,-0.002268815664011381,-0.0025811980101398957,-0.002572046446115195,-0.0022241800952278457,-0.0023893607951940288,-0.002496881180615418,-0.0024466582598922093,-0.0016574994351177263
2014-07-02,-0.0027208527103745883,-0.002598871112486467,-0.0028182444120445904,-0.0027754572280387357,-0.0028698667782721676,-0.00212250462904795,-0.0022645729797243774,-0.0021413949569895063,-0.002969438100982047
2014-07-03,-0.0012262655501371622,-0.0011809616406910362,-0.0009720202336440664,-0.0009971703541344912,-0.0011622404083747595,-0.001404903070173047,-0.0010916371550470094,-0.0014564138042540975,0.0009542101384332202
2014-07-04,-0.0021798315854127948,-0.001889798780509211,-0.00226874491870499,-0.002204673970705562,-0.001723919771454474,-0.0016206784063468316,-0.0016976436663430627,-0.0016624034072137972,-0.0015952032757259316
2014-07-07,0.0010030928658322225,0.0009260444183529781,0.0011716509952077736,0.0010740152620187793,0.0001063273488186578,2.5731948575691277e-05,0.0003975089962275913,9.588974092977764e-05,0.0001201240107981949
2014-07-08,0.0033156199539678965,0.003234285313136853,0.0032376329604735243,0.003163908663352588,0.003156274555860872,0.0033739676690647258,0.003065812642554233,0.00294691311639661,0.004224240380287014
2014-07-09,0.0038014763586742273,0.003737021342894886,0.0034657310500210148,0.003661442748983834,0.0040353786643285705,0.004574014680225336,0.003648093039297251,0.0036287544481865552,0.001868477434785465
2014-07-10,-0.0008740287610404796,-0.0008120654884654632,-0.0007951834892491183,-0.0007395260198557185,-0.000445629511746648,-0.00022331572246714337,0.00020483723232755935,-0.0006998258731137907,-0.00041486257823453165
2014-07-11,0.002231856070580518,0.002203577780462096,0.00234826850556602,0.0022117975379796206,0.0020389300874337213,0.0019885357662468017,0.0016133455606781588,0.001527822256861322,0.001686933927234513
2014-07-14,-0.0036748634841614614,-0.0036770039358938744,-0.003610368103889483,-0.003552042241239284,-0.004039019522994569,-0.004039537454938236,-0.0037063824647642907,-0.003851047556344578,-0.0032122692731999525
2014-07-15,-9.67570751504443e-05,-8.753403527250736e-05,-8.61987474973791e-05,-7.150078943407578e-05,-0.0001904569596897776,-0.0001477682731994001,-0.00019687734264739465,-0.00019745738310283922,-1.7668103469148377e-07
2014-07-16,-5.910641307849129e-05,3.763693834279991e-05,-2.8653347895368775e-05,-5.82602417531497e-07,0.00041956750503779894,0.00029154090596206217,-0.00022258076576087138,-9.48659108511718e-05,0.00043236052499118216
2014-07-17,-0.00014880750286505595,-4.1460333299658814e-05,0.00015554431252007284,0.00019381218409408874,-0.0008504737779603255,-0.0006825101304063219,-0.0006263164514489494,-0.0006674626689613383,0.001291500461248818
2014-07-18,0.003757653881519163,0.0035511090310429427,0.0034907826991315005,0.0034285012963923833,0.003371289661420418,0.0030728482154085413,0.0031119689734986355,0.0030036696163917576,0.0017410168163090045
2014-07-21,9.475458446961404e-05,8.545426387618349e-06,-4.248842082610338e-06,-2.8325199673551182e-06,7.94576438298833e-05,-0.00031266512381555867,3.0944283562650554e-05,-0.00015348555779648443,0.0007054328122093612
2014-07-22,0.0021574391174883356,0.002121952413556949,0.002120259675767233,0.002002847438723032,0.0016657469279059978,0.0016022604105128124,0.00250185138677117,0.002410341241707359,0.0057807178831383865
2014-07-23,0.005222173068395897,0.005429596829562344,0.005153107631642007,0.0047246785321328755,0.004218791259765986,0.004320040465534136,0.0037982140509935647,0.00437621207089367,0.004967301302879257
2014-07-24,0.001646146967474893,0.001685932298163495,0.001641273191788306,0.00160548850793929,0.001898413821010303,0.0018601539081535279,0.0018278860118774443,0.0017783485712965508,0.000980374993144295
2014-07-25,-0.0010246304388097371,-0.001307453664492142,-0.001134127042774491,-0.0012164604485873642,-0.0005971454774473806,-0.0008184905122897712,-0.0005846107859406313,-0.0007141290465521033,-0.0021410142691024037
2014-07-28,-0.0032346390793946966,-0.0032762162837643993,-0.003006007318368531,-0.0030686844423074566,-0.003546170019418926,-0.003380452052867744,-0.0033893143195830033,-0.0037340211690690683,-0.002083430950280518
2014-07-29,0.0014672132897173285,0.00152607274598493,0.0015346100771809201,0.001515642369087189,0.0025158645684275616,0.002532291052108615,0.0024627298324158,0.0028182492212180943,0.0010998068676655315
2014-07-30,-0.003633422689359622,-0.003692072882356623,-0.003889374474265739,-0.0038294878185259895,-0.0022035656695283956,-0.00216111739805247,-0.0022412701888042674,-0.002204153494764105,5.9322808385608994e-05
2014-07-31,-0.0004852255163678709,-0.0002767279131584699,-0.0007216546334963825,-0.0005865301802874257,-0.0009074159082690381,-0.0004469885872649959,-0.0009827446978967203,-0.0009191226758165083,-0.0011071189195498432
2014-08-01,0.00046322684561328487,0.0005138293164979046,0.0003656073399764814,0.00038457973174899074,0.0011554189521874036,0.001295637198926336,0.0007031169816769101,0.0006558358796613373,-0.0009631546399698765
2014-08-04,0.0007544272729651524,0.0008541295131665461,0.0009283294949515852,0.000976901963144039,0.0009417961915765272,0.0008859441564756931,0.001280000282643412,0.001174938769776368,0.0007955199378084643
2014-08-05,-0.0011048357211256299,-0.0016392555397063413,-0.0015073417635775854,-0.0014199505124766754,-0.0008643319720967879,-0.0006195684443602856,-0.0008778121523753679,-0.0007217238465756504,-0.0020327202934677935
2014-08-06,0.0011420982165564197,0.001181394758568599,0.0011117708890622247,0.0011503923427080842,0.0008279304157501333,0.0010856547331949962,0.001010727056636851,0.0011091485092300513,0.0005973501615350596
2014-08-07,-0.003085749936439286,-0.0029894108273661457,-0.0029951896053869165,-0.0030306948956573265,-0.002267713015133066,-0.0022613539759206436,-0.0022352881301708205,-0.002217586221723189,-0.002784176600873045
2014-08-08,-7.527085744407636e-05,-3.465970548244268e-05,-5.957926331590091e-05,-0.00011848166663996906,0.0015238312139609356,0.0014357322997593513,0.0013770887311852498,0.0017621326929579961,0.0003891396261563873
2014-08-11,0.001732235927208725,0.001723266129819212,0.0013103948461707926,0.0014880928352969391,0.0034343641543546077,0.0036281331403063,0.0032888972167721686,0.003413193297769901,0.0026698848308350787
2014-08-12,-0.004988091960085761,-0.00461861971185995,-0.004143223453103584,-0.004085499903166423,-0.004987540098671084,-0.0050969844700498035,-0.004459396463943444,-0.0045162733164652025,-0.0024755770729085746
2014-08-13,0.0022389690936852613,0.002294548794304241,0.0018138027848817462,0.0020095946244385043,0.003003953687891192,0.0029212295691583012,0.00300332877318632,0.00296912132467253,0.0031641337471504105
2014-08-14,-0.0003499628494704199,-0.0003183376580030428,-0.0005798284211471216,-0.000552808163624352,-0.0012424978156471145,-0.0011867629899402488,-0.0012033673869591421,-0.001161363600035159,0.0022867844758727163
2014-08-15,0.0009296690210991443,0.000888580688443108,0.0008703792364417318,0.0008224815811519459,-8.595733772731595e-05,-0.00019454338425406448,0.0005907819365602585,-0.00012665392726751712,0.0023367325883782986
2014-08-18,-5.9397672778072064e-05,-6.535029644816337e-05,2.6065388678553347e-05,0.00015939773500672771,0.0009837443138243085,0.0009767220187715253,0.0009729605480850445,0.0009148223775479192,0.00021099127903778658
2014-08-19,-6.213211795058626e-05,-8.070801939896732e-05,0.00023511831933453742,0.0002176166561631554,-0.000973332371112523,-0.0009970344091065897,-0.0007967868470121209,-0.0007655085549552743,-1.0527237182200722e-05
2014-08-20,0.00045282088610076876,0.0006609046250438677,0.0006100884551720753,0.0005890941248725134,0.0027981336303131155,0.002848623817826912,0.002560801491761966,0.002513676709101409,0.00036244461493706304
2014-08-21,0.0023031147313370415,0.0019627324679323266,0.0018297099219304336,0.0017121298420170739,0.0015842457794603693,0.0015282857513918557,0.001355966697201838,0.001537462113036625,0.0007223097694259994
2014-08-22,-9.441541125421171e-05,-0.00016344823253400254,-0.0002889677027706483,-0.00036534285072775674,0.0005371439879799933,0.0004148365678731114,0.0005573503528863988,0.0005112606970980593,0.0009465620800153118
2014-08-25,-0.0005102063116013689,-0.0007878134757881572,-0.0009512480095101861,-0.0012063749608398622,-0.0005312526368987935,-0.0006625482592580445,-0.0011355866876346932,-0.0014128534053865494,0.0014945242786212898
2014-08-26,-0.003411176714699704,-0.003285153279275921,-0.0032461720776005842,-0.0031170064860233104,-0.005217131308793421,-0.004900287425328997,-0.004602658147538796,-0.004377652771134111,0.0008687478335878129
2014-08-27,-0.001653162592839208,-0.0015895472671049182,-0.0014483317998599254,-0.0014751009950795257,-0.0024773454215307744,-0.0023314407785735014,-0.0023584106061164123,-0.0024429423458071087,-0.0005050005250613054
2014-08-28,-0.0013455484193690692,-0.0012856549298237985,-0.0011534657635414725,-0.001109726309363901,-0.0012146479984114222,-0.0011125943808272254,-0.0006915283649249204,-0.0006521247407087483,0.0013950141536500649
2014-08-29,0.002046045258266016,0.002131232735981037,0.002040310942822865,0.0022968912913245987,-0.0013818525315069108,-0.0012422751354488337,-0.0006331354282147483,-0.0005800025796288688,0.002290076929609919
2014-09-01,0.0012319576297841195,0.0013217354804304637,0.0010698644690023684,0.0011542415173786402,0.0007007103900076306,0.0005883157953530116,0.0004126074265768942,0.0005735883525439522,0.0016139395286542957
2014-09-02,0.0012303973565952475,0.001227965754297955,0.001326062943937334,0.0013690842878448795,0.0009996901842312944,0.0010562554698116955,0.0010814998106314366,0.0011204600846517199,0.0005393649199281203
2014-09-03,-6.983970393670269e-05,-6.394959275046741e-05,1.2817724643676698e-05,7.501636197648764e-05,0.0006298439211418483,0.00053693813321809,0.0007382742212096449,0.0008332931308081548,0.00023516003864854085
2014-09-04,0.0006841488717181932,0.000679605962546681,0.0008859842158841502,0.0008185692819604462,0.0002796518881336141,0.0003024630233183778,0.0005801856088378798,0.000592955894292313,0.0009243335125392882
2014-09-05,0.00033840098219029,0.000269899293074749,-0.00022016937826574434,-0.0001545357166430339,-0.00034017050092916,-0.0003920720257872823,-0.0005388230636966806,-0.0006479996085810846,-0.00019508985881444563
2014-09-08,0.00027454195601972486,0.0002800808205332128,0.00017902426661553505,0.00015274107143792293,0.00045760772587533083,0.0004809628801867305,0.00035214844353981256,0.000367164255129504,-0.0015076722514992813
2014-09-09,-0.0014307827049314659,-0.0014015785777085066,-0.0014411957005486808,-0.0013796043373764943,-0.0015006917200754977,-0.0017032280810177491,-0.0014862712019007018,-0.001365238163295035,-0.001320113387137889
2014-09-10,0.0035194015420731972,0.0037119209211893267,0.00267173053634151,0.002834846819177672,0.0035244294402332343,0.0034334525298613805,0.0027528440133610665,0.0035804458092485447,0.0026088123799599128
2014-09-11,0.0035023714291595454,0.003395643371594481,0.003168737496502816,0.00341614401789192,0.0035521314489701528,0.0034426070108413143,0.003420229769079519,0.0032387332400594104,0.0040669135710134086
2014-09-12,-0.0006737999434318631,-0.0005420395494504238,-0.00032601467223880576,-0.00025328402845792297,-0.0010697710977580766,-0.0011918190917031835,-0.00093014477693798,-0.0013838399619687802,-0.0003115984382375814
2014-09-15,-0.0001801259107471198,-0.0002115503297950294,-0.00028403483638983484,-0.0004887778593639647,-0.0005675188626028671,-0.00043201562542838357,-0.0007512073616113835,-0.0008352449874213796,0.00043442720237618637
2014-09-16,0.0025302560027169463,0.002377435833489372,0.0026769692531600775,0.0026419181392995927,0.0034096060899257985,0.0033019848657238615,0.003106679321214001,0.0030539620498231113,0.0010082103232764705
2014-09-17,-0.0016113999231797127,-0.0016178763961306464,-0.0015873711728764395,-0.0015612008354567442,-0.0016130138935829264,-0.0019183975992352886,-0.001856309328258643,-0.001727072405305008,-0.002554397686154841
2014-09-18,0.00015929256518232293,8.987190821518887e-05,-6.228478764425116e-05,-0.00021063734431270298,0.001165544775201921,0.0010730507378269305,0.0008251477271885577,0.0006313804626714159,9.785498607839394e-05
2014-09-19,0.0018989428631162042,0.0017444913790842786,0.0014532002441534075,0.0015627609144202026,0.0007645390900259397,0.0007669185443419657,0.0005205445029028422,0.0005014267514769077,0.00010475007271049108
2014-09-22,-0.0018477365372076004,-0.0019291778974547258,-0.0016493266999505485,-0.0017028419039177844,-0.00191774132895417,-0.002409090026424976,-0.002324476789205332,-0.002370716197027889,-0.0010339029037951253
2014-09-23,0.0017160607915045478,0.0017357135677793512,0.0021347853354807267,0.0018662327107943355,0.0024373830814194974,0.002669407395693213,0.002466564717113373,0.0027449919388797817,0.0005099730338016251
2014-09-24,-0.001980554652143307,-0.002060877714378573,-0.0021971870681438688,-0.0022417894962055707,-0.0018209218675561134,-0.0019371680607239705,-0.0022456936684612794,-0.0024221348266566523,-0.001463687184911966
2014-09-25,-0.001322639745331644,-0.0013150623698415798,-0.0013356006394816822,-0.0013763131014379315,-0.0011020656895468495,-0.0012615195408108848,-0.0011600566681705393,-0.0011799517464939902,-0.0014386865461687437
2014-09-26,0.00013377118270696542,0.00015726337492472098,0.00010957113454246326,0.00011926440022436147,-0.0003133709447611377,-6.701051001789526e-05,-4.0377714434436385e-05,-0.00011195491202908858,0.0008996868676358627
2014-09-29,-0.001388082127755319,-0.0013862929850706474,-0.001469162932918322,-0.0014958021255815357,-0.0022102973621331845,-0.002439259905615776,-0.0021393887481850893,-0.002379973784860989,-0.000525661510048625
2014-09-30,0.001340152005909978,0.0012898164205767948,0.0015477580801086521,0.001493773935226761,0.0007635147584248436,0.0006313090390017706,0.0007724617857876037,0.0008331807426749105,-0.00031496229925032093
2014-10-01,-0.002774066693609245,-0.0028347785412584647,-0.002763764108212441,-0.002830299689046578,-0.0028031558731915762,-0.00315947870722888,-0.002916877537634033,-0.0029491492552937704,-0.0016960739130694735
2014-10-02,-0.0008296036162288578,-0.0007370963142896425,-0.0008151759880822285,-0.0007940416639604653,-0.0014347627204094326,-0.001598532670841979,-0.0014463160605019398,-0.0013474900303294124,0.0009940746022196745
2014-10-03,0.006136664740550302,0.006067280580968282,0.006025781518297579,0.005942636858814021,0.003741962849278746,0.003542925588047696,0.003809449008948418,0.003705277985307287,0.006726112493113279
2014-10-06,-0.0008426817427144018,-0.000888055730925208,-0.0012679721993101856,-0.001281272957024071,-0.0012889904100493732,-0.000882639763649884,-0.0004155883299403751,-0.00041180561214593236,1.7019816091368156e-05
2014-10-07,-0.002727492861547609,-0.002680407148872632,-0.002673579085106792,-0.002599602267566836,-0.002871603684661661,-0.0026242413070528547,-0.0031820821933120635,-0.002994875206487335,-0.0012937060914218756
2014-10-08,-0.0026322466816310897,-0.002533288726673355,-0.002560024852855114,-0.0025415952784582085,-0.004460151308013471,-0.004322023540481501,-0.0041095914088079555,-0.003823999401788236,-0.0015033888997033618
2014-10-09,-0.0005324594026355767,-0.0005040420874811158,-0.00038467723786483887,-0.000370162170344579,-0.0011974146752991022,-0.001142530067671288,-0.0013154053537040022,-0.001189925919844792,-0.001685274844194562
2014-10-10,0.0014812873410674499,0.0014289980387622858,0.0013403779054259601,0.0013065761128712161,0.0012024929367149273,0.001190088255541344,0.001008943218583802,0.0010788080002956946,0.0013786267811635167
2014-10-13,-0.0010005239645670683,-0.0009909574414772582,-0.0008962211784522278,-0.0008801902564727904,-0.0003183078686845864,-0.00032180307041351774,-0.0005367065172255936,-0.0004799752582069772,0.0002941507461278192
2014-10-14,0.0003263803079349703,0.00044660782597349957,0.0004862141882235882,0.0005252998421505506,0.00023698781213377096,0.00023033676342310017,0.0006682115358080942,0.0006910258779433409,0.0003048338070545942
2014-10-15,-0.0017638356890906648,-0.0016863689889391464,-0.001606171110426713,-0.0015274662445874387,-0.0021889895045336116,-0.0022997771301459524,-0.002083554097444429,-0.0020277705327097495,0.000970307968910733
2014-10-16,0.005199945032148046,0.005192308195710149,0.005311998729833789,0.0052674134947114926,0.00738405697429223,0.0071241701216344655,0.005972389644892218,0.0059135002099262035,0.005897965985861342
2014-10-17,-0.0006603670880727108,-0.0006172561178805491,-0.0006502416518124887,-0.0006025336847970131,-0.0010122580496139122,-0.000889426768613033,-0.0008617552468057621,-0.0008776734223046034,-0.0005564992151965154
2014-10-20,0.001022865207457091,0.001127758018474978,0.001016666828483892,0.0008917041105263035,0.0013233741653930764,0.0015094047688433143,0.0014336871083713287,0.001603345021998548,0.0018931253686613747
2014-10-21,-0.0008620596149162552,-0.0009854046293111818,-0.0015423320294897236,-0.0015878346760092032,0.0007325526071007005,0.0008878042923632368,0.00034027917508550054,0.00026962264068064457,0.0004969607316234192
2014-10-22,0.00045981025082553195,0.0002291008511647874,9.172698527226686e-05,3.249608446109775e-05,0.001515196041606659,0.001274482800630583,0.0008900012596231299,0.0007692437811201991,-0.00017445765954904324
2014-10-23,0.0049817790169433,0.005091564422257999,0.004931348603430363,0.004748385625837015,0.005500078768648331,0.0060773172974071255,0.005177598915681925,0.0056523641144980985,0.004358782063444977
2014-10-24,0.004097740713814746,0.004092884312034251,0.003683696562076788,0.0035802341890738276,0.0027569171868759845,0.003567620822810369,0.0033922774549624,0.0035410216759899082,0.0027378497129564305
2014-10-27,-0.0014851041606648296,-0.0014646076722912849,-0.0013830295458399089,-0.0013871979684214608,-0.001818446864912393,-0.002258206427422804,-0.0023826096675517716,-0.0022838693906075402,-0.0013356995583270193
2014-10-28,-0.0021366162032437908,-0.0020155541135303823,-0.0022521926313786578,-0.002253822946933881,-0.0017685060342214065,-0.0015317590584814633,-0.0014275710059329372,-0.001474574278670926,-0.0024494287651752877
2014-10-29,-0.0037597574089632824,-0.0035832009857301728,-0.0035680004324993853,-0.0035458351156194556,-0.0027772526343976534,-0.0028098508589026183,-0.002146802324027308,-0.0023330099241832825,-0.0028494055088639225
2014-10-30,0.000671875708649905,0.0006651549336069706,0.0009439755735980437,0.000900178551751285,0.00011871698884968751,6.361918409880651e-05,-4.954460633732616e-05,-0.0001295981780146116,-0.00017080278170700236
2014-10-31,0.0012896800666950536,0.0012672898650165632,0.0008179319572052535,0.000801016658905862,0.0012531999163138963,0.0012705309054230618,0.0009571031947661623,0.0012687370304151901,0.00025827338384232235
2014-11-03,0.001175391291512451,0.001091071791708531,0.0011414475494022636,0.0010959959193748148,-0.00042022848180933714,-0.00017658467891912277,-0.00012620660553563923,0.00013271336286169166,0.0005582908744208304
2014-11-04,0.0013362232640472538,0.0015157193858519324,0.0014745870930910066,0.0015561360122471335,0.002075491387850681,0.002526691562236394,0.0023659025846596293,0.002744103599178205,0.002812414345622072
2014-11-05,-0.0018144480010054975,-0.0017932869614573077,-0.002018384855444033,-0.001991511686355474,-0.0013097676631124155,-0.0012554481495553604,-0.0013306189069361984,-0.0011854369295000167,-0.0010783991918447144
2014-11-06,-0.0026872782781083293,-0.00267063178621596,-0.002687794337950522,-0.0026327299594660625,-0.002424442870574972,-0.002699015499436408,-0.0026729889639295346,-0.002567750554612336,-0.0012642540301475158
2014-11-07,-0.000926780636520963,-0.0007887467445069074,-0.0006362427315349528,-0.00045189708325477085,-0.0011211086355832345,-0.0005125804737500239,-0.00039046362478589725,-0.0003298590148554936,-0.0008775269946509345
2014-11-10,-0.00017799800721085557,-0.00015934484314872321,-0.00019424387038158297,-0.0001499732397107767,-8.769295641641861e-05,0.00016128933326076123,0.00010219885223272662,0.00013263217546244377,0.0004119824778019421
2014-11-11,-0.0012915182018434779,-0.0012885742914612308,-0.0012745124860280566,-0.00117118559075724,-0.0008858457760033689,-0.0008782506395335066,-0.0008928761030203569,-0.0007876818436552968,-0.0008904831096783195
2014-11-12,0.0023743483470797244,0.0023146362464170345,0.002327574411750355,0.0023070216485929773,0.0024198228347589446,0.0023592655477198132,0.002079567288942208,0.002202401548667021,0.0011514079711931746
2014-11-13,-0.0009804185239135066,-0.001043345650290406,-0.0010344063870545428,-0.0010942135854669077,-0.0010274467351144567,-0.0009948689612728767,-0.0006258823753408915,-0.0007039160129989064,-0.002128110657954929
2014-11-14,-0.001110196191000834,-0.0011889356067066315,-0.0008965661596382901,-0.001328556558907401,0.0007436385506534027,0.0009589863287138289,0.0011789053569453145,0.000879434160266479,-0.00019192807256851463
2014-11-17,0.004530165350078441,0.0045298278825334215,0.004635792982484066,0.00470342600395246,0.003951898818394417,0.0037123668106415764,0.003979172577082135,0.003922233256986374,0.0012923657438252967
2014-11-18,0.001857564732035799,0.0017936521168140374,0.002063231506756358,0.0019331732533773849,0.0026747042946986266,0.002142122444341421,0.0021809937189609663,0.002097924265920703,0.001396393088896719
2014-11-19,-0.001400420802643798,-0.0011648804816580816,-0.0014119942709384103,-0.0011436192041225368,-0.001400957967761185,-0.0011789547903249264,-0.0013149488669698117,-0.00107861924000896,-0.0019288904901254567
2014-11-20,0.00064821244517832,0.0007347720127115487,0.0006019435280839591,0.0006537631720935355,0.0012633909990320547,0.0012506252424420161,0.0010725344349022947,0.0011923147546553103,0.002157587652045212
2014-11-21,-0.0010664581972770204,-0.0010050367013884065,-0.0009753512421447619,-0.0008947902977335387,-0.002338316103528304,-0.002089752214593177,-0.0018301018441065908,-0.001814355420293623,0.00026610814231742275
2014-11-24,-0.0005704907222785494,-0.0005899591573277352,-0.0001494145105512823,-0.00033568224697855253,-0.00038329057940200695,-0.00022423968908624747,-0.0004353870809791216,-0.00031438571791087,-0.0002363955664864692
2014-11-25,-7.50963410919292e-05,0.00010622269491200598,0.00026364813259238673,0.00027310584571993424,-4.112281827095554e-05,-0.0006804289984551071,-0.0005914295989560836,-0.0007437404808908754,0.00025208841214929834
2014-11-26,-0.00029836042402875407,-0.0003339140642792948,-3.856515082567569e-05,2.5627882533463264e-05,0.0004135931093025569,0.0004611587233915859,0.0005600764457664997,0.00046669735187809813,-0.0007245909550918084
2014-11-27,0.003507931188409197,0.003551050450551818,0.003046212666016901,0.0028177069575392455,0.003857578591247135,0.003781674824455239,0.003969369585765881,0.003815748165144628,0.004641101682870907
2014-11-28,-0.0004683517467929388,-0.00042611387550894886,-0.0006649442583721576,-0.0006532152953395709,-9.205747536111808e-05,-7.367159883131524e-05,-0.0001085979035173601,9.812592432645317e-05,-0.00032340210437520334
2014-12-01,0.0010101819581915805,0.0009594944612818512,0.0013959774895497823,0.0014453964869807212,0.0010135174823602267,0.0009206916349628891,0.0018701363601181242,0.0016863345263951057,0.002216111018487954
2014-12-02,-0.0008833958940427378,-0.0009275710549416782,-0.0008493916275156277,-0.0008082532559423594,0.00044038750506447677,0.0007052038177703945,0.0005941446309356557,0.0007659233585781688,-0.0008785019405485039
2014-12-03,-0.0008869802112996261,-0.0005591224792957927,-0.000924796258021221,-0.0009453451461101103,-0.0009359307352020396,-0.0007933949767902071,-0.0009885276653689434,-0.0006035474943251184,-0.00011795780531753675
2014-12-04,0.00026311087903585495,0.000194388002756396,0.0006705285903114699,0.0006805627567203487,0.0007124664914595069,0.0006325615737488022,0.0005239974190527352,0.0004120678968100311,0.0017059992946082403
2014-12-05,0.002411218770133061,0.0025864852916839265,0.0017741551968217806,0.0016715470132351307,0.000838772089185591,0.0013747529505698797,0.0008585321361287424,0.0010297175225397748,-0.00028139570810448156
2014-12-08,0.0005083601701008078,0.0005164352990207899,0.00027998132325746106,0.00027568355223417385,-0.0016129294937157201,-0.0015133298946244933,-0.001381541162750688,-0.0013435747401534526,-0.0021289623244213907
2014-12-09,0.00041370046218958123,0.0004875203985645893,0.0006014591874938802,0.0006633713887531645,0.0008449459869916964,0.0006549537495001978,0.0009851300342673674,0.0008518492357032503,0.0025669306856246354
2014-12-10,-0.0018892507792351854,-0.0018452581858560135,-0.0008511881011418199,-0.0007750374327456511,-0.0018729960621142183,-0.001996823442753981,-0.0020600918920170574,-0.0018519781525503376,-0.0015494961059356882
2014-12-11,0.0015310422955197023,0.0014052874211556432,0.0017114972461482747,0.0012732247085966986,0.002431243459750876,0.0021914689216866456,0.002281667464971937,0.0018615890785902423,0.0008328975996905186
2014-12-12,-0.00032055902197947184,-0.0003484655368833911,-0.00040055241965619715,-0.0003937333836412371,-0.000402344816892497,-0.0003901660907003057,-0.00038669805124136314,-0.00043551261299690225,-0.0007353751327637825
2014-12-15,-0.0010106921362608157,-0.0010012417436913168,-0.0008393775685781035,-0.0006767769700379844,-0.00338576731829332,-0.002919566355482295,-0.0028084778717094583,-0.0026137257746874365,-0.0035230883173386074
2014-12-16,-0.00035017661363823116,-0.000495054033436082,-0.0006311616605193526,-0.0008092606210394759,0.0005409959821609522,0.0007428127900179771,0.00023624985670500642,0.00029145290045562433,0.002155203393533478
2014-12-17,-0.003566449645126535,-0.003399367763836203,-0.003580970304741471,-0.0035822197471409023,-0.0029018886108861386,-0.0028148839974698747,-0.002830442598886318,-0.002632557725275708,-0.002753211829065627
2014-12-18,-0.0007599375513765994,-0.00045239136028252247,-0.0007173223629548531,-0.0006063660573039087,-0.0009748501027889711,-0.0009020138108518649,-0.0007572368024523213,-0.0005657394727959231,0.0008416045964314556
2014-12-19,0.0009539939889391391,0.0011857110553779027,0.0008519082468108063,0.0012551712177408803,0.0006276904597524169,0.0008235341898554793,0.0008247538570025359,0.0008027300714583685,0.0018973578282264203
2014-12-22,0.0021700200660434987,0.0020386375761320963,0.0017134470564339477,0.0015507938363237272,0.0010384024092529032,0.0012919727511053747,0.000970666755871985,0.0013261817973220236,0.0025791052471924036
2014-12-23,-0.0002257690828534331,-0.00021886193178943802,-0.0003864883738323721,-0.00043247730892048697,0.0001020469319508166,-1.6594292661542553e-05,3.044335655899566e-05,-3.932071207579657e-05,-0.0016332349394926338
2014-12-24,-0.002642641543013635,-0.002580325593371291,-0.0028316409304310897,-0.0028378909909347882,-0.0032854064947125394,-0.003119064823917439,-0.002728545391233017,-0.0027240527208645116,-0.0020407781647646672
2014-12-25,-0.00012782375069952945,-0.000120584446023142,-0.00012701147677907088,-0.00012864925268685212,-6.2475210483858845e-06,-6.474974096670749e-06,-2.232342526953257e-05,2.465622427783032e-06,9.482755639478313e-05
2014-12-26,-6.247272330750508e-05,-6.135825065922695e-06,-0.00024405955321260553,-0.00014436573961196242,-0.0002600839074321515,-0.00042081134353355587,-0.0001472061223388721,-0.000582375727868456,-0.0008269055870835373
2014-12-29,0.0037416960392728793,0.0037201538884454877,0.004546260960068382,0.004489256217671933,0.00428093898117865,0.0041426990768833605,0.00431559552793126,0.004208025624462541,0.0030372968301102254
2014-12-30,-0.0030169857367925434,-0.0031321214115012097,-0.0030190968322322265,-0.003129655708664414,-0.0031985288706934956,-0.003009329422294371,-0.0034126617305372253,-0.003371019462868108,-0.0029836498103433806
2014-12-31,0.000336311314516724,0.00037027673048961596,0.00013650222751238061,0.00013119894472746196,-6.857048510444663e-06,0.00014589067533576916,-0.0001527917104360288,-0.00012200041024179598,-0.00027011924143216515
2015-01-02,-0.002359918730215238,-0.00239050524378992,-0.002235110997967249,-0.00215747158425883,-0.0032409730543375703,-0.003167114562211193,-0.003270946099083072,-0.003257737221886159,-0.0024048786507693265
2015-01-05,0.0019363403861722972,0.0018558059737676658,0.0017315381449618528,0.0015560487606691709,0.002492154887073772,0.0027227301478576216,0.002216681322881442,0.002142028690305775,0.0006629337011250236
2015-01-06,0.000350502152921095,0.00043946985247544923,0.00045999536822094456,0.0005951012898208763,-0.0003441872423717296,-1.9218207886306793e-05,0.00018527544604585167,0.00022452188091381942,0.00017010120129623552
2015-01-07,0.0025783026645256335,0.002760159485274416,0.002267142712461423,0.002261386140106847,0.0031955336565416825,0.003253237181359392,0.0028290911792792084,0.0029218768499637005,0.0019484663793327694
2015-01-08,0.003336022361392743,0.0035159385745189287,0.003559677372915848,0.0034851353420186637,0.003919000996958966,0.003945425641191269,0.0033527054511228727,0.003291963587914948,0.002488642664534302
2015-01-09,0.0006889524480784281,0.000476409571378289,0.0008733350691148001,0.0007204901737316582,-0.0001885268704269194,-0.00021764148652869686,-0.000383662364713655,-0.000269333636322755,0.0025743043563035695
2015-01-12,-0.0014867847644538523,-0.0016822070574844528,-0.0014768832600233761,-0.0015316871352085704,-0.0019322128513654668,-0.0021056248821728074,-0.0019512376540073983,-0.0019058046673083862,-0.0005964140213469138
2015-01-13,-0.002346194751777886,-0.002574242039449781,-0.002698504823290926,-0.0026507100361538027,-0.002154264257283822,-0.0022827626501538134,-0.00203826976669641,-0.0019469014546110719,-0.0009087100602398479
2015-01-14,0.00154585885650671,0.001495520242393411,0.001174253505725309,0.0012013667908445935,0.0017660365295026903,0.0018494094382899284,0.0018061775407525182,0.001935288515796163,-7.924303798934051e-05
2015-01-15,0.0024504433249188384,0.0023363707577408466,0.002440002563263155,0.002343862497684146,0.0024625422613469006,0.002350414851446825,0.0023109478358411817,0.002169454130379167,0.0019826157006590517
2015-01-16,-0.0005060830605384536,-0.0005342101613545758,-0.0007427090010119208,-0.000714135944794525,-0.0006213145509825768,-0.000672264079892404,-0.0005281015447045068,-0.0005932120455814927,-2.203614586360203e-06
2015-01-19,0.0036054554883038215,0.003513578745461876,0.003795242160057777,0.003749486217220044,0.0042945063072052925,0.004230906715480431,0.004215845968937648,0.004148021925216572,0.0013519493483917788
2015-01-20,0.001459834916087921,0.0014206534115688285,0.0015848846581656417,0.001490488833189474,0.002644925977155488,0.0025615076000067294,0.002137780093671271,0.0020443208666502954,0.0014504484519834993
2015-01-21,0.0002768043903835782,0.00031254926279977724,0.00014659709290376632,8.5532685625056e-05,2.0306936562963784e-05,-0.0002448369592445987,-7.083894383164147e-05,-0.0001595149850954769,-0.0015232924190209385
2015-01-22,0.001602381071061476,0.0012987522926442008,0.0011803268629664299,0.0007427341877896954,-0.0002387645325867549,-0.0002934478831299048,-0.0006091766226636874,-0.00039811597894812145,0.0008092308637623891
2015-01-23,-0.0005337355244765529,-0.00040483406962821267,-0.00047121291122687037,-0.00018582080695328518,-4.192297956417956e-05,0.00016050042525073138,6.370473982730829e-05,1.970465189060633e-05,0.0003421001162979831
2015-01-26,-0.001958847899857008,-0.002008797368604265,-0.0019509893072018336,-0.001929995176935595,-0.0012819472717500169,-0.0014404030555760228,-0.0012232286725432084,-0.0012207108335532402,-0.0017723303229091325
2015-01-27,0.0004312204565144473,0.00038839440364268896,8.720758702773779e-05,8.476629301257255e-05,-0.0003946855473819788,-0.0006401330248995141,-0.000736713476342632,-0.0006525270894570667,-0.0003004976132371384
2015-01-28,-0.0002677271767171918,-0.00015249371147296742,-0.0004692471749075944,-0.0005008653390591311,0.00015502325314198373,0.0003925190849547455,0.00017659914314882563,0.0002818869855225614,0.0032937230867848832
2015-01-29,-0.0013241417393243804,-0.0012529093879760644,-0.0012374663287887389,-0.0011985855726667216,-0.0009580681777666689,-0.0009076862999840563,-0.0008214965983839306,-0.0007511378446175554,-0.00048491795857841247
2015-01-30,-0.00048236104823617953,-0.0007774560324219637,-0.0005720030460820702,-0.0006435850853659941,0.001479435653068073,0.0011809313445241276,0.001325466496942651,0.0010572208659616056,3.499661413597366e-05
2015-02-02,0.002140368490404665,0.0020987585080496363,0.0022052007271970986,0.002018799781851932,0.0018179362781336472,0.0016987996134016914,0.0017057417260106789,0.001548695397067812,0.0010460143152202228
2015-02-03,-0.002326203872498822,-0.0023203323125122743,-0.0014783640383161378,-0.001402652295723339,-0.0020767187345180904,-0.0021645865028481204,-0.0020178547602596186,-0.002130300248089134,-0.0007009623694647082
2015-02-04,0.000437802295863321,0.0004127201684680504,0.000573661871219544,0.000530891139781442,-0.000833416661725761,-0.0008688631948670089,-0.0008475366828193387,-0.0008135678310425831,-0.0019177436884426635
2015-02-05,-0.0005229433446942711,-0.0005241375433033824,-0.0004579033872211813,-0.0005745259264932079,-0.0012359879956621578,-0.0012225909068686036,-0.001439593887750501,-0.0013117056272373695,-0.0015834010558943845
2015-02-06,-0.0015636997877397363,-0.001504686784127518,-0.0009941209656990635,-0.0007774025717413036,-0.0009238215558653451,-0.0008477655311399657,-0.0006097699689142644,-0.0006278853308283594,-0.002556149190158896
2015-02-09,-0.002773870150903579,-0.0029626187639246737,-0.002094036386437681,-0.0026871332867510755,-0.0024063664078960434,-0.00285621923713808,-0.0022003678359419077,-0.0024697013795592637,-0.0002808467355259747
2015-02-10,0.0019233589475591284,0.0018049417015786329,0.0016545729827304179,0.0017623200932257443,0.0022170651834305666,0.002107097968987892,0.0019780758913543472,0.0018402487597330985,0.001262923523656756
2015-02-11,0.00068255827628394,0.0006602214342996682,0.0006608769567000294,0.00015718330274316905,0.0013309534506227294,0.0017101055442918511,0.0016468791163770646,0.0015949987476955307,0.0003532228332991938
2015-02-12,0.001766977573850248,0.0017248913466378912,0.0012976545597533917,0.0012313354004107602,0.0009848081173251533,0.0008432812977554605,0.00041325747570919447,0.00041814711290966144,0.00041965754510986386
2015-02-13,-0.0006795064885194435,-0.000630339493010168,-0.00023698438004815525,-0.0001983722024205825,0.001112083995302493,0.0011712181558196644,0.0009946317893378964,0.0011594944354482717,0.0019791825521127127
2015-02-16,0.0022735473386015226,0.002277880190297621,0.0024100230553749658,0.0021802225075908677,0.0022811317788840046,0.0024333665355278367,0.0025953984713817935,0.002779277849225048,0.0017427411997028575
2015-02-17,-0.00022597201351015617,-0.0003193267479166817,-0.0006274089018090123,-0.0007376994241240498,-0.0001910735036770861,-0.0004373073342208711,-0.0006179211628762893,-0.0005700774610697401,-0.00015799858742504558
2015-02-18,0.0015480025211327408,0.0016929844024455853,0.0010095603461135472,0.0010879477732204101,0.0012948806621526643,0.0015069002155976285,0.0007371191790077614,0.001077761394571164,0.002254161477792227
2015-02-19,-0.0024994503915647392,-0.0023853125303258116,-0.0022681596107388957,-0.002241649172538218,-0.0023347040000046837,-0.0022858583462678217,-0.0022562869749271908,-0.0022501115934309146,-0.002829374588015021
2015-02-20,-0.001995619733039633,-0.0019243994299510403,-0.0017052407254478652,-0.0018026763227513287,-0.0012118004843797436,-0.0012173471437448846,-0.0008911008338348125,-0.0008343147250045035,-0.0006281566812832429
2015-02-23,0.0017386554576028779,0.0016838523792763738,0.001773263161273464,0.0017486285566987725,0.003340928103000129,0.003297396621119386,0.0032929337935698744,0.0034340809647337434,0.0019514975865240203
2015-02-24,-0.00265519551968485,-0.0025315246998665053,-0.0024785596681836664,-0.002317286437053756,-0.002497323511183258,-0.00283888933644616,-0.0021039564037719227,-0.0022383255824294235,-0.0015133851811313104
2015-02-25,0.0029853757318694107,0.002843102328333069,0.0027637318001605404,0.0026244569859232847,0.0036287888426140835,0.003177027996303039,0.003411606795486577,0.003224994986476215,-0.0011138907219880867
2015-02-26,-0.001060723404524011,-0.0009247922172783696,-0.0009565887455905697,-0.0008157538954941534,-0.001122885645919225,-0.0010055728509278383,-0.000959347044377612,-0.0008343710738512033,-5.21163470071917e-05
2015-02-27,-0.0007790686751127929,-0.000885553032487274,-0.0006712780669044793,-0.0007316736778639754,-0.001013985702486897,-0.0009609101155695354,-0.0008063375119859995,-0.0008615308736621419,0.0015344492440194646
2015-03-02,-0.0015139470169945879,-0.0015267334942654642,-0.0011131711980876258,-0.0011212942691319894,-0.0009429685127798626,-0.0008601946697456286,-0.0009074352088858095,-0.0009826587892997063,-0.00029796506808399403
2015-03-03,-0.0030057414677154837,-0.0029193545520754816,-0.0027745327648651674,-0.0026766765716982333,-0.00356651073616876,-0.003037611278617125,-0.003176609279569198,-0.0029743788668984417,-0.0015933047580289905
2015-03-04,0.0015894616733156397,0.0016702046802015147,0.0019051898926876198,0.0016482774825274937,0.0016195179466731435,0.0015149374279208594,0.0015338478233790642,0.0016172674094725448,-1.0402842617995844e-05
2015-03-05,0.001492057956348658,0.0014823478869121498,0.0017401492766822013,0.0017984860620821053,0.0014932051185463369,0.0018029231086351682,0.0013243417321509021,0.0016784464847889868,0.0005448313507923075
2015-03-06,-0.0029361098994987733,-0.00309503464994898,-0.00292964289677089,-0.0030117158694069612,-0.0030088263895605705,-0.003081596876825299,-0.0032040252783193113,-0.0030860672984133197,-0.0002540862146409584
2015-03-09,9.775615545892791e-05,0.00011427287026211097,1.684233766185983e-05,2.7723872038087904e-06,0.00048386422438584376,0.00041233768195914067,0.0008329387452612469,0.000747447824238856,-0.0006581971769845651
2015-03-10,0.0017871768770976182,0.0020802313033989606,0.002063055075194997,0.002343569888699104,0.0013913582126199309,0.0015405029525188407,0.0016976262378884943,0.001954188695589165,0.002471173182140074
2015-03-11,0.002910741398922445,0.0028301103068038014,0.003003989957051756,0.002749366802551778,0.002158872239331755,0.002112082719395003,0.002261163585419723,0.0021721901112936592,0.003507881000653912
2015-03-12,-0.0006613462228203248,-0.0006408914734075122,-0.0008872593368461912,-0.0008568616609159196,1.933688206889883e-06,-0.00026349533935010605,-0.0001474297436760974,-0.00036809096142387254,0.00038180746209537375
2015-03-13,0.0003022392465281687,0.00039269875457415004,0.0005935635589706667,0.0006924042162215205,0.0010850447660450957,0.0013894696122711547,0.001028342774495039,0.0012093926403042854,0.0008551936029155272
2015-03-16,-0.001861915155470406,-0.002089452453963747,-0.001918250962555268,-0.0019067677298449937,-0.002998906321646899,-0.0035252871782852635,-0.0032213328570163124,-0.003350153034243686,-0.0015615765862987407
2015-03-17,-0.0012766136001793882,-0.0013999775593964703,-0.001520452017134688,-0.001575080653660521,-0.0011497587773172668,-0.0011458473815619818,-0.00132465674052884,-0.0012718637158777302,-0.0012548168639542334
2015-03-18,-0.004321670970787728,-0.004184901287153875,-0.004357397847813527,-0.004289750144965909,-0.005905962954787514,-0.005731549830358618,-0.005677558350653866,-0.00547806687994945,-0.005185862820367815
2015-03-19,0.0007148671142096497,0.0007938976644368267,0.0009263749500438845,0.0009038292806931025,0.00041465756652314667,0.0006843614612310756,0.0003561014791804151,0.0007416057889839678,0.0020612616523063565
2015-03-20,-0.0023345621676233996,-0.0020530856854655832,-0.0022859494607873065,-0.0022435659077164605,-0.002591965860012091,-0.0024931115397351933,-0.002810417255667441,-0.002601847517564315,0.0002745139908015837
2015-03-23,-0.001365681823064513,-0.0013938365542989217,-0.0013866716449350003,-0.001416785298980927,-0.0015998406845013635,-0.0016086186015850101,-0.0019136249234756875,-0.0019731812709602448,-0.0005492773780992888
2015-03-24,0.0011726603098467514,0.0012242873921188835,0.001224942583018862,0.0010790103115663197,0.0004038916740876086,0.0004588429969585306,0.0004923721750171861,0.0007791967924062337,2.411980449479323e-05
2015-03-25,-0.00043409466785271356,-0.00034620306209176555,-0.0003982361095755671,-0.000493089794811663,-0.00034065028723906376,-0.000351090512615837,-0.00042913775919817265,-0.0005281162978468812,0.001299093157622444
2015-03-26,0.0008031721080445919,0.0008401375632822727,0.0008427090336946552,0.0008450696181678818,0.00224452679092213,0.002242925931246642,0.002504863942622171,0.0026802122401814454,0.002585618163529979
2015-03-27,0.0018435727959624781,0.0018642960825636656,0.0016811368917633018,0.0016241874219307117,0.0025725572389787565,0.002954527780025362,0.002461598866285497,0.002311757986696472,0.0009494571456554191
2015-03-30,0.004448896604929864,0.004278390119779596,0.004146332629624272,0.004203912750208261,0.002894655477466257,0.002269033602574133,0.0026778965868587967,0.002568744714306792,0.0003529655072911364
2015-03-31,-0.0028019573308659673,-0.0025948199630161373,-0.0031434557330614066,-0.0030962380945610546,-0.0033979158747922122,-0.0033658783083383437,-0.0031971132792651957,-0.0034129937935785115,-0.0023895256411693433
2015-04-01,0.0006229711660665771,0.0004481655397767792,0.0005219771148805563,0.0005151920954638012,0.0010925409675446307,0.0011131283422745053,0.00042059891891521595,0.0005828870161077582,0.0006981506729668574
2015-04-02,0.005198834806587893,0.0050858267711939575,0.005057228600404917,0.00508047772873832,0.005351671174706363,0.005826827276265822,0.0053940799859106825,0.005279293154233811,0.0031543724196769762
2015-04-03,-0.0005693337360155315,-0.0005419393415502238,-0.0005736167184624552,-0.0006076522770424031,-0.00047241281143461933,-0.0005039218707058035,-0.0005086799834043143,-0.0005147762025485836,-0.00046407978739138045
2015-04-06,0.0020006558999001722,0.0017754546075183786,0.0017475835051239397,0.0016228857076145964,0.0012296644725109385,0.0011669856642708698,0.0009663849791701207,0.0010994763075564684,0.00026703770686498096
2015-04-07,0.0018343175636710285,0.0017771306171621148,0.0017317009715196452,0.0018878761957168422,0.0014817660368764418,0.001450343516009811,0.0014635511902048037,0.0015420258837581802,0.0006549636627457556
2015-04-08,0.003082696942989571,0.002955803837049187,0.0031364640158648704,0.003373145832349822,0.0032221979262301303,0.003174641304843906,0.004081701216844147,0.00383616087075489,0.0040147651916431215
2015-04-09,0.0028712474119212406,0.0026943490206920995,0.0025060737698630042,0.0025801904941118448,0.0025096660266963333,0.002750894297903761,0.0026245049678375043,0.002362791288921251,0.0005643236779313554
2015-04-10,-0.00047928632441096575,-0.0005142679210281553,-0.00026634714084594613,-0.00015437846648314046,-3.055970664900265e-05,-0.0004956703786274108,-0.00027067254813573083,-0.00013837932941573872,-7.38804640422197e-05
2015-04-13,-6.066735645249288e-05,-0.0002934696772735057,-3.914034169349989e-05,-0.0001563704103191288,0.00018674602486612457,-0.00016633326350246058,0.0002281216464097291,4.157414276795279e-05,0.0012843678311464934
2015-04-14,0.0015145076677793856,0.0015163441884757933,0.001280099456278716,0.0013222371667260813,0.0013045385196293058,0.001198434964146733,0.0010646285487969642,0.0009958004192025527,0.0024106482271051277
2015-04-15,0.003459054063545741,0.0035352991939805456,0.002546411656982883,0.002457885016904804,0.0017143066198532786,0.002639041678407672,0.0005134220882829776,0.0005749787370759041,0.002540214041598432
2015-04-16,0.001314305313714792,0.0015004781218446173,0.0011338602612411819,0.0013158300103162102,-0.000433917333834577,-0.0003775246914828889,-0.00034325793131328997,-0.00013096399169443274,0.0016357851315973448
2015-04-17,-0.002822917131031777,-0.0027123732513592014,-0.0024965245883313836,-0.0024479676449276067,-0.003701178287206952,-0.003529262907231212,-0.003188338154885506,-0.003246428275803681,-0.00247735774062241
2015-04-20,-0.0011319314065237895,-0.0009338763540762685,-0.0005016665051983393,-0.0001662318957834641,-0.0019226921216267678,-0.0017173554532646795,-0.0012710502169439586,-0.00110100470765373,-0.0007023346222573279
2015-04-21,-0.003305458011490958,-0.0031357426707634417,-0.001549710225483003,-0.0013146639074668176,-0.0030535137160178083,-0.002623112344529943,-0.0027666056382216198,-0.0025566070183968836,-0.0030573348157117985
2015-04-22,0.0013376747761300045,0.0012972859521453994,0.0013275997703334763,0.0012872968027215492,0.0018450086458414727,0.0019412032002801283,0.001674465740333364,0.0019013974344341822,0.0017027396614863743
2015-04-23,0.004551810770294429,0.004592154209904775,0.00455671039647032,0.004663602354031404,0.0037291249608859545,0.00395520552334272,0.0037789739697215996,0.004164388690312659,0.004778901711508077
2015-04-24,0.003805277127443052,0.003425603687960077,0.003040411099261675,0.003001995295253579,0.002495339586802592,0.002064977085926456,0.0029679535499904652,0.0027471279994009112,0.0029370104495458627
2015-04-27,-0.00045325564554632436,-0.0005389973373225443,-0.0006293094951440592,-0.00045127302521852375,-0.0004385639887151127,-0.0007085270732057891,-0.0006899242518778603,-0.0007334695146743453,0.0006809888787955298
2015-04-28,0.0012327376809111446,0.0012288821384611737,0.0017647100424122986,0.0017163650333740232,0.0009789499531109858,0.0010796386623357357,0.0009096142051023826,0.0010863411252737265,0.00226765468485568
2015-04-29,0.0033746173376252298,0.0032648091706826143,0.0038899657502631246,0.0037320669218918745,0.004134380333613352,0.0037521189022662327,0.002612548033998685,0.002578951686846409,0.003438869210003359
2015-04-30,0.004052001098081348,0.0038458962068763647,0.006161741623138539,0.006006963736569171,0.003962570808454746,0.004057170060221216,0.0036585017859251945,0.003874990540112977,0.005684097171244629
2015-05-01,-0.00329814750207158,-0.005276449620440049,-0.005210666873268988,-0.005211023351974986,-0.004099223566274235,-0.003967557723355997,-0.004132729012620295,-0.004047374925589375,-0.0037321700162429305
2015-05-04,0.0027180614333295328,0.002715578024839349,0.003079269654459038,0.0030934841822198855,0.003181913677743342,0.0030730539539884916,0.0030551386600861097,0.003082315660270396,0.0022024342943272046
2015-05-05,0.005483216130343749,0.0054434797051285955,0.005723314248343492,0.005591655422207298,0.003470458187175174,0.003445238672708406,0.0036471805851483463,0.00356461130025143,0.0036944427667271462
2015-05-06,-0.004455239144327994,-0.004532476769235516,-0.005051251622235964,-0.005083941991727348,-0.0030743221039539748,-0.003488390580183909,-0.0034829673917792237,-0.0040157240684763895,-0.0035657822539387762
2015-05-07,-0.002298053487007623,-0.0020495954928173576,-0.0021403618880774244,-0.0018704136650823378,-0.002798733655807739,-0.002378517371927402,-0.0024889911457746106,-0.0022358973199700927,-0.00152793218959002
2015-05-08,0.003219177708930543,0.0033140809567095975,0.0033477236653700615,0.0034206155386509174,0.000679501917999703,0.000771441274994622,0.0015004723449232316,0.0016850463646900238,0.0029116645137874375
2015-05-11,0.001801811819246657,0.0017285758990090994,0.001717523857544423,0.0016196971110162828,0.0011836010185544144,0.001090630808584736,0.0017275414998814131,0.002180680404758606,0.0015708078951728321
2015-05-12,0.0004510316395818226,0.0004667109055576102,0.0010091349201415412,0.0011093362828171749,0.001270121978312222,0.0012629847850709197,0.0011988034437144801,0.0010878681058277273,0.0014553977048750166
2015-05-13,-0.003760085192977991,-0.00369606103027742,-0.0032375301252337563,-0.0031770317437015416,-0.0037740399900316746,-0.0036006580384232434,-0.003097092048730987,-0.0030953579790508057,-0.0024214435434987136
2015-05-14,-0.0017393279138664397,-0.0018495528915160042,-0.002141119097276767,-0.002162251983271579,-0.001852382586743917,-0.001855452470900909,-0.0019122450245320222,-0.0018532730849284418,-0.0016538943183498356
2015-05-15,0.0014389751752255098,0.0015040097142120512,0.0011936921824764468,0.0012479722472351629,0.0007035241161907901,0.000472008527936163,0.00046072440624223,0.00044827735034180805,0.00027612522218634084
2015-05-18,0.0009859967926062474,0.0008958211161040897,0.0009372212191132157,0.000830677047135131,0.0011837690688805136,0.0012558049270212646,0.0008825717145306555,0.0009124453776570007,4.5635837605972895e-05
2015-05-19,-0.006768588854745072,-0.006884856231028635,-0.007104230153753499,-0.006924163361991531,-0.007457962343074942,-0.00665008446920845,-0.005668486512040216,-0.005563060953408416,-0.0045610644079542295
2015-05-20,-0.00030369914819317056,-0.0003405349227754151,-0.0004980690630063123,-0.00032469817506541876,-0.0006794111804419023,-0.00038975585935918655,-0.0006511896986005627,-0.0002663910256389679,0.00044003771600253927
2015-05-21,-0.0018775740354201043,-0.001919014639656269,-0.001652615371221855,-0.0017239283977696918,-0.000829752749761492,-0.0008994067531594707,-0.0006932786362539023,-0.0009944737939950876,-0.00241640141138999
2015-05-22,0.000687560635462825,0.0006267700199005244,0.00012796344318699582,-3.4599910493149366e-05,0.0009547828212603804,0.0007709611960373675,0.0006050560929773408,0.0004743489374054999,-0.00014753327754746248
2015-05-25,0.00014421137358078262,0.00010929466981179914,-0.0002563601568446039,-0.00031947359440553935,0.001857420663951892,0.0019624096027346383,0.0014328634551759034,0.001322717776825355,-0.0013873095699674654
2015-05-26,-0.0008252126605944321,-0.0009450460232804936,-0.0010546532309142487,-0.0012030116405092883,-0.0008176637536866371,-0.0013830519160058508,-0.0007196771041457772,-0.000813314162363743,-0.0022543702198863924
2015-05-27,-0.0038958655375109785,-0.0038552794116608613,-0.0038538326466602824,-0.003657095223045803,-0.0033616749373185373,-0.003267929604097497,-0.0031142424736163576,-0.00304983880095544,-0.0028495751199093533
2015-05-28,0.00013124025777000448,-9.686323051760759e-06,0.00030245627505021133,0.0002267957567492207,-0.00041829368442736214,-0.00031185418113122143,-0.0002691845898117329,-0.00036419594743508643,-0.00048764926569344613
2015-05-29,-0.003710174075362116,-0.003965435249268068,-0.003554312567924267,-0.003498466281683932,-0.0042043715845226926,-0.0039333721767979,-0.003942258500906348,-0.003717192063925734,-0.0030522738471908673
2015-06-01,0.000541400216593324,0.0005328903145269681,0.0008743241052633355,0.0007926785225988997,0.0006295409713068523,0.0005910636414820925,0.0005304215328392203,0.0002821810965156768,0.0007389758696427773
2015-06-02,-0.0031896566216741418,-0.003191891673198999,-0.0033896311234726806,-0.0031746143833428775,-0.0020529877244106487,-0.002024580668442577,-0.0025000548878851836,-0.0024710246288444093,-0.0029473409259270777
2015-06-03,-0.0025388200186006182,-0.002582796668240017,-0.002528700361085323,-0.002688467405860595,-0.0035152632029754605,-0.0033288162589036885,-0.0028590301098536663,-0.0028511745152193235,-0.0022063005279999715
2015-06-04,-0.0006201776385792446,-0.0005202926636765914,-0.0008408761694588263,-0.0006795488303605879,-0.00044822025008361965,-0.0003738235434316284,-0.00046905403270192103,-0.000488507115565362,0.00034256711697344677
2015-06-05,-0.0016028310785154432,-0.0016410641600604903,-0.0016456591282756339,-0.0017405380604466059,-0.001510346051623479,-0.001577936013370751,-0.0016514038121352437,-0.0016225508673882727,0.0006469060245344327
2015-06-08,0.001620916113813875,0.001779693379895253,0.0017501599411802182,0.0016455872211182943,0.0015897384990575247,0.0013734226332684507,0.0019107604423680424,0.001759962408928839,5.841082186530677e-05
2015-06-09,0.0024628430392921175,0.002500747008036708,0.0022172903877555328,0.0022040301386287986,0.002445795206788448,0.002266847540653094,0.002246825958118981,0.0021239061033664353,0.0018201415049854397
2015-06-10,-0.0015278277413209862,-0.001481875467542304,-0.001554782509813113,-0.0014412369864453822,-0.0005523384445810242,-0.0010627377479318634,-0.000736226382380134,-0.0009796000150282813,0.00032978607727573994
2015-06-11,0.001247215236183541,0.0011664738040835232,0.0013707024044040672,0.00133217759394344,0.0013933739685940694,0.0014376104568318837,0.0011079326154876945,0.0011417637336677,0.001339899941834144
2015-06-12,0.0021071393121823156,0.002043596961539107,0.0019956222012993408,0.0019198128473898457,0.0008511221964775384,0.001156467469787703,0.000903588417453971,0.0012236599964134953,0.003252282501646997
2015-06-15,-0.0018274970642503385,-0.0018445815312198022,-0.0016221282937973758,-0.0017781943309785886,-0.0013694810803399626,-0.0013569645768604088,-0.0012958375893027396,-0.0012440789266402463,-0.0007990463071644305
2015-06-16,0.0016636763215982509,0.0015133641266913411,0.0016654259414030648,0.0015947087873200427,0.0014521688354101059,0.0011210550071252268,0.0012152011501231907,0.0010728690614110192,0.0009586309415019478
2015-06-17,-0.002011996739840094,-0.0022723437148315373,-0.0024688107569971196,-0.002474436536930469,-0.002026240048430328,-0.0019588430293099313,-0.0019381708760843885,-0.0019493800187213584,-0.004403723432350404
2015-06-18,-0.003632913926662984,-0.0035417873531633504,-0.0029457423496468405,-0.0028650919379625828,-0.001438202316216275,-0.0014444484341212815,-0.0016734531071780356,-0.001714356542898643,-0.00398944324236894
2015-06-19,-0.002209273506838416,-0.002236365087932124,-0.0017566406364001308,-0.0017898513653414883,-0.00028576016536197013,-0.00021914831151526037,-0.0001582704912478361,-0.0001227111940665937,-0.002429155272497985
2015-06-22,-0.001055886102590553,-0.001040780163167332,-0.0013855911570865853,-0.0013041634276640401,-0.00162945347657939,-0.001286215492770304,-0.0017249621420659667,-0.0016645597316865546,-0.0005403291515672093
2015-06-23,-0.0024724222009655517,-0.0024576219834467894,-0.0015673246572002197,-0.001632251624028358,-0.0014200307791006894,-0.0012850784594725662,-0.0010002506884851936,-0.0006260938671870386,-0.0021370348355251867
2015-06-24,-0.0004889791183163572,-0.00041731945777745416,-0.00012233512094472765,-0.0002059760674079092,-0.00044617054321571814,-0.0005059334991746045,-0.00041326208959469035,-0.00038264157036194124,-0.0011360952475911734
2015-06-25,-0.0014461737321183055,-0.0015221209658720092,-0.0015234749705731465,-0.0015166076980248633,-0.00033226893172433325,-0.00038571765043882156,-0.0004881177265069203,-0.000687803585369795,-0.0003808954021349287
2015-06-26,9.709714591488172e-05,0.0003837438634617385,0.00020630660373122112,0.0003504041242479161,0.001330390032861839,0.0014982537569092624,0.0010682887082480441,0.001441946715884379,-5.5905429188207734e-05
2015-06-29,-0.002216241012991116,-0.0022620371099814074,-0.002971027975731233,-0.0029278637447588407,-0.001840644101019251,-0.0017970224937803314,-0.0018896538535652097,-0.0016933626133027735,-0.002097745482522173
2015-06-30,0.0004508458106291524,0.0003986280648822227,0.0005238421580968655,0.000481013959579224,0.0001207244832168719,0.00022915105260468138,0.00020913365105967863,0.00023355172741013064,-0.002098225818039423
2015-07-01,0.0016901568923666233,0.0017746970686089991,0.0021244869448555637,0.002246225484764608,0.001853220849556303,0.0018193004315927297,0.0024418581205192247,0.0024607309807695987,0.0021892694883063335
2015-07-02,-0.001509888177157137,-0.0015453300019864225,-0.002046546130341942,-0.0020511952417607837,-0.0033118011417690996,-0.003121353163727414,-0.0031483661811017027,-0.0030774634857406724,-0.005645901546193932
2015-07-03,0.0006339495782057281,0.0008139102535287268,0.00025465967433735415,0.000269394976301518,0.0030729715965784887,0.002658439738261187,0.002756433782042267,0.0026607843400352493,-0.0001874989499893731
2015-07-06,-0.0010468147594285826,-0.0010788441147694394,-0.0013132757298440767,-0.0012728674893722758,4.459879423746038e-05,4.632867326748169e-05,0.00037074711213636036,0.0009235083342440387,0.0014593446613679895
2015-07-07,-0.005534512726406038,-0.005601821889497094,-0.007149052490371455,-0.007071507716292058,-0.0045700662179120055,-0.004415637438051734,-0.004349139625181575,-0.004235125201604739,-0.004167232393087028
2015-07-08,0.002920175903823541,0.0029955944609103557,0.0031269878225403946,0.003171296745604124,0.004193267800097766,0.003919519936190108,0.003998868022309532,0.003772612143608134,0.0021488978651800217
2015-07-09,-0.0022716631125963005,-0.002532910200378602,-0.001968544925289306,-0.0020835507161257594,-0.003854933855348741,-0.003577270646317743,-0.0036224774142133986,-0.003580045868904813,-0.001160103547496183
2015-07-10,-0.0003757760638369856,-0.000548939812675675,-0.0005691102088002387,-0.000604631467916783,-0.00039016676863234956,-0.0010168004512981499,-0.0008605404537259664,-0.0008863492265778206,-0.00033420733172784267
2015-07-13,-0.0005212351141407057,-0.0004962678611863947,-0.00021603930747471356,-0.0001732517609972506,-0.00027227075903124565,-0.00020816975280668615,-0.00037566508772612917,-0.0009031888492672113,-0.0011859964852503069
2015-07-14,-0.0017549255913691386,-0.0017221008534370474,-0.0006444280356217025,-0.000538749472337452,0.0006627491967274857,0.0007114514196489008,0.00040126666282769285,0.000547687951727216,0.0030901588264908852
2015-07-15,-0.0035345236233089716,-0.0033037469943144604,-0.0033698546060010326,-0.003425625383886355,-0.0037061691911430827,-0.003835513607876484,-0.003721066341761392,-0.003782906912290551,-0.0043387629904387826
2015-07-16,0.004602631686742686,0.004520592069629403,0.004684862457819072,0.004979255968608376,0.002876275661940708,0.0027533998735349563,0.0028953949228149867,0.003029581495647138,0.004313786631912286
2015-07-17,0.00040203937970195724,0.00042991295016081565,0.00033805420140819997,0.0003599140062813255,0.0012272267966542127,0.0013053868381318612,0.00149989282358165,0.0012211786789335655,0.0026067274797920703
2015-07-20,-0.0005033464421659861,-0.0004429232866202115,-0.0004150058770503451,-0.0003574960355426926,-0.0007401445807453388,-0.0008373690906523512,-0.0011087487150988062,-0.0009400518618509768,-0.00010961630524486399
2015-07-21,-0.0014410025942958038,-0.0014544369822289127,-0.0016083878811345986,-0.001390404218949426,-0.003266971560159093,-0.002972222129303037,-0.0026230802262188213,-0.0026580259319132216,-0.00015829797632838094
2015-07-22,8.696926505358249e-05,4.889634936944276e-05,9.703170161157182e-05,8.246160514180367e-05,0.0025133829479933034,0.0023425421795628676,0.002314657705651202,0.0023294531502278115,-0.0018610021009718425
2015-07-23,0.0020271066492829615,0.00199611376650477,0.0020813028028578984,0.0020587090143071585,0.0016610155599905418,0.001623304218863586,0.0016898747142164439,0.0016421750526158796,0.001392534278598534
2015-07-24,0.0010528699369338756,0.0009884740659522606,0.0011072629444204285,0.0010388333585147347,0.00023093791453132617,7.821838119914659e-05,0.0002755860435148527,0.00019660930136256027,0.0013856644229151005
2015-07-27,0.0021102525176193154,0.0019760529813535044,0.0023836238468006865,0.0021279542848275934,0.0007432377190703665,0.0005288892833643644,0.0004784000686277601,0.0006118181901573205,0.0013414660593951133
2015-07-28,0.0009833804881456132,0.0007381876796526132,0.0008386726989650928,0.0005269725417729187,0.0020097138492465305,0.0017547652253337986,0.0015718472862280564,0.001506062727298918,-0.003413793069393267
2015-07-29,-0.002718056049447526,-0.002665682182210749,-0.002778175310102937,-0.002799521683289119,-0.002874270991082617,-0.0029003324798793084,-0.00296912365837132,-0.0029217981394662473,-0.0014738140299530578
2015-07-30,0.0009035056675459341,0.0011344873597898264,0.0005211843939709748,0.0006423945076059479,-0.0004380020016602204,0.00012216949170951175,-0.0007328187763203653,-0.0003225625884929473,0.005185366506017974
2015-07-31,-0.0044932731676035065,-0.004422918833544842,-0.003462544561871228,-0.0032992549291736006,-0.005349776364446779,-0.0047017430010579675,-0.004666102186932086,-0.004417343528386963,-0.003022028606082361
2015-08-03,-6.250012990338671e-05,-4.201261267233747e-05,-1.1229167627857528e-05,4.811129407356063e-05,-0.00026939649404800203,-0.00024666307340970306,-0.00012520237130742018,9.854229783501367e-06,0.0019372666289019236
2015-08-04,0.0015917392819833065,0.0015029075724601881,0.001714825261902364,0.0015861143239233044,-0.00040823093068453886,-0.0002812830467600058,-0.00020317858866780725,-0.00020313293009244227,0.0017242687594227757
2015-08-05,-0.0005116287370497963,-0.0004555373771147897,-0.0006301134583095447,-0.0005680434943751145,-0.0003348559132335671,-0.00012185392269337125,-0.00014774991409105542,-8.537416292742073e-05,-0.0010516208289464979
2015-08-06,-0.002801051099240448,-0.002794966272913979,-0.002822971828922549,-0.002791708100385315,-0.0016879609209884405,-0.0016017360447849738,-0.0015150762030470277,-0.001679383817002722,-0.0013282513147114816
2015-08-07,0.001237674723653992,0.0012767811682063979,0.0012463669896543017,0.001275876236958684,0.0009138402676780455,0.0007525714582279353,0.000805241738833562,-2.8673860585137767e-05,0.0017062781911061364
2015-08-10,-0.0006610077835107475,-0.0005675919334796609,-0.0006587710613976672,-0.0005626593523411216,-0.0006897918528977476,-0.0005780982185265016,-0.0005337418807734862,-0.00043736382427717047,0.00018010379123789555
2015-08-11,0.0012157494775257849,0.0011353939269871383,0.001193178915557258,0.0011509327741949793,0.0009727379584005824,0.0006094592690273348,0.0005100713531394074,0.0006114092310838259,-0.000909673614743034
2015-08-12,0.002731281650531159,0.0025641831370610824,0.002699718811892904,0.002531942429073508,0.0024531305007087223,0.002451347462064435,0.0020759168902642067,0.002159499088786765,0.002654545449283896
2015-08-13,-0.0023174766265113833,-0.0024371046842639466,-0.002215850453324175,-0.0023050503568390335,-0.0016180623991590704,-0.001649610336539764,-0.0014143018972571086,-0.00152562723667804,-0.004049429041046881
2015-08-14,-9.318181060602448e-05,-0.00025587755935019274,-4.967825324986297e-05,-0.00018758401390051027,-0.0007963698586532786,-0.0006188529569768342,-0.0006983247021757899,-0.0004474903404108055,0.00126220041743208
2015-08-17,-0.0013807270152038642,-0.0013498335780927073,-0.0013752099636094028,-0.0013861766574502221,-0.001984777429303586,-0.0021714503676056873,-0.0019500655748181384,-0.0021146823133711967,-0.00401844642009852
2015-08-18,0.004834513000037344,0.004891591137434315,0.004814770908737831,0.00483763295548667,0.0038656061219752846,0.003790517585175568,0.0035783702146303664,0.0035453204702726726,0.003730477456205916
2015-08-19,0.0006419561086941084,0.0007152812199107128,0.0005576894957308731,0.0005753477271133178,0.00027981240365115845,0.00022617036408423274,0.00015598335277777764,0.0001524316992835839,0.0024714534900514007
2015-08-20,-0.00020296333934066713,-0.000547320758886749,9.58352623880998e-06,-0.00013184227596707565,3.461227221435159e-05,0.0010578298189460877,0.0013889395705917185,0.0015373550582069573,-0.0004733511643868482
2015-08-21,-0.0014879955291814406,-0.0014945504318877312,-0.0012484013926045145,-0.0011758253465570245,-0.0019196993452057498,-0.0019327548408725193,-0.00167430038567562,-0.0016620121094994555,-0.00045850834524097106
2015-08-24,0.0014529722300808956,0.001559993984048047,0.0010818339419735867,0.001181075274817145,0.001054031944452305,0.0014405432578752375,0.0009379088568959304,0.001078285485578645,0.0008445282578941615
2015-08-25,-0.0026816398721372092,-0.0026044463595781275,-0.002738982245302002,-0.0026590395060770433,-0.004348320283492746,-0.0040561412928666885,-0.0038683716707614835,-0.0037718190675570806,-0.0027745363121095545
2015-08-26,0.0017754323582934717,0.001560102229957172,0.0011226342946568657,0.000982740809900129,-0.001994420399600516,-0.00189482948082631,-0.0020204221822416324,-0.0019411228453044549,0.0017261135245818515
2015-08-27,-0.0020574785852061073,-0.001855294802459606,-0.001473095592502749,-0.0015393149563209807,-0.0023673992759294382,-0.0024344023659709224,-0.0020559043230297114,-0.0019595707383803784,-0.0013692847864843483
2015-08-28,0.001080524605303168,0.0011214669052861392,0.0009512173917434197,0.0010369842371309446,0.0005255380970046186,0.0004790476898537399,0.0009356749972864176,0.0009216942297798347,0.00045625761794521047
2015-08-31,-0.00799325754078295,-0.00807646784281757,-0.005534651721983308,-0.005560114031326946,-0.005822878371498863,-0.0058509640942092656,-0.005791219188501451,-0.005637549036523137,-0.010067577217249268
2015-09-01,-0.003507783736804604,-0.0035907348659152127,-0.003564181938170319,-0.003612770909716456,-0.0034148118236917435,-0.0031546084752898107,-0.003319073081423096,-0.0030396611484515557,-0.0056011931440524965
2015-09-02,7.89546922603801e-05,0.0001634786445801062,0.00016757040860615469,0.0002537256123815723,0.0016209548432086773,0.0017060695621513577,0.0018395670229958139,0.0016370441300568306,8.336962474042586e-05
2015-09-03,-0.00560962832076628,-0.005610306651139596,-0.005424247047223885,-0.005328449251473466,-0.003112580568030987,-0.005189496093063406,-0.004021749761209725,-0.004959782181926942,-0.005658602934892398
2015-09-04,0.0036099086963654603,0.00364601112768681,0.0034930307479907885,0.003735485728336041,0.001566495547197011,0.002779453850476399,0.002409442894977909,0.002371724842560319,0.0035933763908440053
2015-09-07,0.0022170557720730955,0.00221439061468498,0.002259972296439816,0.002214473025240027,0.0007626103764215575,0.0012969107012037462,0.0012500470717426992,0.0012883940377270697,0.001935251557416695
2015-09-08,-0.0015954632252366263,-0.0017080706497721865,-0.001775061118072574,-0.0018722715213407293,-0.0020699094793061867,-0.0027915409516080514,-0.0024482905735240257,-0.002742412347181866,2.5504285941169158e-05
2015-09-09,-0.0007691001577302403,-0.0008062995146007612,-0.0008404589666312079,-0.001041617011831364,0.00025686155627702156,0.0002551788463034388,0.00022809836409831696,0.000280739510527539,-0.001080051639060109
2015-09-10,0.0033100454010384084,0.0034612155464808225,0.003736327088524005,0.0038512473324539,0.0019630346114121178,0.002168023862551438,0.0030240950397397715,0.003450540922484535,0.00511724255603041
2015-09-11,-0.0024956835253774345,-0.0025508334202527516,-0.002385325826060214,-0.0024119119123345856,-0.0026152232766814,-0.0027048399643455623,-0.003025155742739094,-0.0031780521120304828,-0.002945531530450518
2015-09-14,-0.005050497167236712,-0.005119061897498334,-0.005034926652564886,-0.005016216843889421,-0.0028245942095488363,-0.0053763113586868805,-0.005267293446002408,-0.0051229248074653455,-0.004775150170953535
2015-09-15,0.0006482978953508134,0.0005039745223149872,0.0004185969455958727,0.00027389915683273536,0.0008038293146879205,0.0012048809367275481,0.0006252653278151499,0.0007106137947217039,0.0007876681838387967
2015-09-16,0.001425501630063497,0.0015165839520177027,0.0013562613889233077,0.0014563345272307071,0.0013597453087723643,0.00201403308193715,0.0019823822930458146,0.0018443141947819264,0.0012033549518031261
2015-09-17,0.00026245491882903593,0.0001930024739607017,0.00012500065093257184,5.4779737226562375e-05,0.000731480190137912,0.0007080105236845213,0.0007459832786702592,0.0011880934036907487,0.000604827532816099
2015-09-18,-0.00017481435023025682,-0.00017003986786623404,-0.0004562466086690531,-0.00042714090139928107,-4.313190652749377e-06,-0.0005118629524005769,-0.00059721214748365,-0.0005814045307989124,-0.0007020808311306581
2015-09-21,-0.0002212851752629863,-0.00015127475004417246,-2.509523614169229e-05,-0.0002084480181667736,-0.0006203984759282077,4.7181167474041885e-05,-1.1254434212681907e-05,6.478922795460917e-05,-0.0007388863716722982
2015-09-22,-0.0005864984883597879,-0.0004494792602416364,-0.0006796134377036189,-0.0005153557705045442,-0.0004896307523680754,-0.00013528897678338758,-0.0002568394564629317,-0.00012606483110066957,-0.0005939510479516796
2015-09-23,-0.000694254218618573,-0.0006720267805968572,-0.00033661603734436163,-0.00029727946994528853,0.0001155731144342198,0.0004839331833588201,6.852890684116986e-05,0.0002306944340664252,-0.00035220606915831176
2015-09-24,-0.0019930627464161965,-0.0021162904020659568,-0.0017520737398942776,-0.0018573694482497682,-0.0009520437334492593,-0.0009287674451868844,-0.0010019447751202781,-0.0012017024841981527,-0.001987603714638131
2015-09-25,-0.002098417270576469,-0.002160450212045917,-0.001964493135329204,-0.001977614746256906,-0.0008955071010511295,-0.0015965749358520798,-0.0016075232713361753,-0.0014907874003871058,-0.002374429526547872
2015-09-28,0.0014106104577475964,0.0013343664278693268,0.0011073019170300125,0.001040765260901244,-0.0004898970628470778,-0.00022309285192279038,-0.0003324207426301795,-0.0003981732269294769,-0.0020069282672284805
2015-09-29,0.0009702276744627536,0.0007947517062676379,0.0007376675274901601,0.0005723385193106001,0.0006745807461128184,0.0009368352896939047,0.000747068907960502,0.0006763515423657829,-0.0008346341535888646
2015-09-30,-0.0003063621517259696,-0.0002503231185017052,-7.174370235707439e-05,-1.526395758844057e-05,-0.0008822244139414792,-0.0008648990929583933,-0.000659410317787601,-0.0007278775264362158,-0.00021368229435636543
2015-10-01,-0.0005891438488564438,-0.000602694712317553,-0.0004704002844782007,-0.0004963236307030661,0.00013900899625807206,5.287358720829083e-05,-0.00010223727904212776,-6.834355042451001e-05,-0.0026927096231432746
2015-10-02,-0.0002345257347842189,-0.00020445850512063046,-0.0005241758496843385,-0.0004906279880358966,-0.0008019886072614391,-0.0013195127852649868,-0.001187878452081348,-0.0013938512296277628,-0.00092687134934899
2015-10-05,0.0020380457907924754,0.0019038812832823382,0.001990173686546415,0.0018598263519398195,0.0017532188179643082,0.002316675995112538,0.0020681808754945408,0.001831881312721162,0.0019010443545346423
2015-10-06,-0.0009546048856721168,-0.0009018999882284273,-0.0010352578073318242,-0.0009559047708783686,-0.0025705268009430515,-0.0038061678882366223,-0.0016397365676250608,-0.0015422243328154783,-0.0037271266024571093
2015-10-07,-0.00031056577856558576,-0.00039900648137103367,-0.0009876427863345638,-0.0010662908393574977,-5.110715299994073e-05,-0.00018955005439358352,-0.0004761222804454679,-0.0004939962023500222,-0.0020243118310311337
2015-10-08,0.0004062320854574253,0.0003571164610638444,-7.573841127472836e-05,-0.00013972573746012795,-0.00039227678578257485,-0.0006433826460549019,-0.00035290983559910227,-0.00035726616838893666,0.0004921874275436444
2015-10-09,-0.0013314373672363988,-0.0013048654889715738,-0.0012028319822964262,-0.0011755010052340031,-0.0007205633940943201,-0.001253430585491544,-0.001389249192595976,-0.0013638077250078817,-0.0007437798640335114
2015-10-12,-0.002584240937640092,-0.002640049593221616,-0.0022209452952052233,-0.0022582621531633817,-0.002354301838628503,-0.003020336166948079,-0.002602780673632954,-0.002558076211695015,-0.000816712789096341
2015-10-13,0.001955133912471041,0.00200968989718997,0.002258303818619467,0.0025338746452956418,-4.0796233081841216e-05,-0.00023495532160344723,2.3314792081841063e-05,7.322057554204342e-05,-0.0011083045704152195
2015-10-14,-0.00047063632593502547,-0.0006018705531047885,-0.00028579811490481166,-0.0004282180348404996,-0.0005142738391024082,-0.0011149419382643355,-0.00019523524152920135,-0.0004532686473309733,-0.0016174640801159823
2015-10-15,-0.0023167535136411344,-0.00228313436507277,-0.002261378985525586,-0.0021794808300380497,-0.0005571012300317202,-0.0009854846509715909,-0.0015753547326951,-0.0015254345619101217,-0.00041192820068336466
2015-10-16,-0.0014270703299321674,-0.0014796385624413766,-0.0016019080505176309,-0.001674737072646093,-0.0012466706054191645,-0.0010859355074270827,-0.0010289341528582074,-0.0011565938568548484,-0.0013762064639497584
2015-10-19,0.0006933605964096756,0.0006744551996735737,0.0006571075911485647,0.0005767196488863924,0.00043583383164524925,0.0008617385264593214,0.0008900720398654638,0.0008414054922507574,-0.0015530694561060043
2015-10-20,0.0056877499751997185,0.0059995312551419655,0.00560512610735775,0.005989272536243595,0.0011007238326470326,0.0017856691158926186,0.0015703914518334638,0.0017801445664415994,0.009331752416262828
2015-10-21,0.0009709497286873869,0.0008924638135610063,0.001022463206246771,0.000935363587228677,0.00029670787452706904,0.00035887400018430604,0.0002888464013128811,0.00022987726087264626,0.001189235397969668
2015-10-22,-0.0014001694535240583,-0.001229783333153267,-0.0012289677571389879,-0.0011675963858206462,-0.0004799098294133719,-0.0013971011258999688,-0.001177104942431284,-0.0011572196624524134,-0.0010940012341139616
2015-10-23,-0.00300503348832315,-0.0030161038907197124,-0.003152315103261305,-0.003122082487665878,-0.0019528980897758341,-0.002619173012409659,-0.0026438472878260733,-0.0025693861812585705,-0.0022020577765575755
2015-10-26,0.0005488359643404106,0.0006172478780979151,0.0007482688781428326,0.0007066826644628321,0.0005718057051860015,0.0014453102599494283,0.0016690374335330826,0.00173626466556831,-0.00281852567312757
2015-10-27,-0.001374753221819347,-0.0011875669022006763,-0.0010698054846536298,-0.0008989767222257194,-0.0015785615143520948,-0.002220739024423768,-0.0014581360085109685,-0.0018248076919388234,-0.0027714671377933042
2015-10-28,-0.005933242499405744,-0.006013855222469555,-0.005782435681876419,-0.005837874981206248,-0.0023434683044705196,-0.005392362806066586,-0.002429196500991715,-0.004996522307043949,-0.002059631319203614
2015-10-29,0.0019520988452570442,0.0019265915838195813,0.0018453887083960119,0.001528478929747168,0.0006155464691512957,0.001396208013394018,0.0011508040030241418,0.0014671712776614942,-0.0006971352518739815
2015-10-30,-0.0043712043306063375,-0.004056217203105672,-0.0041174507580965525,-0.00403408891860868,-0.0028735194772308015,-0.0030195523827858395,-0.00296343227754714,-0.003974109107152013,-0.0014009677046500357
2015-11-02,3.760066498625925e-05,8.921030468300728e-05,0.00017431527281153159,6.866471271282926e-05,-0.00020012084172416067,-0.00013109447245573946,-3.155177395230968e-05,-0.0005010509596633517,-0.000363383961544006
2015-11-03,-0.0009023647312507155,-0.0008592752580149909,-0.0008563740599316638,-0.0008099541958906942,-0.0007221166975948101,-0.0006736611244184676,-0.0006643291441230659,-0.0008189669122065091,0.00036184173439357536
2015-11-04,-0.0012975638434642445,-0.0014345319610729046,-0.001327471454832141,-0.0014354534229619187,-0.0004901489319650842,-0.0006072913571135707,-0.0005851928056440636,-0.0005961463926533739,0.0008279945182454451
2015-11-05,-0.002762762592176893,-0.00266307479568495,-0.002774140521182078,-0.0026793979114131394,-0.0019518238181566172,-0.0018425999030367013,-0.0019233065488087897,-0.0019442714781967574,-0.0012383506466019378
2015-11-06,0.0032167394146196404,0.003199402278018626,0.00322320219105543,0.003224354055849421,0.0016439679480724223,0.0017039434153975908,0.0016179926678332457,0.0016150582989764573,0.0018726405921829503
2015-11-09,0.0006581927570246116,0.0006518088530367283,0.0005665983970875033,0.0005547426417047419,0.00021721044990430372,0.000259414364596422,0.00020519711557942522,0.00021523853372973356,0.0013772215567628976
2015-11-10,-0.0005757414172422592,-0.0004952700725265879,-0.0005058687662151673,-0.0004159051242226264,-0.0011215820713044167,-0.0009814649569355183,-0.0008734406459591781,-0.0008490736031042667,-0.0002783631063879577
2015-11-11,-0.0031064064059862506,-0.0030547605813964207,-0.003100339607584046,-0.003060443437706173,-0.002578238733748961,-0.0025273219114633205,-0.0025581833396898235,-0.0025067276790480264,-0.00015414663679058638
2015-11-12,0.005078129304615153,0.004749281748272827,0.005002131207008098,0.0047171016718754455,0.004033142194035166,0.0037005808431651577,0.00391839472463773,0.003709325750933523,-0.0011353479812067357
2015-11-13,0.0024552379673568048,0.002466269142537225,0.002458883106528198,0.0025183474054060184,0.00021542443973188163,0.00023759737083550725,0.00031564055203081587,0.0003508796043325546,-0.0006655148459308036
2015-11-16,0.0010073263473282523,0.0011840617859479874,0.0009351540201993913,0.001248976096059673,-2.6144247333714787e-05,6.997467640434962e-05,-2.6594385603262438e-05,0.00014544368112878736,0.003082177312981882
2015-11-17,0.00029503020873522523,0.00031071698519458124,0.00017715605265133938,0.0002246852936238497,-0.0009962496656147346,-0.000899125094828257,-0.0006212794948086131,-0.0005452961751470919,0.0007818317153998056
2015-11-18,0.0003518648321680917,0.00023310676614740622,0.0005140825582012898,0.00040405443997570956,-0.0001695653917018758,-0.0001804844173789455,-0.00018334419570087412,-0.00016363222327175908,0.0004154766684925093
2015-11-19,-0.003458559229269298,-0.0034949619312988345,-0.002506717178153428,-0.002551205651701971,-0.0012773155801480973,-0.0011324817239388718,-0.0016662590706651992,-0.001617908124263212,-0.001607730777416383
2015-11-20,-0.001310943804778586,-0.0015068780020109918,-0.0012544785560217875,-0.0014904640174460138,-0.0008767980556725341,-0.0009409327992709882,-0.0009556471457289328,-0.0008689877562497728,-0.003149126101400168
2015-11-23,0.0001764631630589708,0.00018112740971565344,5.9192911567640394e-05,8.854747190567558e-05,7.530339097483463e-05,6.980076997820106e-05,8.32288724674779e-05,7.847742661759582e-05,0.001150921442078845
2015-11-24,-0.0010485789693277514,-0.001172081548685644,-0.0011604790847317137,-0.001179062616539328,-0.0016734424258897374,-0.0017067449144785307,-0.0006361421176677151,-0.0006175974727480327,-0.001226864099342695
2015-11-25,-0.0004034578425659019,-0.00030002663219363956,-0.0005221347584548619,-0.0002991381235851742,0.0002771468998081783,0.0002660425688565393,0.0002421007330115632,0.0003274179401768773,0.0017065358941150688
2015-11-26,-0.002064986173771155,-0.0021111585323017046,-0.0020172258196177184,-0.001932868549414657,-0.0030864999912020297,-0.0029398882313738106,-0.0031423173586572206,-0.0030262785615718935,0.000874683036997892
2015-11-27,0.0010076221921411221,0.0010277546339796384,0.0005729856297098657,0.0007695665350015979,0.0006261478499656192,0.0007612330668129719,0.0004991364478157401,0.0005097861458465136,0.0010820290625788154
2015-11-30,0.002159672450843253,0.002232505750068059,0.0018828970715949467,0.0019335764690895374,0.0010550288600985613,0.0010397473286349879,0.0009698073694826004,0.0009871729699828524,0.002764391189231219
2015-12-01,0.00032047529135814656,0.00036747162443973025,-1.152252884251137e-05,6.454073301775942e-05,-1.3529365288089679e-05,0.00011783793516451091,-0.0001533790809754576,-0.0002061881972905688,0.0005010255050708068
2015-12-02,-0.0007850372086055657,-0.0007289090810237431,-0.00016990381528803056,-0.00015221481632854417,0.0002627971343893698,0.0003747634171096248,0.00034335961221643174,0.0003506565924296101,-7.336228377452514e-06
2015-12-03,0.00021784902984411936,0.00017793175704983177,0.00036003273410267767,0.00030961983636124124,-0.0010002891031535288,-0.0010044673142919347,-0.0006611979083285258,-0.0006445693769716598,-0.0011362456983655678
2015-12-04,-0.00018039038740969016,-2.7489139353575887e-05,-3.9849373042466496e-05,0.0001293867808167537,-0.0010394473379968794,-0.0010168824239097374,-0.0009988946533003862,-0.0009809032643548488,0.0003635144153049108
2015-12-07,0.0019316036278385074,0.0019247304571907708,0.001966995359137469,0.0017585898009260248,0.002246771118928237,0.002376007536820879,0.0020423275746566105,0.0020566892437885453,0.0033521106953120494
2015-12-08,0.00024183482261985745,0.00023552332212117832,0.0005181205561448632,0.0005302428530897796,0.0011879917485901892,0.001060452613074414,0.0011493772035255923,0.0011025353640876645,0.0011529640959204723
2015-12-09,0.0007880975101570709,0.0006683830070839392,0.0007366044846013331,0.0006034589188304018,-0.00039296052502912904,-0.0002624366475925122,-0.0003978967270381606,-0.00032549126294634245,-0.0010447467118133158
2015-12-10,-0.0025028820452807077,-0.0025507087478494617,-0.0023034461212587676,-0.0021736368021189056,-0.001890133384106485,-0.0018735808407286392,-0.0018314780265341613,-0.0018624394063154748,-0.0015076268576659224
2015-12-11,0.0010578618264271977,0.0010989048207250551,0.001178230891929699,0.001208006430962305,0.000989293442976269,0.0009364956571815686,0.0012892515787332748,0.0011474966584472668,0.0017387913876341088
2015-12-14,-0.0005697143566801843,-0.0005262109824349936,-0.0006779347833201221,-0.0006179262773153837,-0.0005665935509754361,-0.0006294282423987552,-0.0005467560341751998,-0.0006388688923727459,8.631455434837676e-07
2015-12-15,-0.00046018860304120057,-0.0005222263174315955,-0.0005422058315224243,-0.0006023704437139177,0.0007356752058256255,0.0006875288083243447,0.000942174754109848,0.0008601398267469307,0.0008687738467616501
2015-12-16,-0.003519762822419392,-0.0034207127237095847,-0.003199742475212153,-0.003140062454590087,-0.0006187697691714122,-0.0008841180856719033,-0.0005881576703721247,-0.000653023641233097,-0.0017578410983130066
2015-12-17,-0.002391771606812698,-0.002528454272798575,-0.0020312607449743947,-0.0024939670582989626,-0.002812219523822379,-0.0022943149405538765,-0.0025451773407098033,-0.0020889975666551486,-0.0057449926946399055
2015-12-18,0.0018395392341077343,0.0018182585141535146,0.0018291848887765916,0.0017893533913801996,0.00025884558775302047,4.1702238705587646e-05,0.0002685130178310402,1.037955670302182e-05,0.002659096322260135
2015-12-21,-0.00041470615888195006,-0.0003512325471239919,-0.0005806906117855615,-0.0005148537774323225,-0.001279080729923887,-0.0011411050197032147,-0.0012216722531411817,-0.001164497964564859,0.0013750872651216994
2015-12-22,-0.0019991334078124368,-0.002069587560812103,-0.0020363065589347196,-0.002088981166163184,-0.0005403614158275838,-0.0005749808391098954,-0.0007546826254536398,-0.0007877459616791871,-0.0015142771711580405
2015-12-23,-0.0026491097285124,-0.0025630825609797014,-0.0026244294008369584,-0.00251749117012412,-0.0015444475434416294,-0.001420328759472067,-0.0014824470804664092,-0.001364064046260105,-0.0006799842660406563
2015-12-24,-0.001835855929577579,-0.0017644024087040133,-0.0017972099459739876,-0.0017176731140248203,-0.0015823280550272267,-0.0014575955512632355,-0.0014000240968591315,-0.0013639382980261683,-0.0009740941938840564
2015-12-25,0.0007086118901429295,0.0006770070998958211,0.0007122731542834604,0.0006721533555928971,0.0005839311632160893,0.0005398937596015063,0.000567734333331904,0.0005315346523842024,0.0010156850740521417
2015-12-28,0.00032784061273849474,0.0002658038845533284,0.0005196180185453869,0.00045194936745285297,0.001107142741153977,0.0012449772297347117,0.00118973818297885,0.0010921103134773347,-0.0005791560258763262
2015-12-29,0.0001392215217288495,8.452346352916251e-05,0.00011711084372700853,6.240038075144838e-05,-0.00015087283852444067,-0.0002511252262206165,-0.0003161214986617811,-0.0002587259754168736,0.0022208015208060594
2015-12-30,-8.330069193362988e-05,8.972356385483771e-05,-0.00012052428633990697,5.137632013507698e-05,-0.00032546832488111743,-0.00045459363830469,-0.00031157141070659033,-0.00044231626872681673,0.00090760513143473
2015-12-31,0.0008504863802105689,0.0007863796581748517,0.0008710532388658265,0.0007959547094349428,0.0008049351133856408,0.0008439627736387401,0.0012714052468518755,0.001278169388108319,-0.00033439255244205324
2016-01-04,0.005166688680577458,0.005066672396788707,0.004099201954362641,0.0039620689322463765,0.0030139604849119817,0.0031425751049374284,0.0016387715379164725,0.0018902283316326596,0.0014432906596753003
2016-01-05,-0.0005263448775190138,-0.0005433451862760785,0.00022237682905656975,0.00047985559256646937,0.00028574640378731253,0.00013597546903509894,0.0002524208994614252,0.00022349868073945345,-0.001493728027466279
2016-01-06,0.005450788388419836,0.00526133237754034,0.005538230128949051,0.00522674277205204,0.0032038020226716757,0.0032327292801905827,0.0035614675565431853,0.0034813609381181276,0.0034102109080198506
2016-01-07,0.0012286658747604484,0.0010985297701398,0.0012082625359430832,0.0010958731200061411,0.0010420903573462592,0.0010349745083289008,0.0010506002740113818,0.0010272680061733652,0.0020399494376974747
2016-01-08,-0.0009705827931448807,-0.0010441567071488578,-0.0008358357833893049,-0.000827872253041595,-0.00019547037964950942,-0.00044385190046336565,-0.0002612741989745926,-0.0003632157427696514,-0.0032051032766073906
2016-01-11,-0.0034122103477932653,-0.003456510402336299,-0.001641026490154851,-0.0035023494140624667,-0.0018762487365638902,-0.0019890840238659946,-0.0018597472639655388,-0.0018423457646331576,-0.0025383773205486238
2016-01-12,-0.004096421786665694,-0.004071990245540058,-0.003980783548512723,-0.003906479517208683,-0.002793835743449269,-0.002625323240675659,-0.00250375295088201,-0.0024015482186058312,-0.0024526885323736813
2016-01-13,-0.0005508143772228191,-0.0005688333702111859,-0.0005452721858207887,-0.0005707029607907588,0.0017049239430946272,0.0016836863882094821,-5.5540681027976824e-05,-0.00015877294516997154,0.0029007018654279015
2016-01-14,-0.0001691523561384578,-0.00015496351445487555,-0.0005278902775640582,-0.0005045184217871146,0.0008095936514571633,0.0008362312115584025,0.0005351096792034493,0.0005502989356434007,-0.0012351301531657866
2016-01-15,0.001309616693099036,0.0013861807198680687,0.0017248351531966577,0.0017787814116465572,-1.7039301654975247e-05,2.6557785798075884e-05,-2.823615855240824e-06,0.00012437826515365735,0.0013919477618320464
2016-01-18,0.00019342400626021217,0.00026051304321428326,0.00022974011941268024,0.0002485152940541191,-0.0003382565830544193,-0.00025238954571216166,-0.00024662465671221323,0.00010852708105191233,-0.0011023931849802882
2016-01-19,-7.290424134864804e-05,3.135162096312705e-05,0.00045197027933019385,0.00038708807636611553,-0.00038709910341061526,-0.00018262553098413736,-0.00035008144973736055,-0.00023335872078733555,0.0009036865012381767
2016-01-20,0.001683723079532795,0.0016063500918288565,0.0014905918540928376,0.0015023690116837685,0.0009747037121672353,0.0010802754570224948,0.0008501840243650971,0.0008757665643623902,0.0014800959048402174
2016-01-21,-0.0013144949560184305,-0.001296110256619687,-0.0011854056468599827,-0.0010564143236659884,-0.0005437718920695556,7.542664966320167e-05,-0.0003603650028145555,-0.0003167252329794312,-0.0015800064227387
2016-01-22,-0.0012115442724266456,-0.00112058256323877,-0.0012654981399793375,-0.0012040503659823676,-0.0005955117972051838,-0.0005008109239686975,-0.0007906144572604745,-0.0006928611365156767,-0.001222492300148037
2016-01-25,0.0026863311925946487,0.0025389385579508428,0.0025624807962953966,0.0025196521135768535,0.0015898176260105146,0.0025623995931307597,0.0014345110658611215,0.001278945625532435,0.0023305479188868716
2016-01-26,-0.0021651952913877004,-0.002061569349131598,-0.0021080870245695493,-0.0020207063636339395,-0.000766262693324804,-0.0008700754101828023,-0.0005923300287262734,-0.0006581670491848657,-0.0048324519484420625
2016-01-27,-0.00165808155909275,-0.0014769668966300165,-0.0013871517967820601,-0.0012168753089187856,-0.0017172839130841222,-0.00152460552382494,-0.001467572190807065,-0.0013568133047460185,-0.002497204819945864
2016-01-28,-0.0011273706340432232,-0.0011875092819149113,-0.001302686427926858,-0.001344683179093753,-0.00023215240093921174,-0.00013768773583344718,-9.23314306325862e-05,-0.00015892764227198874,-0.0019289126865661421
2016-01-29,0.0032787428168030708,0.003200112802524746,0.0028827316176993634,0.002821368272856839,0.001901723378475273,0.0020516963225098994,0.002225893034378812,0.0022062379808396315,-0.0004637184218757584
2016-02-01,0.0011981446791384798,0.0011351151437097862,0.000866958052643918,0.0008174150728292862,0.0008248011056011251,0.0007690279407708278,0.0007285849732432403,0.0006818860612216593,-0.0005485473422514042
2016-02-02,-0.0018859469604280976,-0.0020423366146921085,-0.001923557302319523,-0.001989060274061538,-0.0022304105218838854,-0.0022245083093412887,-0.002219455353414612,-0.002333375742065935,-0.0010572042445680108
2016-02-03,-0.0046904167202584945,-0.004551362052664487,-0.004033262566489726,-0.003976584203279843,-0.003028328489514176,-0.00279066306595932,-0.0027713779954756657,-0.002586471799511547,-0.006374481570867396
2016-02-04,0.0006962127842315979,0.0006709479262076989,0.0006251676737538681,0.000645665298019793,0.0007603989205795525,0.0007388734654154572,0.0006296083852090906,0.0005727013222927013,0.0013937136231894076
2016-02-05,0.0033561603247573846,0.003360969708129824,0.0032123272923947344,0.003190650658799088,0.0028772974901525306,0.002797101670079627,0.0025536209990806302,0.002500724898352402,0.00010704285412188597
2016-02-08,0.0035701192809154403,0.0034541245502741624,0.0032876315213399288,0.0031442016668128403,0.00272106013705975,0.003064939886386897,0.0026976985274562715,0.0025062405963955925,0.0032309655828928197
2016-02-09,-0.0004909952106688653,-0.0005071141176684613,-0.0005449556250286536,-0.0005711228907797627,-0.0004229055159785666,-0.0006874109280428087,-0.0006790776082618022,-0.0006043704037449471,-0.0021991543449827455
2016-02-10,-0.001070962574650225,-0.0011218847755929406,-0.0010396972188102538,-0.001085522707684472,-0.000891070714183706,-0.0008439050086024302,-0.0008260106432919079,-0.000819602588861601,0.002263819233753628
2016-02-11,-0.0019885097406571184,-0.0023242369079262692,-0.0018435828532606946,-0.002161642094511751,-0.001460031147288765,-0.0013986086246942087,-0.0013955166217710646,-0.001375717188971115,0.0010404191444235433
2016-02-12,-0.002965998425059402,-0.0027807078496345783,-0.0029935165685998077,-0.002919279793155094,-0.002236263762224855,-0.00215100404529156,-0.001898977238504851,-0.0015645336560109468,0.0011176398336467663
2016-02-15,-0.0009393539270208251,-0.0009586147399757161,-0.0011621462733371057,-0.0011574015779610702,-0.0009117500263268186,-0.0010832369523153806,-0.0009948686281227026,-0.0010071198416827798,0.0006121371390943597
2016-02-16,0.001287939382458969,0.0014093017723633139,0.0015273093996617249,0.0016345305488871809,0.0011768623190149263,0.0013360913918947226,0.0016758840646908801,0.001730972738804848,-0.00047239152391931327
2016-02-17,0.0012525071796225529,0.001327541704287949,0.0011858944410814143,0.0012368480600926102,0.0008212959433251399,0.0008212726705874029,0.000870540188566471,0.0009633560297406252,0.0002231819926805656
2016-02-18,-0.00022728245226166788,-0.00024398812522052893,-0.0005027416542554564,-0.0005141346782014944,3.6690672480244046e-05,0.0001672867365813957,-0.00023913736540825958,9.764729362871094e-05,0.0003887928231420812
2016-02-19,0.0015455065842742144,0.0012288767620229901,0.0014623286312727135,0.0013510144879693708,0.0009806772729574753,0.0008044049124904529,0.0008530708235046092,0.0007247944272887885,0.0017811505703306807
2016-02-22,-0.0024586506605595027,-0.002416906770560834,-0.0024142297420834957,-0.0023416153441461196,-0.0010406006665932832,-0.0009328926697552697,-0.0007129703054559178,-0.0007783214364327495,0.00045434536765176503
2016-02-23,-0.002445533853113968,-0.0024049202560889604,-0.0023932921002413066,-0.0023217245240282347,-0.0015523303888073103,-0.0014411766134656556,-0.001795312030371643,-0.0017925022502566224,-0.0006410786942263602
2016-02-24,-0.0027837054646516757,-0.0028230486663470833,-0.0023227445793129187,-0.0022633106641953837,-0.0018190711630795553,-0.0017772588427446001,-0.0013967131068427507,-0.0013714587808947298,0.00020098723424033516
2016-02-25,0.00048206828365793264,0.0005609905474595056,0.0005183671606829865,0.0005226381521579171,7.603301036018806e-05,3.691630129520895e-05,-9.953518628535996e-06,-3.0649560018414235e-05,0.00110984797599456
2016-02-26,0.00039032834062968647,0.0010622326745555188,0.0009324814704825268,0.0009038815996402771,-0.0003588738099495892,-0.00040480095422035234,3.303938920051763e-05,0.00011731459123809351,0.002077063562062831
2016-02-29,4.755873032857849e-05,0.00039362223382388706,0.0005018823958364838,0.0005030299214441314,0.00016540113297747183,0.00014139559989434503,0.00014691847588887974,0.00020743378161891535,0.0010106101402533874
2016-03-01,-0.0019070191717357465,-0.0025518640957079564,-0.0025919154737814587,-0.0025174296383077,-0.0024733390737169403,-0.002446015018383263,-0.002027903475303461,-0.002029101619229756,-0.0010568038499925159
2016-03-02,0.0005757830214045967,0.0013089367973866395,0.0014558396908457283,0.001894565111098867,-0.0002676113870511143,-0.0006885862787485708,-0.0001397013987541884,-3.966346711914426e-05,-0.00012090348392956862
2016-03-03,0.001458069773793591,0.0018767815770854845,0.0019103755633225195,0.0018421111474440366,0.0012137852481934885,0.0011137700494194824,0.0017164297201284207,0.0016569779496362624,0.0016430005796257419
2016-03-04,-0.00048671473995476333,-0.00150441088817721,-0.001053765503078008,-0.001066806518050134,-2.366594752523099e-05,-0.00021581483866883744,-0.00018365662514863157,-0.00019698249265276413,-0.000789626918716424
2016-03-07,-0.00011113970740750378,-0.0008828889252084915,-0.0013632103615951463,-0.0013419582857404633,-0.00025721976918868794,-0.00018409526880169835,-0.0007062492495114592,-0.0006745558527878615,-2.2669475764902636e-05
2016-03-08,0.0025126522710181565,0.0028375410784475807,0.0019276939934544934,0.0018881490025464132,0.0013805891741538456,0.0015595740841838346,0.0006450808876516945,0.0005109669440070963,0.0020418141704516835
2016-03-09,0.0010439680204077373,0.0016863415769021728,0.0019938374527568303,0.0021414288586076857,0.0017968630904452443,0.0015998156790162366,0.0018875277457406359,0.001844768766165128,0.0022399235300634146
2016-03-10,0.0025083289735801095,0.0030852372620802093,0.002763394116365614,0.0027527923384651487,0.0019117301094775385,0.0018402234820451557,0.0014546718255308289,0.001303936385226967,0.0022307351204340353
2016-03-11,0.0010702229558878784,0.0021262267563104675,0.0022574275189333193,0.0022410064637423677,0.0016670542961179091,0.0016154749368828547,0.0018469749179164108,0.0018222693670073564,0.0018055282697373443
2016-03-14,0.001353440053647459,0.0013218977855111724,0.0020482001636485947,0.002124435007150538,0.001969578049099363,0.0018740242612313995,0.0020664400905250346,0.0019746945142311567,0.0010807124890996889
2016-03-15,-0.0015056258992576232,-0.0026395254177182803,-0.0018042361541724672,-0.0018450972477471739,-0.0019401145235858896,-0.002776281597747121,-0.002030333971301812,-0.0013132973428204853,0.00024754025787543377
2016-03-16,-0.003002961911956481,-0.004906265036241808,-0.005307530900859558,-0.005323193654858116,-0.0046343555367490685,-0.005229830003193214,-0.005128486158292311,-0.005082166794621923,-0.003250134023206841
2016-03-17,0.0008657225123223089,0.0017111684046038356,0.0012487533338092494,0.0007840880841427644,0.0012414507795168728,0.0011633645242024038,0.0006747469092089897,0.0006952834870681546,-0.0003337829335386955
2016-03-18,0.0002834852646433905,0.0005441952509375181,0.0006370752066460206,0.0005990290900255157,3.692993327897298e-05,6.040407464147357e-05,-7.784287386680688e-06,1.1974580109042066e-05,0.0005220870049678084
2016-03-21,0.001593789918528321,0.0020918180364759564,0.0020491194543283964,0.0020600618000128357,0.0018215776778829351,0.0016186547433283405,0.001808022238468654,0.001637104914927523,0.0013110782258793918
2016-03-22,0.0028514603629758994,0.004145011726307324,0.0035231996361566598,0.0034160891176837627,0.0023273427468539776,0.002218777841501929,0.0022811306197698666,0.0021702583730225378,0.0034191285028164486
2016-03-23,0.0016659505557390375,0.0009087015678155286,0.0016052941485700245,0.001532921232890283,0.001458188244284564,0.0005855231621141321,0.0016661430851123704,0.001577932567280449,0.0007001268695852048
2016-03-24,-0.0013340088566294872,-0.0013727427813349236,-0.0014920136475787826,-0.0015068286227415406,-0.0024295476719046194,-0.002378088830156999,-0.0023920320308421505,-0.002369744979721644,-0.0013192839749861518
2016-03-25,-7.306699903031344e-05,-9.457260011391799e-05,-0.00010636016209619736,-9.644791605289971e-05,-6.139025976825696e-05,-4.6538099609527706e-05,-5.89881112148527e-05,-5.670470168828157e-05,0.0007081838559372944
2016-03-28,0.0022767296290551187,0.0025304021673235866,0.002541656076955112,0.0024433660090832365,0.001911729090855463,0.001723967283936867,0.0017937229782505337,0.0016776028536935605,0.0019910333695323246
2016-03-29,-0.00016055698307182453,0.0003459182614409251,0.0003075216310852724,0.00027255413202387224,0.0001339530877528805,0.00016129417332022555,-0.00024112932947817356,-0.0002074236054464551,2.8840799393137218e-05
2016-03-30,-0.002792806268081094,-0.003807473922258886,-0.0038001312762256934,-0.003724588340984547,-0.003666949320750623,-0.0030818654541560075,-0.0037438612226586843,-0.0036844007911556176,-0.00222686184383325
2016-03-31,0.0016778369211603028,0.001900422707775018,0.0020308130578690076,0.0020161724603882103,0.0029768364589390917,0.0024111111627367343,0.002526583067467225,0.0025472174370835265,0.0010121794879331958
2016-04-01,-0.0024066092134616968,-0.0035655498007634012,-0.003628769708477919,-0.0035863068861025083,-0.003386862151027681,-0.003246609749163243,-0.0032544205402084136,-0.003104236095312296,-0.0019229279936890942
2016-04-04,0.0030882714500584107,0.004449839750951812,0.004413447097419532,0.004427208229904611,0.0038103315225870293,0.0036950542942892906,0.0033014136048108433,0.0032788973521515885,0.0017040056999775288
2016-04-05,0.0020657917670574566,0.0029066350148643227,0.0028227556917150842,0.002884129311530259,0.0026277913107126682,0.0028326327203120893,0.0022056657123108447,0.002252677512584178,0.002391563262349905
2016-04-06,0.0001429361972657972,0.00011117893867629292,-3.4768632017900813e-06,2.6263226658773675e-05,7.802852093008461e-05,2.6039503141728204e-05,2.3587790461077063e-05,-9.923637274145136e-07,0.0008756583944748986
2016-04-07,0.0005446590685953545,-0.00011690284694210185,-0.0001542301606914931,-0.0001922511992463738,-0.002005863634922944,-0.0019424058725390214,-0.0019223258159223322,-0.00203391682860965,0.00086349865487656
2016-04-08,-0.0016644942493805326,-0.0012736827509185478,-0.001166491198305919,-0.0011919290223674217,-0.0006873012927922639,-0.0008792216849531354,-0.0004412454348365902,-0.0005661819978519667,-0.0019616133310103034
2016-04-11,-0.0003648271101677203,-0.00031658728081529475,-0.0003372354771605801,-0.0002960234929343386,0.00021000808941584737,0.0002607956425959568,0.00012139165492697224,0.00022545820752561951,-0.000985090727833371
2016-04-12,0.0006522680261427105,0.0007768121073179479,0.0008684386692239254,0.0008687941731437832,0.0006815989436221859,0.0006779487052317457,0.0003434530060637542,0.0007517350627033181,-8.388050242558176e-05
2016-04-13,0.000377138443843128,0.00043243809222737184,0.0003326364767732848,0.0003485687999571496,0.00045442318454580466,0.0005364296074785724,0.0003211027284906187,0.00038422488097400453,-0.0005432426927883816
2016-04-14,-0.002921303170011824,-0.00418826011931317,-0.004226524811797527,-0.00412524045101037,-0.0034251583706490507,-0.003183179358639432,-0.003517270218137747,-0.0033654388499201326,-0.002326974695764261
2016-04-15,-0.0027322140714938215,-0.0029519103783256506,-0.0026837249139251007,-0.002343112658368285,-0.0026968253325201363,-0.0024976010534293325,-0.0019239166935247631,-0.001577193230795082,-0.001259305470185157
2016-04-18,-0.0007742003035461353,-0.0012692113454146892,-0.0011742225655098082,-0.0010483784415219466,-0.0012548071221181178,-0.0011116087490066207,-0.000857093064560499,-0.000846636843269688,0.0002181806760936933
2016-04-19,0.0003802643222188262,0.0010152030290826453,0.0010040181483943478,0.0010514554969749401,0.0009319955171069871,0.0009473482901358743,0.0010914026643580321,0.0011075875209987096,0.0013083192358676055
2016-04-20,-0.0010814917839225835,-0.0019820969309660708,-0.001900516269106589,-0.001948081491155107,-0.0013992552814628967,-0.0013871044983194691,-0.0010845590264142446,-0.0013770070138017232,-0.0011346643179087623
2016-04-21,0.005784306915510351,0.00798818211546215,0.008182338717383386,0.007827468037715724,0.005961087964052814,0.005717479044469176,0.005247760173312965,0.005116422621794348,0.005373673007885271
2016-04-22,-0.00010754943239754677,0.0009776445893214802,0.0009747540308138181,0.0009829714571301107,0.0010811764963780668,0.0009402248592609297,0.0010355774298567155,0.0009203857123787351,0.0010408846548035644
2016-04-25,-0.001415124110577537,-0.002076358920225174,-0.0020709390945213846,-0.002122541016717494,-0.0016110565655138576,-0.0015340039752644863,-0.002087575641108619,-0.0020167881145809474,-0.003132723703295426
2016-04-26,-0.0023964518802951362,-0.0038994475114478844,-0.0037205692254368428,-0.0036941621343280495,-0.003469153152147242,-0.003309271700844718,-0.003484996308650512,-0.0034547944149874166,-0.0019932086229879076
2016-04-27,0.0022168267206836845,0.003066452434813405,0.0031144238138680613,0.0029237606665548643,0.0028055010269447678,0.002599169664565304,0.0022177549395159257,0.0019815840277277452,0.0013409034462703584
2016-04-28,-0.0005770538824990679,-0.0006574224307303034,-0.0006537982681812382,-0.0006796539130965451,-0.0007724400953829091,-0.0007528313225062533,-0.0006348389046697545,-0.0005595213255200626,-0.00014359953828602112
2016-04-29,0.0004399671254529114,0.0010804129509991434,0.0009904216304459368,0.0009856102278913426,0.00037440378987030343,0.0004015108200072781,0.0002493874998175105,0.000257260339925347,0.00044012303477347636
2016-05-02,-0.0027346367979531605,-0.004984903942099939,-0.005048514693942852,-0.004983685898921397,-0.003907835672699922,-0.003912760611913257,-0.003716540985761241,-0.003332929002368812,-0.00289962724886772
2016-05-03,0.0004346264967345359,0.0004571829817558992,0.00037279150551983165,0.0003274996015307785,1.2164922807533785e-05,0.0003073332844771848,0.00017726051570954304,0.00017701600313646537,0.0008292609300333265
2016-05-04,-0.0029266955825713037,-0.0042858767786844165,-0.004590228406426866,-0.0045646114546620264,-0.00295537603008722,-0.002905680054038795,-0.0027981842994336814,-0.0027852481635260995,-0.0026862223907735405
2016-05-05,0.0021299778964618543,0.0028740850430080123,0.0038858172226905463,0.003864028301914235,0.0006776988855270449,0.0005668771676223816,0.001633936347884113,0.0018584283744556007,-7.277262847960042e-05
2016-05-06,0.0003112748402303023,0.0004823154002493446,0.0003345287673446329,0.0003603783729795307,4.4189147915263405e-05,4.7487984965899344e-05,0.0005489362812234333,0.0005278783809019583,0.001366909130228633
2016-05-09,-0.0016455422563206312,-0.002403731332776604,-0.00203267153915887,-0.0019649167923471156,-0.0021128544321548093,-0.0024350689737937525,-0.0016526367474662962,-0.0017667868205260007,-0.0023224848998021352
2016-05-10,0.0003926715137723136,9.237329846212283e-05,-0.0005771592677170645,-0.0005926685108342822,0.0007647310055436396,0.001632918836332653,6.30911087813324e-05,5.243907667407122e-05,-0.0006985301571871272
2016-05-11,5.912417886033694e-05,0.0002560760184049382,0.0001526109077885085,0.00018261659093621319,8.681800065613032e-05,0.00035631514886547144,-1.4013278001434593e-05,6.54584596442298e-05,-0.000622962672155003
2016-05-12,-0.001169525105745528,-0.0008070065017988792,-0.0007349634370168445,-0.0007983704769424227,-0.0010932166775518004,-0.0006158827116823362,-0.00118853215637027,-0.001000260213317894,-0.001513001407275505
2016-05-13,-9.471120418713674e-05,-0.00023619783679262873,-0.00017212539679067884,-0.00022751370505968982,0.00025876503770416726,0.00029410087596626333,0.0002392217477333869,0.00027252846757241933,-0.0008414278148436427
2016-05-16,0.0008336758252724952,0.0006440832554384102,0.0014308746142277506,0.0014961613061494905,-0.0011280979382527478,-0.0010470327337727126,-0.0009491257127824948,-0.0010243608174654861,0.0028154333887064897
2016-05-17,-0.0018129972101464942,-0.0019688899350158717,-0.0020022562680862555,-0.002094080938999321,-0.0017349880675631146,-0.0020038640263292384,-0.0016216157558828215,-0.0016758223133710448,-0.002411580744812847
2016-05-18,-0.0008460451608024444,0.00020225581494970335,-4.390873921289451e-05,-0.00011674669226924284,-0.0012189555211887804,-0.001076986639376054,-0.00168631608549219,-0.0017451846432696705,0.00031731766237208525
2016-05-19,0.0011660575915117821,0.0009102538773317903,0.00108005693746005,0.0010116989521320452,-0.0007380156643738145,-0.0009021812551379682,-0.0005898645977032713,-0.0007539308883161011,-0.00013457723547305456
2016-05-20,0.0007899528018637803,-1.980304916027187e-05,-0.00011609388264677278,-0.0002019727746678246,-0.00044633198016452713,-0.0003612552900730259,1.8926539470554005e-05,-6.531028487111179e-05,-0.0006747545070354688
2016-05-23,-0.0011430053597607515,-0.002681034087921419,-0.0027234957910508006,-0.0026859515618739005,-0.0005140065250361925,-0.0005026875505461659,-0.0005618021243063431,-0.0010785964564443695,-0.002077906402451757
2016-05-24,0.0026863063214790373,0.0035633500452865174,0.0034217694153384492,0.0033705327326392087,0.0031286770974896516,0.003151806691933823,0.003062866489315308,0.0029468579521778615,0.003178788565616708
2016-05-25,-0.0009704629778817253,-0.0010478877752190252,-0.0011250043974060375,-0.0010058152760213934,3.45989442469552e-05,-5.590046702752538e-06,1.6494442913517204e-05,3.6279414337592186e-05,0.002705049469717391
2016-05-26,-0.0018059400230965306,-0.002824385021902187,-0.0027470055074942934,-0.0027176254950480594,-0.0007828876786601935,-0.0008658878845171358,-0.0005460056985501227,-0.0005380724352558319,-0.0015120114957560826
2016-05-27,-0.0004268684812038792,-0.0004723816237266476,-0.0005999959024248769,-0.0005829179939024209,-0.0005764044021586701,-0.00041058573910590646,-0.000639923355056804,-0.0005922731558407612,-0.00013636477510226008
2016-05-30,-0.0005017123339389196,-0.001396212328419244,-0.0013635981123029106,-0.0014642493938704648,-0.0010000801057823416,-0.0011974864170647415,-0.0010731813581200678,-0.0009625565078584808,0.0009033323651492786
2016-05-31,0.00029917127140000055,5.359414938999052e-05,0.00017099032958056704,0.00019619874371490376,5.250764710762468e-05,0.0002564416106600742,0.00020133492640184159,0.00011551681124766233,-0.0009539467933743495
2016-06-01,-0.00011862422259190097,-0.00021537236725399644,-0.00031667850284200494,-0.00024527831543552647,-5.100320911388678e-06,-1.7491841919348161e-06,8.098762680264215e-06,7.033263927569422e-05,-0.00019912450449566244
2016-06-02,0.00012057700901868529,0.0011560764879035013,0.0009270193461472509,0.0008981533189853508,0.000343655096204154,-0.0002828437030385489,0.0003267089875842455,0.00025938319213669736,0.0006830711662708655
2016-06-03,0.0001669259461507533,0.00022077123044228486,0.00015679814452074226,0.00023759037183435083,0.0002939727661630531,-4.976471479090083e-05,0.00042115528318342754,0.0003277490126651905,-2.3994094475288108e-05
2016-06-06,-0.0016051087375646977,-0.0017925815042738602,-0.0017820790437486078,-0.0018672495469014283,-0.002911664040289308,-0.0032222206443521806,-0.0028648945476107412,-0.0027470833218579127,-0.0009052577891263125
2016-06-07,-9.45170291639652e-05,0.0001934344544132216,9.320924673117403e-05,0.0002602479383229106,-0.0008027095442296739,-0.0009551716867933768,-0.0006312113622357618,-0.0005545593175078078,0.0022182460360773426
2016-06-08,2.1514652372989218e-05,0.0005420599045400376,0.0003979394206961029,0.00045462938186235924,3.35045816970414e-05,0.00011878600262882344,0.00010694640535402478,0.00013245938735928497,0.0006013243240421406
2016-06-09,-0.001088274056091021,-0.00116021725049531,-0.0010582997262577054,-0.0010388339905649246,2.028035838219644e-05,8.89712169611645e-05,1.5403014303583262e-05,9.159896590271721e-05,-0.0001450289331200727
2016-06-10,0.0016342625082530482,0.001941545574026371,0.0020973711408842632,0.001952616898207582,0.0006144989104717169,0.0004293799992232117,-0.00012665305125003634,-0.0004532601336990627,-0.000339101851306145
2016-06-13,0.0025549388438039777,0.0027987716442987587,0.003929939145273842,0.003911843808126703,0.002680808915422439,0.0028375602517625165,0.002616682816723559,0.0030549022046852947,0.0015170365037449063
2016-06-14,-0.0010695920492613809,-0.001443953055914271,-0.0011723836174867275,-0.001278007813811044,-0.0017500045114992036,-0.0018735558323119683,-0.0016816686477478804,-0.0017828172284847232,-0.0012198714586962867
2016-06-15,-0.0015202395506861421,-0.0016615883163499934,-0.0019362963726069493,-0.001953971143699884,-0.0012284503652839618,-0.0012342151169696391,-0.0014393747134001655,-0.0013521481491841625,-0.0005835691144453481
2016-06-16,-0.0006292655723337814,-0.0007138039463849832,-0.001132192540753696,-0.0011542108286269892,-0.00021362683138581584,-0.00024277932800376156,-0.0002589709897357073,-0.0002520685181476301,-0.0020296935080748035
2016-06-17,2.2402841067359347e-05,2.2901670819752695e-05,-0.001167086198502254,-0.0011426044346167785,-0.000897352757883052,-0.0007505847868222171,-0.0007377020319929706,-0.000792585696723247,-0.0004641466203061384
2016-06-20,0.0004992489896862295,0.00048527080328142347,0.0006653896800810077,0.0006806852945344666,0.0008942491982184553,0.0014469361256237434,0.0006915270719765054,0.0007332237094670457,0.00048092643490660336
2016-06-21,-0.0019290559593831968,-0.001942350768609935,-0.0013296660955919304,-0.0013205574885972737,-0.002968029837137287,-0.0028680528098111724,-0.0021413334991770006,-0.002133153650716646,-0.0011156958564503272
2016-06-22,-0.00033406282065462367,-0.00039568075801499347,-0.0010335422102599745,-0.0010715466855969469,-0.0005327817574695137,-0.0005565588559011125,-0.0007479324181178804,-0.0007699194802331943,-0.0008674199656089066
2016-06-23,0.0017554932504140197,0.0017769313159679,0.002113742567229071,0.002290326907161022,0.0015320332656645341,0.001439701927245407,0.0014151504684682958,0.0012665011328574227,0.0021807589470668187
2016-06-24,0.0007905467627342677,0.0008090312535180555,0.0014470486549591488,0.0014671795691634237,0.0008149869085725125,0.0008213457201071694,0.0007288916895868969,0.0005927142409209996,0.001500756153398397
2016-06-27,0.001131711525447665,0.0011875248049528775,0.0010427127009617898,0.0010562222372518804,0.0011499464636941514,0.0011109901989934112,0.0013120165602187317,0.0012593189007736871,0.0005927025666965235
2016-06-28,0.0002264025919243018,0.00030935043500557313,0.0005866609094380415,0.0006484377517081974,0.0006729043379261057,0.0005058530972978925,0.0003874640973378085,0.0004789735987993371,-9.38264664096522e-06
2016-06-29,-0.0010472543150956692,-0.001121681726635182,-0.001070878489161653,-0.0011177865894337335,-0.0007994391591884531,-0.0006972087720520381,-0.0008238409560178406,-0.0008030712717702615,-0.0010287308466355727
2016-06-30,0.00043839960858993443,0.0004464934334680315,0.0006764509229268967,0.000683269946647691,0.0003663145505976573,0.0003769511251494606,0.00033663568043529324,0.0002608688020915295,0.0006065625814608566
2016-07-01,-2.750131730511196e-05,-0.00011052314981796485,0.00017368613428891955,0.0001423775355600121,0.00034947160754073003,0.000200752303952223,0.0005975226205572337,0.0005433665689780209,-0.0019136311812321116
2016-07-04,-0.002023783529509937,-0.0022952612301982978,-0.001915753003324916,-0.002162410610973664,-0.0014521086331534816,-0.0011285525398644358,-0.0013801919570838317,-0.0013639044874090844,-0.002761526274473569
2016-07-05,0.0009852577110667227,0.0010176424333379064,0.0021587886934641976,0.0021958801881363232,0.0011679485151581126,0.0012364911110245291,0.0010929202835880947,0.0011398889616174301,0.0011055718509507262
2016-07-06,-0.0018439754520839235,-0.0018530633101243588,-0.0034002436070998954,-0.003384191514185231,-0.001753819410073576,-0.0023278586004031876,-0.002192391087285195,-0.0021217638599528854,-0.0024024940823010876
2016-07-07,-0.0005044965113077948,-0.0005862806214926852,-0.0010725864399959706,-0.0010280604154170314,-0.0012261729726399384,-0.001282045715074287,-0.0012395143253250973,-0.0012855270794215334,-0.001965617563790434
2016-07-08,-0.0010967074719927528,-0.0008824869421877324,-0.00127642536462369,-0.0012013446372901582,-0.0015157823992746344,-0.001289993547153645,-0.0011303081203686283,-0.0009758419344330083,-0.0014885687288396232
2016-07-11,6.683220941883228e-05,-8.394332462247078e-06,-0.0004860532771716608,-0.0005581321573626674,0.00014344104653840617,4.7382939340590013e-05,-7.668965682983142e-05,-0.00019712722909348557,0.00022470729213464047
2016-07-12,0.0009925098013685574,0.0010940232169536213,0.002803153397192837,0.0028837096552889463,-0.00022814157984307748,6.030525791134167e-05,-0.00021056138069264208,-0.0001748637593471658,0.002230442608019967
2016-07-13,0.0014036999402584627,0.00136088243446153,0.003577045616444785,0.0035078348966517403,0.0017465325535861442,0.001628645727431044,0.002177275326141981,0.0018786895967657369,0.0014480992597305509
2016-07-14,-0.004142595367680135,-0.003967494635971347,-0.005761198962147218,-0.005534092648261102,-0.00621526011396889,-0.005838805973594097,-0.005167058256106194,-0.0047957246353348415,-0.002490792086824678
2016-07-15,0.00129526029317506,0.00111278476769483,0.0011990640697046029,0.0010103011937998563,0.00048710338899815575,0.0004656788045505067,0.0005891914917737218,0.0003926675112917444,0.00028216433270755736
2016-07-18,0.0022316012661274254,0.0021566551156131375,0.0026054962403254667,0.002543423000856304,0.00018783762699237094,0.0021396564013125285,0.0022112637045657024,0.002184130261605466,0.0015934346492354479
2016-07-19,0.0007128266443203746,0.0007052460943008931,-3.080350727380221e-06,-4.744696180403185e-05,-0.00020684305391094338,0.00031931919324534874,0.0002640384363925552,0.0002210507572975029,-0.0030984874144740493
2016-07-20,-0.0023969239310454027,-0.002436351339227927,-0.0030085508734203348,-0.0030614992420374687,-0.0011590868253029685,-0.002507751255692914,-0.002387559910801862,-0.002425298983603441,-0.0011535226007086674
2016-07-21,0.0013787994809719706,0.0013333354735951541,0.0017347069087803035,0.001619533241779214,-0.0001723214610147572,0.000643949409427691,0.0007252016816789997,0.0006192957937471988,0.0004126822894812143
2016-07-22,-0.00040626147236066945,-0.00046316197133544623,-0.000960334576268207,-0.0009975158501923653,-0.0010148119862839478,-0.0008582514602925029,-0.00040330666872379073,-0.00046440878873599267,-0.0018407245656910654
2016-07-25,0.0009728163768438769,0.0010122926172477786,0.0012152569569388039,0.001236199428981788,0.0007958210205538663,0.0015169418507021692,0.0012114803910985295,0.0011112451438246573,0.0019961878787431164
2016-07-26,2.7860788830214034e-05,1.6792681996724568e-05,-0.0011238397367497877,-0.0010983056171625094,-0.001191495205665749,-0.0008850513816667238,-0.0008799480806233051,-0.0008481299016174226,0.0008514629302402987
2016-07-27,-0.0008640055926336654,-0.0009072962616425428,-0.0011484085434972924,-0.0012073987487577487,0.00011068313353423953,-0.0002444453304289995,-0.00019811404173475378,-0.0002680816248705753,-0.0004471728236653538
2016-07-28,0.0019361285105659043,0.0020156105672219926,0.0014555361654353671,0.0014607464796503322,-0.0009605806520572857,0.0010611165488461083,0.0010628205660481171,0.001715684902938719,0.0006306744609914094
2016-07-29,-0.0007352103244083752,-0.0006489293662703677,-0.00010776803179946004,-0.00011833468045241435,-0.0003595113192049748,-0.00020167478114929693,-0.00023619944432506923,-0.00019856314200517033,0.00016339818741961665
2016-08-01,-0.00026109803884666327,-0.00023619291486554062,-0.0008434713635494528,-0.0007654964793235575,-0.0012376736661127152,-0.0006152463687227883,-0.0007418719121681239,-0.000626013508849832,0.0012160907578862012
2016-08-02,0.0006916767810232205,0.0006692328128283798,0.0007515100247754702,0.0006839229821817838,0.000548565218073005,0.0007478235634923447,0.0008873769296975365,0.000736300228068254,0.0009507780199817795
2016-08-03,-0.0014416963076737677,-0.001383891578850882,-0.001031032580560809,-0.001022039888958104,-0.0013513519564741783,-0.0010065175821345473,-0.0010089311341430207,-0.0013194167562391446,-0.003474681894377496
2016-08-04,-0.0005355295005291527,-0.0005278592238086022,-0.00047043427598436605,-0.0005156947538418333,-0.0004617989755392182,-0.0003871875037712025,-0.0002873861656703669,-0.00029939582313265323,-0.0021969633195990657
2016-08-05,-0.0013865089304454514,-0.0013628054719407867,-0.0015741408986514882,-0.001472618363276501,-0.0008519730215137411,-0.00041739376029292785,-0.0011275681840782203,-0.0009422016580109549,0.0012291366244894242
2016-08-08,-0.0018859523669897404,-0.001604126636400749,-0.00264081997831489,-0.0023444276890075555,-0.002147557922352439,-0.003106166068137739,-0.0025022177467501905,-0.002510221226489806,-0.0005909586603163319
2016-08-09,-0.0014624534471646689,-0.0014498711169032008,-0.0014302807047038568,-0.0013649393978882873,-0.0009542308101835317,-0.0020589633075536184,-0.001996600774198498,-0.0019533886356304375,-0.002586131410348025
2016-08-10,0.0010650638105291765,0.00108958747088983,0.0016278354768994863,0.0016268678049824459,0.0015779892998826206,0.0014196140731528306,0.001418259699474289,0.0017074696488013075,0.0008542919839016339
2016-08-11,0.0003866370240583894,0.0003388216404933697,0.0005366201745020671,0.00048637237428739155,2.2362397093189657e-05,0.00021242127270570954,0.0002854188086909293,0.00018748658021294773,6.881232426159123e-05
2016-08-12,-0.00011398129489703646,-0.00011027663565432722,0.0001560054279416967,0.0001856142743410505,8.717069556918311e-05,7.928061345885418e-05,0.00028083206678242156,0.00029623934399025664,0.00013159050523370297
2016-08-15,-0.00014242571136013904,-0.00020087357683684637,-8.235495596553566e-05,-0.00021929398498887753,8.162589701732337e-05,0.001164846884873727,0.00024146272891312215,0.00024000762953835242,0.0001589307396641093
2016-08-16,0.001431519465108666,0.0014552008753652146,0.0012648252163565132,0.0012693632260876164,0.001113879945518148,0.001265077550892224,0.0010285435758730088,0.0009875915277333114,0.0007123254429373116
2016-08-17,0.004359117610008623,0.004241465239076536,0.004713598160753563,0.004514027321780523,0.0020204533573211503,0.002784036122156719,0.0019260880677569592,0.0019877380206867468,0.0022595145854236165
2016-08-18,0.002840692995627059,0.002919653756318974,0.00370253241987184,0.0037626386203113427,0.0028212323461918043,0.003709322741615617,0.0036688549084540334,0.003638327698454402,0.0008500058631835117
2016-08-19,0.0017456260129853352,0.001758874763425844,0.001509385647107564,0.0015638351078208768,0.0017354528250494994,0.0021176321264988474,0.001973830490320294,0.0019650069555607885,0.0005423558398112149
2016-08-22,0.001425802998010317,0.0013444226937486814,0.0014586004467309621,0.001332795621749705,0.001209897233590329,0.001486541144278375,0.001590648627388891,0.0014824360813703308,0.00104128927197511
2016-08-23,0.0023509201035951666,0.002337222685736995,0.0030929813995748123,0.0030198445735463153,0.002726072633755239,0.0015927265763282517,0.0019617909102638276,0.0018754680638284338,0.003633141028357656
2016-08-24,-0.001645653160809113,-0.001596755178500442,-0.0021317389215832483,-0.002063383370119465,-0.0011324707994583294,-0.0016074011015415612,-0.001197594603727592,-0.0011048439171258417,-0.0009115242568115134
2016-08-25,-0.00034085481794543515,-0.00035248627297390644,-0.0009130680756347376,-0.0007576797778331423,-3.7318183310319775e-05,-0.0003384720022925336,-0.00040356460962009955,-0.0004111416624952291,0.0014303354669182866
2016-08-26,-0.003127902380776093,-0.0031466462653590987,-0.003461960170744627,-0.0034475006783050155,-0.0026836591646599572,-0.003539631818330835,-0.003582922573004965,-0.0034950046134125667,-0.003835285295939239
2016-08-29,0.00038600527852516997,0.00043801677736210465,0.000654387426335834,0.0007016289706818224,4.1018048065222246e-05,8.18460658034148e-05,0.00043697829547073574,0.0005272112699559184,0.0029708391468481476
2016-08-30,-0.0016823434872106358,-0.0017339309066991548,-0.00221402075406818,-0.0022450680772072573,-0.0009018041586593695,-0.0017102303423873755,-0.0016415520982834275,-0.0016280884129363793,-0.0011939930255434605
2016-08-31,-0.0016682028843473251,-0.0017248205747834033,-0.002273991794132013,-0.002307357275050159,-0.002200858649813897,-0.002421232529889239,-0.002143006936653147,-0.0020849654360411973,-0.0018939650108336092
2016-09-01,0.0023883563673894326,0.0023392249675775467,0.0024731411664267178,0.002398437228603445,0.0014312705108354695,0.0023402134804835217,0.0019232128445736407,0.001864259991751105,0.0001041844581530782
2016-09-02,0.0006421463869601407,0.0005249422134101511,0.000925033843061307,0.0005793024806204361,0.0011924233459663647,0.0011132990525648534,0.0010687223168581728,0.000820739782173785,0.0007130503400438748
2016-09-05,-0.001546369494798805,-0.0015415461872472225,-0.00024299869029997812,-0.00024327763189468943,-0.0009831580040952081,-0.00010981238326424059,-0.00016903473218188303,-0.00016715517282139825,0.001352068650060989
2016-09-06,-0.0019124530854419675,-0.0019177254714817238,-0.001484640735239573,-0.0014694875771152915,-0.0014087593167666501,-0.0016983911409647057,-0.001596608005023814,-0.0015323826847968292,-2.198021369237413e-05
2016-09-07,-0.0008399979896943632,-0.0007950485420864517,-0.0014711123840268625,-0.0014185035648530686,-0.0005833867957273364,-0.0010803836921023935,-0.00127813131944976,-0.001181920925259372,0.0004599133320575266
2016-09-08,-0.0027823861392199944,-0.002848357432515325,-0.0024987967576772796,-0.002606887535724134,-0.002133882143398269,-0.0025783330366598856,-0.0025327363378356837,-0.002445326245967938,-0.0021948978053054624
2016-09-09,-0.0002542388030332132,-0.00011914637207699474,-0.000721345497557424,-0.0005867153950476212,-0.00017323372977662288,-0.0002870316735443801,-0.0005649438433420473,-0.00046423485309354806,-0.0018526164869318018
2016-09-12,-0.0027325000270564948,-0.0027897751413611394,-0.0035570987434306867,-0.0035293244757632625,-0.0027150811931818675,-0.003260994795244665,-0.0034088760937096563,-0.003335685604498928,-0.004340745314658112
2016-09-13,0.002953745687193532,0.002940679190743367,0.005404904181697701,0.0053312069338471435,0.0011085266673842575,0.0026547433482453364,0.0026208742451439004,0.0025138463484497553,0.005890047381138075
2016-09-14,0.0016884166261430522,0.001254187062948331,0.0018023957592905315,0.0017622270767105874,0.000807622607093661,0.0014614191399773269,0.0014034732555838758,0.0013897458531646478,0.0015279689569314137
2016-09-15,0.0009185553999919716,0.00033939301278351763,0.0017358928352120273,0.00164573753105679,0.0009201949638060203,0.0004890083708337656,0.0005505678454240659,0.0009023447810481144,0.002728122615836215
2016-09-16,0.00016586885740088597,0.00016857998334240953,0.0007397593868618824,0.000733146991521938,6.536650975830227e-05,0.00040428511206447304,0.0003334798395298044,0.00038439248056287845,0.0011022047089963571
2016-09-19,-0.0032226130270278652,-0.003285759629871321,-0.004447315735317425,-0.004438462756026329,-0.0029828187402307638,-0.004384036639808797,-0.004498745867991039,-0.00440703259003794,-0.0035252599939354923
2016-09-20,-0.0005607038712217571,-0.0005988307524646963,-0.0007203229722001492,-0.0007474263763271871,0.00016456623416361005,-0.0009265810997860502,-0.0007634699240066656,-0.0007664318242021073,-0.001488086696495583
2016-09-21,-0.0020202220471829957,-0.00202188913373047,-0.002502816896221449,-0.0024757889175772707,-0.0005451848894826306,-0.0017976246209199243,-0.0019091154141999134,-0.0018747575859273669,-0.0014016018761591198
2016-09-22,-0.0014533571602263207,-0.0014513370172756224,-0.0014613162082584008,-0.001443986244900608,-0.0003358616467008524,-0.0005939769652223426,-0.0003850500282283065,-0.0003621161472469048,-0.0013396269433427754
2016-09-23,0.0006807488177014154,0.0006431119062195734,0.0011921108800472258,0.0011543010243788565,0.0008224966741690043,0.0008893668231764185,0.0008913832494761298,0.0009389106962411908,0.0009078074703956496
2016-09-26,6.128044941533517e-05,0.00018302964841288016,-0.000448914881327811,-0.0003183954274624812,1.7592757009632365e-05,9.063275669740634e-05,-1.7954345401860472e-05,5.2286362727249625e-05,0.0011942374264792832
2016-09-27,0.0006979852236936868,0.0008260078337205545,0.000982900496479422,0.0010363689953414301,0.00019456788084593057,0.0004700687899097389,0.0004399504620626882,0.0005235680669317677,0.001094228271146136
2016-09-28,-0.000478946439868011,-0.00047040735029069136,-0.000977011520783,-0.0007921889213445832,7.606089784606418e-05,0.0005477337070691757,0.00039528031424751475,0.0006819100475656814,0.0024639536831279063
2016-09-29,-0.0005424982760685593,-0.0005953513247765052,-0.0007016904410002134,-0.0007098063992208026,-0.0005999319523757318,-0.0007846854646317292,-0.0008487952214057959,-0.0008799219536121949,0.0009981788499209276
2016-09-30,-6.16333170756489e-05,-0.00015467646068134666,-0.00044112826624587154,-0.0003444301004775774,-0.0007655440240034173,-0.0011017942174996742,-0.0011137558157122696,-0.0012551957399569158,0.0005640479273518739
2016-10-03,1.2964876528576141e-05,-9.403996114065727e-05,-3.94926622001579e-05,-7.890626714657234e-05,-0.0001316173103358409,9.524288097995104e-05,0.0002047518231005352,0.00017001405471783748,9.676259944013665e-05
2016-10-04,0.00027431127346400075,0.0003154940454073163,-0.0002701107119245094,-0.00026694024850204556,0.000684911245997899,0.0005633400088471685,7.614993894788924e-05,0.00013892587181851823,0.000887942022307131
2016-10-05,0.0015312719406181952,0.001528404356690105,0.002400233689071385,0.0022749932626582314,0.0007282370598900023,0.0016005372787564198,0.0013526605893725563,0.0013477676075148715,-0.0005492199061218894
2016-10-06,0.00013106596832157535,0.00018772900855079655,-0.0008961761848083061,-0.0008041453664928699,0.0007498850378986344,0.0009128703547858219,0.0011303292841107204,0.0008520433094365565,0.0001442009656233978
2016-10-07,0.0005948364424881447,0.0006225513867328392,0.0009432980177701555,0.0010070426619464001,0.0008405955035166723,0.0009697378068711515,0.0009323375090926067,0.0009160947299409194,0.0027518101881123247
2016-10-10,-0.00283603649456321,-0.0028275307402384486,-0.004191850168567157,-0.004169946877414232,-0.0015027336568204097,-0.0026313357542268045,-0.0025418418752879424,-0.0025820303436515646,-0.004150898625204125
2016-10-11,0.0009034874895952338,0.0008759405219680438,0.0004288955289524221,0.0004045454482770605,0.0006257232599735651,-0.00023568497143877654,5.883348617596873e-05,0.00029014842082886183,0.0009999179975495043
2016-10-12,0.0008245847682635254,0.0009095721187908357,0.0012433630760844139,0.001297709827438931,0.0006999213803819959,0.0011429062527164024,0.0009477200390028973,0.0010520151450001958,0.0010093183952946116
2016-10-13,0.0002207559544220583,0.00027721143199532783,0.0009740348035007784,0.0010568785556175353,-0.0004488581036712347,7.184022468309514e-05,0.00046602472875179046,0.0005090855960621088,0.0020444039471994024
2016-10-14,-0.0022426570727661632,-0.002130544822354974,-0.003002724847559479,-0.002773622217123295,-0.0010103939683450136,-0.0008347723040308397,-0.0012080383091224167,-0.0010696314136212637,-0.0022813676579792608
2016-10-17,-0.0009808173413506927,-0.0009546659520377476,-0.0015322188835406036,-0.0014205350278949647,-0.0015154466070733674,-0.002187758778261939,-0.0021215357151082026,-0.0020072397891844895,0.00013787371904472323
2016-10-18,0.0017243373396906847,0.001799505881272534,0.0018183900255903662,0.0018737791518950164,0.0008262988176965802,0.0016417668618768921,0.0017068224141894017,0.0018129321911408702,0.0011730500287066015
2016-10-19,0.005491713279066168,0.005565105354607303,0.006811152955406019,0.006846494585410978,0.003034616995307271,0.005123362212251292,0.005037545977060631,0.005008502306178553,0.005586541085245145
2016-10-20,-0.0008766879539401362,-0.0009753430657797324,-0.0005936410414445481,-0.0006617362854516307,-0.00139790273132534,-0.00143703889498914,-0.001646738142364157,-0.0014240841493582401,-0.00210676332124049
2016-10-21,0.0009020349611408296,0.0008894062818542992,0.0013588592524067522,0.0013587877186371777,0.00032856266567171666,8.199725455515505e-06,0.00037410730057207964,0.00036482164153039953,0.0016083494029310863
2016-10-24,0.0020716885046798694,0.0021863179422347834,0.0016099124018165156,0.0016761406321526007,0.00020327899195193844,0.0017932247679359747,0.0016419071995326107,0.001751839704165148,0.0027943449005816134
2016-10-25,-1.1669626257093668e-05,0.00041958350264259536,0.00040156506053601326,0.0003953652823573961,-0.0006758340690775633,3.679177166415748e-05,0.000157813663660189,0.00027510115566409254,0.00029259707678552793
2016-10-26,-0.00018719919578591426,-0.00021481848553173144,0.0002032949634307446,0.0001740084768475647,7.44173720867991e-07,0.0001308660358061431,0.00016868928975610764,0.00013974074736378128,0.0010972834490241556
2016-10-27,-0.0005747867008440988,-0.0005263851846292189,-0.0006961447218423178,-0.0006422706121896882,-0.00040401714128390775,-0.0007624118280437076,-0.0006058812459985852,-0.0005351412576678483,9.028324786863884e-05
2016-10-28,-0.0021493020973064603,-0.0021596859878050267,-0.0023317870845156463,-0.002319119609021203,-0.0014612906299777961,-0.0016341249591604878,-0.0015059542253607061,-0.001511305809772323,-0.002069820280497736
2016-10-31,-6.178080483310033e-06,-3.810661563097284e-05,0.0009615720417479601,0.0009245899275560632,-0.00018503834621885762,-7.318590047700191e-05,5.4958211205269336e-05,-9.915060323562042e-05,0.001084703541202714
2016-11-01,-0.00016129300197664787,-0.0001649530366899521,0.00039986380851875225,0.0003948535501403505,-0.0005480227764392831,0.0004602367982371458,0.00022212868717375045,0.00015766132826078305,0.0009510016951237432
2016-11-02,-0.001785024634579302,-0.0018199819456223842,-0.002071949969904119,-0.002084329927622308,-0.0019984992620130093,-0.0026928831201079584,-0.002291786390159256,-0.002267291822949491,-0.0014766506183809813
2016-11-03,-0.0015705527223501825,-0.001513971262052105,-0.00242407332418193,-0.002348017400108593,-0.0010493848164201403,-0.001287010354842466,-0.0012912759818846098,-0.0011926672965065777,-0.001858051009556605
2016-11-04,-0.0008034188280409138,-0.0004578723279509145,-0.0011370065186628864,-0.0010722372330672636,0.00037979585965763896,0.00035462320110579704,-6.578352296826573e-05,9.346962297640538e-05,-0.0006061936940373602
2016-11-07,-0.0011055062903261303,-0.0011498817097820302,-0.001346260795924481,-0.0013811405508484809,-0.001031086572676032,-0.0009250084268320746,-0.0007005542795024411,-0.0008350914682939692,-0.001305109785939229
2016-11-08,0.0007949380582752408,0.0008483352942716404,0.0008713444873862386,0.0008874186499008285,0.001016186061391977,0.0008442819462943785,0.0011489271865550155,0.001107357841358958,0.0005638299797139368
2016-11-09,0.0031250046819517596,0.0030937308556624465,0.004909684714617946,0.00484220349141018,0.001304520531672182,0.0022436257576929908,0.002461228253414438,0.0014454657630271761,0.003953917750316727
2016-11-10,-0.00043174008283863863,-0.0004832142311613774,-0.0002734002939789315,-0.00032428527399330775,-0.0006871658076599285,-0.0005472896038404285,-0.0006168286180067151,-0.0006774926468736675,0.0004044480481346646
2016-11-11,-0.0002671229144379783,-0.00038507881577554137,-8.928096655580475e-05,-0.0002850218670611415,-0.0008739883074453392,-0.0014116401371597753,-0.0015068263412595373,-0.0014598849610893971,0.0003635252730644911
2016-11-14,0.003891205863576941,0.0039511819134168125,0.005491019925975449,0.005500564113956052,0.004332665190853069,0.004667272071668949,0.004547174819433009,0.004561907545007848,0.003015781678788798
2016-11-15,-0.0001706560326033557,-0.00022096392452286562,-0.0002500917017137505,-0.0002962637586531036,-9.518751086512456e-05,-3.160328772688903e-05,-0.0003205082428018313,-0.00035256998642752,-0.00033536955894331033
2016-11-16,0.0031367631380943006,0.003121854365723431,0.0040116994353773805,0.0039577273125508405,0.002368707180442353,0.0032006118591307864,0.0031654470260478185,0.0030978592920889447,0.0026245433678000474
2016-11-17,0.002521563098685675,0.002513682114509974,0.0033542847042073998,0.0033081801610423955,0.0011257031864166933,0.0015459569425189112,0.001631159906637869,0.0016443182130587708,0.001557212812160369
2016-11-18,-0.0022201850772929355,-0.002367405184182103,-0.0033828778809893434,-0.0034912045826936966,-0.0020868748550009197,-0.0021860355106098073,-0.0024044831444983705,-0.0019397879035466525,-0.0028853178623028386
2016-11-21,6.510596263553659e-05,0.00011231296832936444,-0.00012917580806537377,-9.125953896160777e-05,0.0001659708733390275,0.00022720979065571356,0.00015676301045797203,0.0002377137846569788,0.0005273616160859085
2016-11-22,0.003951769050568821,0.0038900537708423943,0.004205234778849931,0.00426462012771478,0.002247348580598496,0.0035423159546683625,0.0033333272852840157,0.0032302045612770947,0.0027073314975631924
2016-11-23,0.0013357395043109843,0.0013447466048475132,0.0013987618855351158,0.001479505138356263,0.0007802505110885427,0.00173661758235788,0.0015236949393282462,0.0014914569872135353,0.001008332436103876
2016-11-24,0.0033891116865545357,0.003400449724319854,0.002851913734375655,0.0028315255043225296,0.0028790757865151395,0.001992188104468884,0.0021921762435033187,0.0021255465807308305,0.00239934947730025
2016-11-25,-0.0011780553929189308,-0.0011905636356545068,-0.0008421431823681935,-0.0009628901506080201,-0.0016622598664810528,-0.0011575043116007766,-0.0014148476903916851,-0.001404643608921008,0.0012091657636379427
2016-11-28,-6.63639639061353e-05,-4.087593070578599e-05,-0.00045894980469729507,-0.0005397154955107952,-0.0008661760680186426,-0.0008537209586636507,-0.000865095402342142,-0.0007494305802776546,0.0004574799025729437
2016-11-29,0.0010891022788612759,0.0010362756404380669,0.0020850030948988962,0.002008086922543617,0.000690729909714749,0.0014290321395371564,0.0012873932202843719,0.0012187733669271061,0.0013932286173787833
2016-11-30,0.001237306146000483,0.0011930492665963577,0.0016413940012072192,0.0015817791503973666,0.00036590253105828197,0.001245999593104452,0.0012240587053369278,0.001142673503823577,0.0017130646688321427
2016-12-01,-0.0025688571148171357,-0.002610072599048663,-0.002920725750679143,-0.002902646337237136,-0.0015110291328058745,-0.0013482920031183676,-0.0015406118788571233,-0.0012838490940093594,-0.0019852611036728085
2016-12-02,0.0013196356195364078,0.001326900557023114,0.002132758590940975,0.0021015940234909714,0.0009334425045159911,0.0011861444470206983,0.0012219780934941138,0.0011743421085779193,0.0015085734442688015
2016-12-05,0.0016550524258729382,0.001606138690203096,0.0024285694667898206,0.002424578868405858,0.0004207072213986418,0.0006149764861378415,0.0006537451246173553,0.0006631200838416174,0.0014596161598789958
2016-12-06,0.00037725658413556573,0.0003442145846064282,-0.0003038011313043487,-0.00026541030174409563,0.0006978293883519449,0.0001996266149801862,0.0010856437189910029,0.00019268745311440405,-0.00010452742631417156
2016-12-07,0.00015744906018322347,0.00020661061581206397,0.0007891705342975008,0.0008502771918870167,0.00035671075438847843,0.000627823559790297,0.0001453619358255942,0.0006983786090872801,-0.0003008439615487246
2016-12-08,0.00034937454140981927,0.0004051928129098492,-0.00018283867080970406,-0.0002189237473215755,0.0011253364820422718,0.0019323139281597346,0.0017367939841004265,0.0016680590298496778,0.00014533943510874892
2016-12-09,-0.0010980050901004956,-0.0009758131362250788,-0.0009639520320752215,-0.0008503502648916639,-0.0011105612036418355,-0.0021928511713721344,-0.00182518909231133,-0.001703846064274872,-0.0014172713322830877
2016-12-12,-0.00047980621450338656,-0.0005736998522591907,-0.00015347443140079076,-0.00034284793204863995,0.0002395194981137383,0.0003375618125320834,0.00010300666762330657,-6.005345766135761e-05,-0.0007057580810981845
2016-12-13,-0.0014981956374975347,-0.0014240474682964965,-0.0014815450618242965,-0.001443787994596546,-0.001208087799815738,-0.001417384041623837,-0.0012584769787544747,-0.0012954553703212746,-3.1229298967816455e-05
2016-12-14,-0.0006003432718866275,-0.0006030671574260849,-0.0008012793624782022,-0.0007506150170391024,-0.0008368448034192788,-0.0008277906551464875,-0.0007307357516087576,-0.0006319939322815271,-0.0011458042467292762
2016-12-15,-0.0020034960281889447,-0.0018803961396205437,-0.002876624364419711,-0.0026920671703954957,-0.0025743636591173402,-0.0021709139083073703,-0.0021610737442758765,-0.0019034566633926442,-0.0022809114381433515
2016-12-16,-0.00032564877719409857,-0.00031950628339338927,-0.0009786819572878969,-0.0010473911020031368,-0.0005210969377276164,-0.0012451764697823942,-0.0008440220352314842,-0.0009096402596979747,-0.0016154415366309571
2016-12-19,-0.00011826863317843106,-4.5771456645082864e-05,-0.0006418972104657028,-0.0005865858292281034,-0.0009329141419155418,-0.00020445255125478567,-0.0001377453499896708,-7.096130236405873e-05,0.0004201915256401012
2016-12-20,0.0008870286571918129,0.0009051185463770928,0.0009459670887370653,0.0009193726004834701,0.0007226431263642752,0.0009909537334307217,0.0012569182091544118,0.0010238633177508394,0.0012823653233515753
2016-12-21,-0.0005687240493688073,-0.000623448961568851,-0.001135478444831195,-0.0009675361817785832,0.0015097121053635476,-0.00025101963497886626,0.0002321870919201885,2.316226545451272e-06,-0.002326273462335271
2016-12-22,0.0002586500743877451,0.00030033512160643205,0.00032006104263349044,0.000367368347488517,-0.00033670782102668273,-0.00046704927984186906,-0.00048161262110435477,-0.00045530820898886937,-0.0014664209461112687
2016-12-23,0.0015642977521788115,0.001570822836601149,0.0024892946050947273,0.0024730819133098603,0.00022690697232419232,0.00047334823122047176,0.000657247695000196,0.0005660117689274546,0.0006092941390136719
2016-12-26,-0.00028602465627358686,-0.0002886315988211985,-0.0002860548575592814,-0.00028564561492760987,1.856899146157609e-05,-0.00024319130814243195,-0.0002523556041822417,-0.0002432839113951646,-0.00026444935832847793
2016-12-27,0.0003429673177679504,0.0003455156107456947,0.0011195786913325012,0.0011204346096402862,0.000580353271514289,0.0006096464718337025,0.00045103798079848545,0.0004824906984084443,0.001163797726941418
2016-12-28,-0.00037606793039757225,-0.00042382254587691737,-0.0002646706088925699,-0.0003341942299237566,0.0003454745133932846,9.789510676494473e-05,6.888429156814979e-05,4.280154296187888e-05,-0.0015074962739085596
2016-12-29,0.0018872897535417987,0.0020078881395189097,0.0021155500621039547,0.0020882855440909065,0.0016660735763125434,0.0017959472076138905,0.0016593758773859602,0.001722869530686566,0.002352499445448464
2016-12-30,-0.001625308315619356,-0.0015643850672566462,-0.002384359182248552,-0.002426315796299261,-0.0004197222274965329,-0.0011864110238745118,-0.0014810100620511468,-0.0013514673682206713,-0.0018955546452237293
2017-01-02,0.0001797671616159402,0.00018067490291318045,0.00018547779300948086,0.0001845021589599316,1.2520143882754908e-05,1.3955854687441871e-05,1.3852973868022644e-05,1.3740720449462174e-05,0.0003287748175453409
2017-01-03,-4.3445850249734796e-05,-1.2483151771713885e-05,0.0001488071195216989,0.00015951689247772904,-0.0005402779305462291,-0.0009132118242626275,-0.0010945467616969573,-0.0007415616455119789,0.00045665401534966676
2017-01-04,-0.001362953194531502,-0.0009722213226609489,-0.0022071857392216288,-0.0019700557315488476,-5.829546651314743e-05,-0.0007708945256146293,-0.0010541875734543238,-0.0012071863628838608,-0.00325469345476348
2017-01-05,0.0002961104382384061,0.0002202338144856597,0.0010813676940448769,0.001021773192066755,-0.00012909183991427486,0.0014136349675306636,0.0017787116589489393,0.0015304669539104587,0.0012527380515412467
2017-01-06,0.0011396958644820376,0.001134854624357473,0.001993245003913957,0.001965710440957169,0.0006502265308163668,0.0013662055109338045,0.0008501466124224422,0.0013001582755087782,0.0005627864699107032
2017-01-09,-0.0005907093873653846,-0.00048293312782299314,-0.0022144344348121736,-0.0020933209915557915,0.00017003151318228937,-0.001066037261042041,-0.0010351723726883533,-0.0011060916354278527,-0.0008099989398748786
2017-01-10,7.351484270445852e-05,0.00011652370846970683,0.0002422861346409455,0.00026757640905472613,-0.000301642774410249,-0.0005476639979028475,-0.0006309014991866535,-0.0004559812589690626,0.0010578719215199595
2017-01-11,-0.0017083928143012406,-0.001663974965852133,-0.002679516962784123,-0.0026285573913372717,-0.0024704347391131254,-0.002322928864171403,-0.0019932113293039677,-0.0019213605688725988,-0.0010874265404199335
2017-01-12,-0.0018094040672871348,-0.0017301667108320373,-0.003482324430978734,-0.0033921236781760955,-0.002858387982741739,-0.0034782222207002667,-0.0031532599956478613,-0.002998115781270294,-0.0006983319397830812
2017-01-13,0.000603568589670811,0.0005905170702631413,0.001385982373405259,0.001492126964338647,0.00010735965645669587,0.0016235093362029218,0.0015902376396415008,0.0014991628091400866,-0.0013441526145194782
2017-01-16,-0.0008319054623121547,-0.0009118597290991293,-0.001090763152657881,-0.0011618704073148578,-0.00018586983757551412,-0.0009639615197856166,-0.0009917116397173409,-0.0010372994563327964,-0.0006312862628905513
2017-01-17,-0.00016898809473786525,-0.00015871512482645844,-0.0008880035732129477,-0.0008845671225502505,-0.0008223500988878696,-0.00045736542716401374,-0.000391444438307853,-0.0003353152640053203,0.0009786966515630269
2017-01-18,0.00012992350542018194,-2.154928513897758e-05,-0.0002442813007249578,-0.0004423879142076981,0.0007261297732923389,0.000910583951533761,0.0006365219737660688,0.00041871300286011603,-0.0011578847261070058
2017-01-19,0.0010560859664534572,0.0010025839692728855,0.0013287862629143277,0.0012063840689451322,0.0011355069687968289,0.0010754528850736023,0.0010947133162191314,0.0007851392837554538,-0.0010846344799754215
2017-01-20,0.0011011704869312577,0.001124460187398535,0.001720237246644718,0.001831855140331795,0.0011227092475980527,0.0009087343343125998,0.0006643152836274258,0.0007299926698238757,0.0003026371103513892
2017-01-23,0.0007042009948183825,0.0006284809991132789,1.9033454511374615e-05,4.483552643863575e-05,0.0002053730967455092,0.00028971315379067164,0.00021388531206167904,0.0002077145348460263,0.0006889500000450965
2017-01-24,-0.0010334248678944835,-0.000884937112995754,-0.001241857535446922,-0.0011432398638292485,-0.0003598461454609181,-0.0006244536901162112,-0.00037378416163080797,-0.0004356780808953964,-0.0012891288776462062
2017-01-25,0.0015665012716687965,0.0014993570023977831,0.0021299812567714405,0.0020170273773014724,0.0015779660913541882,0.0017179583052651104,0.001824606522765837,0.001393301715047146,0.0007099787442710337
2017-01-26,-0.0020383691499602508,-0.0018547825249383143,-0.002402012338396098,-0.0022916848983384197,-0.001961686482540803,-0.0035034910275207887,-0.003299084967057331,-0.003118776106750043,-0.0018015348266797737
2017-01-27,-0.0016461196442517645,-0.001691953885228914,-0.0026211473370144622,-0.002640353204555801,-0.0019288407550180908,-0.0028044191681964037,-0.002882484691565379,-0.002658033223488343,-0.000998654347587391
2017-01-30,0.0002753581991588039,0.0004704235215247099,0.0012203130333277024,0.001429679044692822,0.0009973687912314677,0.0017022569891853578,0.0016817701689417763,0.0019529580917283518,-0.001049457000729448
2017-01-31,0.0011724278732805349,0.0011226672919539826,0.002299399939395208,0.0021746310727659424,0.00019780148010539733,0.0005693347931632342,0.0007111073393386569,0.0006219860874809857,0.0013338623913436987
2017-02-01,0.0011346225998034587,0.000778152895141826,0.0007895431914271001,0.0006919269478677936,0.0014526227308249151,0.001459618392470663,0.001555524843067868,0.001061571560636132,0.0010424640366890614
2017-02-02,0.0017520076406956075,0.0012623947668053415,0.0021617329047987077,0.001932805018844963,0.001483701581640462,0.0015418644459750386,0.0020725198813469348,0.0018161523968025506,0.0001319504699164309
2017-02-03,-0.0002863393526424396,-0.0002550602736998142,-9.874929855746561e-05,-5.6358084930985264e-05,-0.0001415895813844381,-0.0002078058749082068,-0.00013341946636191704,-0.00033952187273988965,-0.0010529961906829977
2017-02-06,-0.0008105581561006492,-0.000889993368925035,-0.0013734681297290496,-0.0013473042805630664,-0.0010884243071032085,-0.0017434429545760688,-0.0013390989673679465,-0.001595532932329613,0.0016055994858439337
2017-02-07,0.00016028354625419183,0.0002117899145581692,0.0009995402945432996,0.0010287888716198346,4.886609491050464e-05,-3.0600149083737094e-05,5.34899840201053e-05,9.713605941752412e-05,-0.0001670139082387001
2017-02-08,-0.0010520988980251555,-0.0011079896850512139,-0.001680619245154058,-0.0016640513152136327,-0.0010725991028722737,-0.001025167405184435,-0.0007736844725915182,-0.0007688594034488405,-0.001264889970112093
2017-02-09,0.001800698531319922,0.00163944260352622,0.0027192016916190997,0.0027713162700118144,0.001053242519308606,0.0018597395145472095,0.0017706920968127982,0.0019690103625638056,0.0030126971090642662
2017-02-10,0.00330930367768012,0.003166399969287914,0.004161157488759892,0.004093120961975005,0.0015935025631890198,0.003442028968159372,0.002819211241974706,0.003360958339307052,0.0028537921556965884
2017-02-13,0.0017037112587658942,0.001499372194450288,0.0026379394174551596,0.002472173392836563,0.0003826750486497499,0.0015787082661435914,0.0016023896505559243,0.0014720567549433294,0.0012298242005530646
2017-02-14,0.0017106974841565314,0.001673333194279758,0.0024061057388664597,0.0022718416173244105,0.0010374407963871235,0.0011687746022499557,0.000698665362401707,0.0007173783977749704,-0.0003431841595399332
2017-02-15,0.001693198295167786,0.0016332773448795024,0.0012734592357876995,0.0012015336907587049,0.000510010758817403,0.0013180022662528934,0.001648295453741122,0.001601686537208158,0.00013611031651783456
2017-02-16,0.0012829039202075787,0.001307214744693752,0.002236596331820051,0.0022680066667100096,0.0012413962670760892,0.00175691322550664,0.0017300847094492422,0.0017255318375846151,0.0004361517727846653
2017-02-17,0.00067154766995281,0.0008220368845930359,-0.00021709273866088452,-3.496149600978882e-05,2.355451066882175e-05,-0.0006225610841044116,-0.0010791521614241795,-0.0006566731218031752,-0.00012781961129437747
2017-02-20,0.0006988417151196913,0.0006882935548373492,-5.624208579568801e-05,-3.6574437664804726e-05,0.00078573266787485,-0.0005391967898810135,-1.0382593502278326e-05,-0.0004241094051889993,-0.0017732471124327631
2017-02-21,-0.0013062520872081373,-0.0012306310116695363,-0.001716917875434043,-0.001729540097970772,-0.0011455946389697935,-0.0024852866993732015,-0.0025219052402940534,-0.002396121131493678,-0.002406124026761547
2017-02-22,-0.000635260702791407,-0.0007635436418882424,-0.0012072214751305266,-0.0013223633952428315,0.0002996576776987947,-8.86693574808639e-06,-0.00045759485381291487,-0.00041552591150184615,-0.00159917343715954
2017-02-23,-0.0019907899940296847,-0.0020098795831504646,-0.0027981629108850825,-0.002580423266393961,-0.0014294304192824514,-0.0017501250296437787,-0.0014752091160692427,-0.0018429961183955568,-0.0016891532874678816
2017-02-24,0.000556855337013884,0.0006404761461868969,-0.001067398049411139,-0.0009420850426467009,0.0003426782910589399,0.0006450726931799267,0.0006869894396461795,0.0009214157254340272,-0.002257971744059728
2017-02-27,0.0008616370900131898,0.0008898844759148705,0.0014557084009054755,0.0016063270312052236,0.0008045369473330677,0.0004704640623498513,0.0005350331804856445,0.000594842086349745,0.0019992593460538277
2017-02-28,-0.0008681451674762419,-0.0007659856475644711,-0.0005238954935367079,-0.0004490863261801259,-0.0009661366982176567,-0.0009029465308046936,-0.0017716823315122587,-0.0017487022647726391,-0.0014884413824879372
2017-03-01,-0.002141238288462799,-0.0020622950481904434,-0.0034280494515149806,-0.0037108315591675156,-0.0013818909284870617,-0.0021415369929984607,-0.0024022627591928636,-0.0023158559134082157,-0.0021028164452923104
2017-03-02,0.0009075605683097621,0.0008065594906481177,0.0008985759543234106,0.0007384713660698594,0.0012916077139701887,0.0021863879242522977,0.0019706133524521885,0.001987709946363214,-0.00043583875129937777
2017-03-03,-0.0005854317192444114,-0.0004383792565593181,-0.0006254718189308006,-0.0005219676188130684,-0.0005439409863579048,-0.0005824741726776494,-0.0004926436702955561,-0.00033396290905174375,3.227976544062372e-06
2017-03-06,0.0014359816478624055,0.0010381065090872,0.002443549232323816,0.0022646897167368785,0.0010655987420165047,0.0016666468862351902,0.0014287438674549513,0.0014157847376787824,0.0009442956954359705
2017-03-07,0.0017560305319388458,0.0018366133276994656,0.0025817712955602534,0.002628242645736023,0.0009877834844158606,0.002084583344764912,0.0010498284182576256,0.0009706737572690027,0.0009435127462642523
2017-03-08,-0.0010140759720642656,-0.001052092800201354,-0.001969238023999509,-0.0019921731170867707,-0.000793603666846221,-0.0013434532083177464,-0.0013680051061117915,-0.001330734569398473,-0.004024270478446779
2017-03-09,0.0007933158470800894,0.000973224773975323,0.001383413927028343,0.0015370636968807805,0.0006560199766940666,0.0010110844790143236,0.001874133319960336,0.0017568156086644748,0.0014089388168769812
2017-03-10,0.001458744309240867,0.0013499784234405343,0.0018774248796975535,0.001785257021999609,0.0010135227901713062,0.0015399770575184046,0.0014579884548868716,0.0024583451565514114,0.0020549170722592436
2017-03-13,0.0013142071246150522,0.001400825399183514,0.0014597958430886404,0.0015741176745167618,0.0008397166815219403,0.001640807113902465,0.0016675184260126485,0.0016719299776557506,0.0011304183900551212
2017-03-14,0.002294058113079478,0.002334231024002431,0.0028143878815500845,0.0029900271512470766,0.0006372685675126721,0.0017888081968546743,0.0017727018639248637,0.0017157060903687515,0.0009334941885756898
2017-03-15,0.002722549663921381,0.0024250288996723324,0.003559520912550296,0.003263487194834047,0.0023375869931558935,0.0036160461221650397,0.0032270801688236705,0.0031179380115911037,-0.00014337779839168618
2017-03-16,0.003720527622815162,0.0035280385256375446,0.0046008790381357745,0.0044379286225155745,0.0022254238768728563,0.004852651565358412,0.004564642523754658,0.004389645567963063,0.0022542010162114323
2017-03-17,-0.0009280651240420879,-0.0006256376033908495,-0.0007046606058814797,-0.0006415140321124335,-7.041065233193144e-05,-0.0008784434589651502,-0.0009626013962857893,-0.0009780055661393616,0.0024338199073827838
2017-03-20,0.0008906246398301398,0.0004279597458973772,0.0008384712578142217,0.0007407952619518099,-0.0004719443907775789,0.0006443482557070279,0.0006321836071967457,0.0007109672448957216,0.001020804743847803
2017-03-21,0.0038395012690433106,0.0030435216189608205,0.003915703527095138,0.003937791863635409,0.002933571563669801,0.0035533522802004835,0.0034550553501846437,0.0033793942970798962,0.0031746544805184573
2017-03-22,0.0007051739992576245,-0.0003803433774606235,0.00016984092541627582,0.0001978372421014285,-0.0003296955877676311,-5.2358039074329454e-05,-0.00014381856497525103,-0.00026394602609114415,-0.0008945729954358272
2017-03-23,0.0015666903341799987,0.0016964663829532878,0.0014970130808193982,0.0013679357703129114,0.0009445898429738531,0.0015966946535537208,0.001702791242291557,0.0017731434213441588,0.001191320699394094
2017-03-24,-0.0025882689817253723,-0.002501466849501477,-0.0026694426298645713,-0.00278238374102735,-0.0014511929449931849,-0.0024887996322110473,-0.0024577026714774908,-0.0022941579423625402,-0.0027668878841548006
2017-03-27,0.005025374234381097,0.0051914706724556225,0.005092264964845716,0.00493151409605086,0.0025839973466186272,0.0044046308920133725,0.004189410656352255,0.004085572663953485,0.0024864725187425663
2017-03-28,0.0017615665020895843,0.0018647734805603555,0.0016888057255464162,0.0015923170052989377,0.0009038602935553808,0.0014290111363668423,0.0013304616637519473,0.001299950637851488,0.0010592206788988534
2017-03-29,-0.005669989592837377,-0.0055119132426396655,-0.0058180665439535595,-0.00605821119836758,-0.004145539602985915,-0.005624654921069894,-0.005756416966769873,-0.005680624814311641,-0.0040171391148459135
2017-03-30,-0.0019910057810412773,-0.0019785785300054926,-0.0023069124543453334,-0.0023025734686845656,-0.0014190897175737627,-0.002338924968858791,-0.002523620402918869,-0.002526342091329292,-0.001188221728560257
2017-03-31,-0.0014613900811702996,-0.001493929801761551,-0.0019212820912675177,-0.001941491362545733,-0.00015262532071325108,-0.0007500359034471327,-0.0005766428360066689,-0.0008631607743401215,-0.0023694987155051805
2017-04-03,0.0011680709957360147,0.0011715529391307378,0.0012302632626457477,0.0011979807259521191,0.0005281544061062071,0.0016915155423284922,0.0014846352437685173,0.001472347180065725,0.003546353825313986
2017-04-04,0.003404141436854191,0.0034442353987094165,0.0039722551670795525,0.003961050851450931,0.0019399676342286565,0.0026868433643540968,0.002576832930194062,0.0026404778633584147,0.004346829895566007
2017-04-05,0.0012976620819666884,0.0011769680534001736,0.0012124180347075075,0.0011946923713719304,0.0010040743642831806,0.0008453591211496914,0.0016862710958156502,0.0017780581202508916,0.0030835902332844167
2017-04-06,0.0009192949694358798,0.0009464171707183056,0.0012427423740501986,0.001354605905173889,0.00022441536288697606,0.00021677680866072357,0.0002215794000002269,0.0003401102894711183,-0.00011435800639392202
2017-04-07,-0.0005946331554134154,-0.0006072604591932373,-0.0006513525739219039,-0.00058129668938256,-0.0016428697391727143,-0.0005355696655804376,-0.0007683661363434569,-0.0006268032720748717,-0.0005225711725275195
2017-04-10,0.003751932602200414,0.0038041947253764086,0.002510933010202221,0.0024387218515897757,0.001525675247661784,0.002050287470134471,0.0007882636256355546,0.0007463395154383434,0.000696255573571003
2017-04-11,0.0006026965012408958,0.0006312384850228892,0.0012488524294091974,0.001306180908168475,0.00044761675678683943,0.00048273980034529984,0.0005451610607505319,0.0006616199494891006,0.0005077116824874217
2017-04-12,-0.006537897318265817,-0.006587555096008946,-0.007142095853516439,-0.007101779932479513,-0.0030687000654975316,-0.005421377674225347,-0.005889212086630069,-0.005684276068974148,-0.00407931741522205
2017-04-13,0.0015508297847433017,0.0015790097435413042,0.001938664094777165,0.00197852133501919,0.0010896232505941406,0.0021117939858605883,0.0018392954628454472,0.0017854098929235285,0.0014240072092039924
2017-04-14,0.001521569734820316,0.0015497659832324207,0.0016209582351822682,0.001656024102830278,0.0003616738547749243,0.0013224029165506135,0.0014000873794088875,0.0014211861399802128,0.0013709091526814543
2017-04-17,-0.0010843941172201665,-0.001092949264026366,-0.0009524036318225848,-0.0008914067377050472,-0.000855901225647937,-0.001665553647354323,-0.0014511841596210884,-0.0014648271912848232,-0.0010682224387535966
2017-04-18,0.0013704919293040518,0.001376610368880371,0.00139091109385725,0.0012893759185672593,0.0004907756912304606,-8.426905384339989e-05,5.506283036571524e-05,0.0004372243916801466,0.002801662699747798
2017-04-19,-0.000813822151647714,-0.000901574436732,-0.0010072926371387236,-0.0010628798482454904,0.0003765771220665126,-0.0006842970838800699,-0.0008324815593682144,-0.0006691701257929283,-0.0007487995626062061
2017-04-20,0.0013471278232872752,0.001335002076912284,0.0010586522827240596,0.0011242186318045633,0.0010381311595504261,0.000555777533840951,0.0007411163742938598,0.0007160248408371039,0.0009315654107100446
2017-04-21,-0.00020686143746373453,-0.00022097848901647676,-0.0004334640631552533,-0.0003814278342776367,-0.0003376213979158216,-0.00019068518545839463,-0.0005598062243197255,-0.0008556050636520096,-0.00010950973297108035
2017-04-24,0.0015035020807938615,0.0014339226480244438,0.0014867911580704884,0.0013640742982152787,0.0005459228564059782,0.0010409040318728469,0.0011703030345906473,0.0010866249405627748,0.0005711414028788386
2017-04-25,-0.0013977888857027443,-0.0013281795544942687,-0.0015477869984171777,-0.0015822397425528933,-0.000761065209108569,-0.0009670565507664541,-0.0010962959031936004,-0.001064669648373373,-0.0006011268680775617
2017-04-26,0.004167335057179589,0.004370421957451631,0.004246125485771746,0.0042323025583079765,0.0020234182728844363,0.0036356245217585847,0.0036310659861595873,0.003566498209856883,0.004322418886191448
2017-04-27,0.0016304580500929866,0.0017604840350224915,0.0014368496403043274,0.0014499377999661611,0.0005545966072688646,0.0006543386993311806,0.000757728770262478,0.0007900771275828333,0.0009719452608343282
2017-04-28,0.002319656019141414,0.0024888319266616055,0.0021015647331568132,0.002146648563302378,0.0015556906220282052,0.002676376321542051,0.0025004322590616024,0.002444847431108288,0.001796225575138033
2017-05-01,-0.00120741627690657,-0.0012057434516730137,-0.0013763353575431125,-0.0014417112903217788,-0.001987487274501265,-0.0026032391058551374,-0.0026613214039850064,-0.002597969704326575,-0.0008127101992753127
2017-05-02,0.0023869587439451223,0.0022291015583164597,0.0023100753423337395,0.002270306361789931,0.002816266918017174,0.002672593121106903,0.0025996242908912226,0.0026059531418205495,0.0027733679470618444
2017-05-03,-0.0013862231532513203,-0.001313068166690079,-0.0015302862461981093,-0.001428381941003365,-0.0009694077668254142,-0.0008791069387666939,-0.0008487447724333519,-0.0007794108204248751,2.7061269428640955e-05
2017-05-04,0.0006232660600833384,0.0005630571912229598,0.0008649330734877836,0.0007665018250944122,-7.116169062693078e-05,0.00023846504997404594,0.00032567762646440457,0.0003051465997665481,0.0015023926708956914
2017-05-05,0.0012707796454345388,0.0013376513702598736,0.0008455870145673838,0.0008016467223850299,0.00016224853697499597,0.0003247736390483702,0.0003385234965493922,0.0003517379734891968,0.0005622649631493726
2017-05-08,-0.0007918533300925734,-0.0007983162522451348,-0.0008805260883677501,-0.0009981509277163791,-0.0006264682845575908,-0.000569120987160554,-0.0005969482560068684,-0.0005519805737964623,-0.0003319637848511192
2017-05-09,-0.003884470266996898,-0.003991326884880242,-0.003310636429716407,-0.0031958694299415447,-0.0016842904259078972,-0.004137703424317074,-0.0036954758620343364,-0.003674877377639274,-0.0038517822146370007
2017-05-10,0.004215377669645193,0.004312826768298139,0.0035504023237331594,0.0035466985324665856,0.003420885956632924,0.003610185693966317,0.003461155762292556,0.0030035153512586454,0.0016554340258356781
2017-05-11,0.0010425669332245757,0.0008777425257693316,0.0010120046905865987,0.0011045175147152975,-0.0007963892122717642,0.0005258501261662385,0.00043518811385689915,0.0003310439411883248,0.00037086177951617394
2017-05-12,-0.0036387469338992062,-0.0034108574612510267,-0.003617036000193141,-0.0033818453501922585,-0.0016979571074013933,-0.0026600618925838315,-0.002634003389509143,-0.0022720507476441387,-0.0018698399304066804
2017-05-15,-0.0017531930314215183,-0.0016940276001859988,-0.0018454815741187902,-0.001715287059453341,-0.0008500394262281885,-0.0010173017124354145,-0.0003600177106826141,-0.0003244840585806541,-0.0007883242965175397
2017-05-16,-0.002306658622719504,-0.0020987099596211367,-0.0025163015050059245,-0.0024366204376884415,-0.0014572045821638069,-0.0024029136132448503,-0.0035622823287110306,-0.0035444485760397493,0.0001530335951920314
2017-05-17,-0.0012360724102224996,-0.001219976000828793,-0.0011971451076291384,-0.0011900062676676315,-0.0004464615078186851,-0.0014843903454766494,-0.0015256583902173437,-0.0016360894835755202,-0.0014526722710660467
2017-05-18,0.0013817504024336014,0.0014117167401488384,0.0017229944653311957,0.0017500421392309118,-0.00021577848030995828,0.0013248773976179962,0.0013513114867915732,0.0013438263486200697,0.0017124322734318742
2017-05-19,0.0004198932547072598,0.00039063401810324194,-7.71061438831211e-06,-2.949188977807715e-05,0.0004912838769717265,2.410133925856428e-05,-0.0001272131756870909,-8.37336371660724e-05,-0.0006066893748853941
2017-05-22,0.003972718958552557,0.00405855485772344,0.004797772600301453,0.005107779991618822,0.0015599454813330915,0.003341912663276103,0.003156703292466645,0.003108229446965982,0.002878059577187786
2017-05-23,-0.0015345478562976966,-0.0014720161850825253,-0.0013630570093632333,-0.0013140244585543304,-0.0006301358164870763,-0.0011540568708025,-0.0011632434823036775,-0.0011186532600393484,-0.003235743570388916
2017-05-24,-0.0008050847539292638,-0.0005893652662146698,-0.0009050966232606594,-0.0007728356326480723,-0.0005211435491246919,-0.0004554864514995094,-0.0006903967481652895,-0.00041135258592595036,-0.0015319151212900284
2017-05-25,0.00027543032222898667,0.00014790181656199053,0.00015527360183575922,3.345089618012054e-05,0.00014770338197722666,0.00026830259289911673,0.00018537447691313602,0.00012427224427780104,0.0006379047581430708
2017-05-26,-4.6922712577113224e-05,-1.0368847451536212e-05,-0.0003530832906598613,-0.00046862262073243954,0.00043983105881739704,0.00014364890670215402,3.387513586305957e-06,0.00022096394590520596,0.0008143621116762922
2017-05-29,-0.002520767591963069,-0.0024602961537147916,-0.0023079864658972493,-0.0022474281645371574,-0.0014117704254361652,-0.0026490610815596005,-0.0022744075624465676,-0.002133618489864153,-0.0015039961566875037
2017-05-30,0.0003001047171351523,9.494356359995848e-05,0.00010995740069352777,6.586443780642881e-05,0.0009366345464272285,0.0002579875639798779,1.798027299781957e-05,0.00017655945913941373,6.972680456418523e-05
2017-05-31,-0.002176024098569873,-0.002157239823577184,-0.0021785306643565816,-0.0021133408278996013,-0.0008307748686049443,-0.0019251312601547,-0.002090287472430008,-0.0020019858133408786,-0.0024264471799329
2017-06-01,0.001620709428429068,0.0016446721560139377,0.0016348726578065964,0.0016180922339770198,0.0005157124627981347,0.0012441136636200945,0.0012124235612567258,0.0014744160856268174,0.0011120362965248987
2017-06-02,-0.0016350011061955216,-0.0015393963197584126,-0.0015134280683842816,-0.0014512978098610851,-0.0008606820552317096,-0.0012804837866319252,-0.0008628796565923746,-0.0008689735100392282,-0.0006953939156667532
2017-06-05,0.0041638455962389465,0.004039097972899475,0.003882923638849789,0.003880295549120616,0.0024423396472876835,0.0034506895248227476,0.0030628240791450434,0.0029671339608767777,0.0019559999474443313
2017-06-06,0.0001452076633201571,-9.143113550713622e-07,1.00207191042756e-05,-0.00014370288727016955,0.0006206887854782739,0.0002185245231145494,7.778724452900398e-05,2.4012948232510212e-05,-0.0012417220487079828
2017-06-07,-0.0018663374731224813,-0.001839113060279618,-0.0018957680373827834,-0.001812218626183415,-0.0007284499985039661,-0.0012876360244533647,-0.0013371057410785925,-0.0016141546509008675,-0.0024948343627485547
2017-06-08,-0.0026526589259419087,-0.0025118276063539335,-0.002425836171350837,-0.0022358454807333006,-0.0011061734936289591,-0.00245216030043105,-0.0018763908219703307,-0.0016313997240245959,-0.0027860645890153135
2017-06-09,0.0033327409942223163,0.0032203457026342974,0.0031680519059114065,0.0031450142293067973,0.0006936479043053723,0.003143986771596996,0.003160753128584659,0.0030034253401380884,0.0026900751051153193
2017-06-12,-0.0021444449138876553,-0.0020835429629151303,-0.002115103795471973,-0.002051668001421536,-0.001201255282756608,-0.0019107916083920262,-0.0017968756719708434,-0.001732772246987424,-0.00228431692890696
2017-06-13,0.002238008990379292,0.00211045183992864,0.0017559094076051718,0.0018013720176541792,0.0014784977647257502,0.002172648609769734,0.0017921196889190139,0.001983412010426955,-2.381381465643706e-05
2017-06-14,-0.0010311090414475421,-0.0007441259226067531,-0.0005737660113473986,-0.00035104987114198405,-0.0011708269499587365,-0.0011241588795184443,-0.0010023354101370563,-0.0008446819193316246,0.0011950723147216014
2017-06-15,-0.0011959615400020107,-0.0011284532550914772,-0.001404687790724335,-0.0013227047632695665,-0.0004939819123183087,-0.0007978663443126699,-0.0008673796955196433,-0.0008974492930905464,0.000122806882187243
2017-06-16,0.0013324562764926995,0.0012999638989037443,0.0012734820560809101,0.001244579339287899,0.001045712678589883,0.0010326451691169414,0.000998833672779531,0.0011657622635008469,0.001385876764239402
2017-06-19,0.002744284393039642,0.0028567213420245263,0.002883650856638109,0.002954736379391809,0.0010301963714089979,0.0021730738806484684,0.0024104972868863594,0.0024288054358680977,0.002486876399390159
2017-06-20,0.00248075758425359,0.0024517856278556405,0.0025119731980631776,0.002012644631612881,0.0006398317136253606,0.0017527393997540663,0.001886374698322868,0.0020365036507372647,0.003358011654813531
2017-06-21,0.0044742548661851345,0.004351631054764882,0.003887502713554092,0.0035588895447815627,0.0025801360813191287,0.003769311045791257,0.0032749045140756383,0.0034916918054772594,0.004422887947732601
2017-06-22,-0.002853450726009177,-0.002810026814256461,-0.00279638459529441,-0.002586346968747155,-0.0018655003436773843,-0.0025664538667661274,-0.0023399565874853145,-0.0023609152848997894,-0.0016762771221006112
2017-06-23,-0.0025574904420998523,-0.002366025094651003,-0.002349518043924026,-0.002269260214459057,-0.001972003226863306,-0.002816838256062826,-0.002749869510484837,-0.002792087098676732,-0.0013072227295730654
2017-06-26,0.0047555792243980655,0.004979121088348748,0.004123252095891594,0.004027381999589519,0.002258439072733376,0.0039000180122903405,0.0028918219421587565,0.0031132366417643276,0.002545956630431112
2017-06-27,0.0008137069109668271,0.0008262032947730091,0.0008057484401580162,0.0008071756902918725,3.070061999577156e-05,0.0014757572760708548,0.0002482595823860567,0.0003418559670538279,0.0010520895643457706
2017-06-28,0.004535324387546558,0.00445827498165019,0.004144911148883823,0.003999828226411983,0.0027796037189238287,0.003908572794774523,0.0034302297518988834,0.0033215426599102482,0.003348385475525628
2017-06-29,-0.0005333699897259736,-0.0005533346114553472,-0.0008189149992366973,-0.000854143588089773,4.766280494061803e-06,-0.0005565400771023743,-0.000568735485592109,-0.00046904981544781954,-0.000668761943213414
2017-06-30,0.0015797570936677552,0.0016702329155120488,0.0017706192504216567,0.0018595130720371333,0.0013844333710371082,0.0013950055225471214,0.001699153161891953,0.0016501032087383738,0.0009743601748526398
2017-07-03,0.0005308165511204166,0.0005546560801117373,0.00023376173822287072,0.00016549909435026322,0.0007144910205987287,0.0012451640314583567,0.0008484602175038436,0.0006948038853766825,0.0003117393267932922
2017-07-04,-0.0008406103158621336,-0.0006127228990757683,-0.0005219057136407468,-0.0004256625332762498,-0.0008976648699337009,-0.0011411094030940871,-0.0010060317626316984,-0.0009690019989528897,0.00152111777501851
2017-07-05,0.0015104293330896468,0.0014734046310420634,0.0014571416670163817,0.0014024244597805602,0.001184708496481779,0.0014946901621570863,0.0012456645547860301,0.001271975103444456,0.0006766497831816043
2017-07-06,-0.003031392547197753,-0.002887898617693452,-0.0024956121979949897,-0.002370602811712863,-0.001863308366846117,-0.002277996120610859,-0.002311964960985402,-0.002401468818953756,-0.0015689820210867955
2017-07-07,0.004495799471221584,0.0044113293103136275,0.003486905658014683,0.003369209964967812,0.0019908423721104462,0.002904034863283167,0.0027576153922670432,0.002648602281678958,0.002077826598014365
2017-07-10,0.0015475299503751039,0.0013879113134667165,0.0008301716049574637,0.0009317285545145104,-0.00023977429454580257,0.0011401760477549594,0.0012592133483322332,0.0011610008492544122,0.0015624014918091955
2017-07-11,-0.001389077450564602,-0.0013731829398642148,-0.000958573266229723,-0.0009650449855715948,0.0002841661387813499,-0.0006756968853286471,-0.0004715801885156745,-0.00030796684037837085,-0.0010319983264232002
2017-07-12,0.003985111051146406,0.003991711633027029,0.0030473330995230974,0.0030318976958503274,0.0022872748420452726,0.0023736155252112034,0.002267648747183326,0.002515148128128697,0.0016497702405580128
2017-07-13,-0.00012047422552752263,-0.0001763753298138493,0.00010182903426447787,9.718010894665952e-05,-0.0008707623335754144,0.0008916729691275105,0.0007666449220096183,0.0006906439951575027,-9.548998354302896e-05
2017-07-14,0.0005658383121842636,0.000589251106264399,0.000616711139750592,0.0006339308671010624,0.0004258288722538417,-0.00042571911154909436,0.00022816744650988596,0.0002321438014647459,0.0009739191011224335
2017-07-17,-0.0032491613411675946,-0.0032399693972832155,-0.002834467482016434,-0.002905327092251442,-0.0017043720493208347,-0.002492619553796871,-0.0024547862047147317,-0.0022266041299874306,-0.0006642780300311069
2017-07-18,-0.0016988997839678666,-0.001565702136454905,-0.001809648602478453,-0.0015970998825201033,-0.001017506546080238,-0.0018456924910916772,-0.0019029163222852308,-0.0017205523980700077,-0.0011149914634296376
2017-07-19,-0.0006568196967760009,-0.0005003611690588272,-0.0009388130214407209,-0.0009298262184772588,-0.0003659251553896903,-0.0010274063577241366,-0.00048512842682768564,-0.0005226958072555021,6.496214216800134e-05
2017-07-20,0.000972904519784823,0.0010499536296471046,0.001191952304435917,0.0011988881131372864,0.00017218747336555928,0.0013189843803775858,0.0012001962994634408,0.0012092880844902787,0.000494136055714911
2017-07-21,-0.001918590888188132,-0.001877659386949837,-0.0018400387997817846,-0.001752085365863243,-0.0008882476939522377,-0.00033988917405247676,-0.0012263618131894694,-0.0012273163562962486,-0.0006536857933187035
2017-07-24,0.0007461171939417977,0.0008270976928483886,0.0010318547279071222,0.0008565113922904821,0.000401117637549131,0.0009085499855017165,0.0011477331698599436,0.0012023589093181908,0.0003173639922064986
2017-07-25,-0.0025138279310232825,-0.0023884806738678765,-0.0021861703686250067,-0.0021166447314794334,-0.0012745791715798038,-0.002039985435771885,-0.002113809613647377,-0.002091394118123091,-0.0021054090738079623
2017-07-26,0.0004767092678106266,0.0002883082118181335,0.00023182171247904115,7.392436792974522e-05,-0.0007151162101001196,-0.0005007921448237918,-0.0010399183615104057,-0.0011905008246451132,-0.0009277241029158612
2017-07-27,-0.0021223962101154514,-0.002058616158375548,-0.002045767833194989,-0.0019212935996489877,-0.00041028394043962635,-0.001485705344465682,-0.0015229510050108752,-0.0014280697078302707,-0.0015251495015069505
2017-07-28,0.00017567233557702622,6.337328717509472e-05,0.00014584294346287052,9.073781101376355e-05,0.00014054945721553302,0.0004492018627257899,0.0006649781651930642,0.0005046419825527337,0.0008844835039263366
2017-07-31,-0.0011956822798047106,-0.0008663919471537662,-0.0010293716648331896,-0.0008225348583389414,-0.00035861496290023887,-0.0013661871927880265,-0.0018036721705728676,-0.0018486767450202057,-0.0005632264666578513
2017-08-01,-0.0028066183049546556,-0.0024883975006760872,-0.0020158600031613405,-0.0023508593018432,-0.0015165872640150457,-0.0015797466383741243,-0.0016294984172318117,-0.0015078706048640145,-0.001588761655897275
2017-08-02,-0.001859646845913665,-0.001956833295482352,-0.0022463985931182595,-0.002292023093739881,-0.0006590984288751267,-0.002446733592575301,-0.001644370769431136,-0.0024720634391811602,-0.0033859195984285995
2017-08-03,0.002780514270178225,0.0028641840012531006,0.0025178010037087972,0.0023821293344583605,0.0019674383318177835,0.0029106651063903755,0.002807097649905055,0.002882274086516201,0.0018384823039736542
2017-08-04,0.0038490590971280714,0.003914679671088495,0.004042214293211943,0.004016259604103789,0.0021984041008902278,0.0033286487259494013,0.0031951206624403206,0.003534493491744506,0.0012943415915902534
2017-08-07,0.0007564002190003638,0.0007647593280044607,0.0007290593036546333,0.0007004941306008039,0.0005892436229713027,0.0004705150095329902,0.0001813893245272702,0.00021701838075549595,0.0008500244199440843
2017-08-08,0.0004297735221012733,0.0004698039799873044,0.0006960833647047249,0.0007278153638401452,0.0004572229600334765,0.0005392397908352553,0.0005486925038804547,0.0005250261503648712,0.0006306945476124426
2017-08-09,-0.0001989322626053669,-0.00025345668346499206,-0.00024387205871045925,-0.00027017708211107827,0.0002585441157567647,-0.0010547678627462753,-0.0009284535466358435,-0.0009214924810269087,-0.0006266320435979189
2017-08-10,0.002630889810220527,0.0027830187682467145,0.002443746210794906,0.002503352978716622,0.0014332075821319457,0.002613445017959126,0.00271918465496368,0.0026785768093544604,0.0033052267620141684
2017-08-11,0.000768778062359754,0.0006302380348786052,0.0008286458312005696,0.0007423111915265679,0.0009523826356045983,0.0006019524331879467,0.000890787892938949,0.0005342349538934865,-0.0003051527998018111
2017-08-14,-0.0018762242709324806,-0.002088494517150319,-0.0021904565484340832,-0.0023817015686780074,-0.0008426167361876846,-0.0023559669549464424,-0.002344598468170811,-0.0025196575508974473,-0.0005508438153103423
2017-08-15,-0.001532023335845678,-0.0015424701310532418,-0.0014801423792668578,-0.0012910741789484703,-0.0010633071339302136,-0.001815758997394501,-0.0016303324492725757,-0.0017124302050327556,-0.002998342357358741
2017-08-16,0.003860569739574826,0.0038843091311431266,0.0031887780148776024,0.003176766245312601,0.0019329853240952488,0.0015842366627041304,0.0018342986622665869,0.0016802785207825632,0.0010717145130394456
2017-08-17,0.0036451480971371186,0.0037104951919622042,0.0025414655393380947,0.0028217918834674283,0.002037950837860514,0.00386699109472044,0.003336227699577421,0.0032737183175262086,0.005702150287111518
2017-08-18,-0.004435055638655316,-0.004268509020125544,-0.0035167657678435438,-0.003499780937066488,-0.002455280716485597,-0.0030881909428794874,-0.0027666614916501686,-0.004347287656316201,-0.001166104059405093
2017-08-21,0.0016053671016780235,0.0018562935255601598,0.0016874373102713225,0.0016473473221081392,0.0013442431107619779,0.0015265213194706195,0.0013325781912789658,0.0013980490033604909,0.0008598951865834703
2017-08-22,-0.0016794806650942684,-0.0016858940924621146,-0.0015536449374351502,-0.001580529974127165,-0.0008501952791711842,-0.001605214603210614,-0.0016426194772760638,-0.0015164385474683018,0.00018302357895816357
2017-08-23,0.0002717264875986558,0.00018860180722279907,0.0005254026743564122,0.0006529846305094456,-0.00013251357933130592,0.0006340567507010508,0.0006480273424835925,0.0006771706012906886,0.0016661944218701041
2017-08-24,0.004849930246263456,0.004559165415839894,0.0053413770093415636,0.005328843134936756,0.0027166147473871582,0.0031613008466673254,0.003391983822528477,0.0035263503209281843,0.002448126703633813
2017-08-25,-0.0022612003700238636,-0.0020358924982806226,-0.0024056394684112137,-0.0023573921515234186,-0.0010660874342793836,-0.0019894463675922403,-0.002049629586075019,-0.0017067195133538826,0.001020065715985119
2017-08-28,0.0037643106134213067,0.003889665740603121,0.0038573426342329853,0.003954033378799515,0.002371559000446055,0.0033510686857050054,0.003454887326154177,0.0033685877659748176,0.0033027542657508846
2017-08-29,0.00047514112874580405,0.0004712721754185356,0.0005566592326760045,0.0005443302077399181,0.00047562019584868054,-0.00012173708453155907,4.556772646968632e-05,-0.00017296724867510438,0.0031656749287982677
2017-08-30,0.001292058557311071,0.0012230733207414524,0.0013123130280916495,0.001237416719191975,0.0002935385590556727,0.000927949007870188,0.0008585412012411808,0.0006896817167574287,0.002718075659122965
2017-08-31,-0.0013141665328271213,-0.001187750367080631,-0.0012657952634002045,-0.0014186156526005966,4.034230002591954e-05,-0.0014824725828055385,-0.0014530411854313252,-0.0013408798617696727,-0.0009864514976573036
2017-09-01,-7.135260971768975e-05,3.6251881819771015e-05,-0.00030400859959156534,-0.0002501994004929786,0.00017330846333507566,-0.0010062253121999598,-0.000918424722833433,-0.0008778176233980028,-0.0003323613167101058
2017-09-04,-0.0008874296767026335,-0.00095489443810437,-0.0008460580163973663,-0.0009036527871971733,-0.0009668522702531712,-0.0019294476707999442,-0.002101356389480502,-0.0020971677952653645,-0.0026176874437304765
2017-09-05,0.0016473569415733635,0.0016634460587086064,0.0015961761177620826,0.0015918363290294835,0.0009920301309660484,0.0016155743083636764,0.00199381568823509,0.0020983857745400236,0.002569588520109134
2017-09-06,0.0025400559444368476,0.0023764131977703773,0.0027086709530068642,0.0025982535094537518,0.0014612488228187281,0.0015700535623028866,0.0014526927539426637,0.0019405221409791729,0.0035166846395355833
2017-09-07,0.0013446964728975885,0.0015845992164440492,0.00137440646175091,0.0017285168282956676,5.7746013674808694e-05,0.001404912636406186,0.0014252940514147827,0.0017493297694965992,0.0014107970670864667
2017-09-08,0.0013753159081901778,0.0013189364572370188,0.001273328881061797,0.001292331862426277,0.0009775050979492494,0.0017778600738955763,0.0014314853079986367,0.0015658495493562352,0.0028957414698085326
2017-09-11,-0.0027000272595315566,-0.0026778618483793704,-0.003649521516478127,-0.003523010130887072,-0.0023359904108131158,-0.0027011305556432497,-0.002867067911822785,-0.0029606165549004304,-0.0052892310454421
2017-09-12,0.0007821605431905798,0.000853485825368594,0.0007020259823751207,0.0009082659790873304,0.0004445459536654983,-0.00017951583977038332,-0.001204672078373048,-0.0010983093252208143,-0.0007873417761705692
2017-09-13,-0.003585190224131951,-0.0034093914916016876,-0.005899038616845487,-0.005821476725673014,-0.0026652928108037433,-0.003356089612402524,-0.0032607069419821055,-0.003428103190375009,-0.003341318257007786
2017-09-14,-0.0018757167761821458,-0.0018881443806192388,-0.002903343914438472,-0.0028900920353412962,-0.0006383495544787232,-0.0020016901267622123,-0.0021882663571148875,-0.002213039304113096,-0.0019277778091882913
2017-09-15,-0.0027413901519278694,-0.0027517801352272553,-0.003875940750173168,-0.0038506277834147173,-0.0015005759998735213,-0.0019694252789953515,-0.0021249878484334017,-0.0020247564664030993,-0.0014159066391089548
2017-09-18,0.0014496042823481936,0.0013868053573120598,0.0017086100213177247,0.0016313529612048683,0.0007344472226953336,0.000863575787637183,0.0006854453154929718,0.0005635313187382085,0.001481488692231192
2017-09-19,0.001932571956453133,0.0019547160480581915,0.003048350232638386,0.003036558395626887,0.0009523205121964029,0.00126109230391247,0.0012285510705085656,0.0012603956553403073,0.0010803736134408215
2017-09-20,-0.0011938617361353376,-0.0011701308691798307,-0.0018927454030717161,-0.0018933652596082595,-0.0007727723822466004,-0.000766481367425853,-0.0009578763707484006,-0.0009705467429703685,-0.002529573187740275
2017-09-21,-0.0039445723547937295,-0.003906602409069593,-0.004987653512532164,-0.004899965102309611,-0.0018973284426243575,-0.0034109657749789024,-0.002676443097492154,-0.0029365803302420224,-0.005229105643818954
2017-09-22,-0.0026879889167110704,-0.002504583476752309,-0.0030616021242230174,-0.002850160595815554,-0.0008010417311196116,-0.0005909830297556873,-0.0014628926392659114,-0.0002779055851578338,-0.0025391961464409363
2017-09-25,-0.002378496911081829,-0.0024188648567533555,-0.0028134984822899556,-0.0027956012994153623,-0.0010674124347014313,-0.0022630408917566625,-0.0014788134686237742,-0.0014230087873995378,-0.0014505663522942358
2017-09-26,0.000909881884858299,0.00090474611190694,0.000872494450220751,0.0010494955175248677,0.00047840752977901246,0.0004057015603307068,0.00090858851655784,0.0006643850645502436,0.0010880466539635592
2017-09-27,-0.0007158594762778359,-0.0007739654038715349,-0.000916394615881555,-0.000980425148681019,-0.00023104642969506983,-0.00041378761851040835,-0.0005262449731934238,-0.0005477576710085641,-0.0015302958964734659
2017-09-28,-0.0007426398828536129,-0.0007728495863148499,0.00012505152885800008,0.00010878767555899671,0.0005356072021953651,0.00020804600402946072,0.00023228743054004575,0.00030730563101188935,-0.0013990887380678219
2017-09-29,0.0015614279743934034,0.0023322732112045497,0.002697105931899868,0.0026339564527730897,0.001014742168151228,0.0009166740745381041,0.0010403148065651902,0.001023802303463217,0.004354358576446948
2017-10-02,-0.0008788263186699785,-0.0008766858841657843,-0.0014359391967010415,-0.0016744178267821264,-0.0011217117051436354,-0.0013457698492825854,-0.0013229395595968363,-0.0012254731012225628,-0.000762894502539524
2017-10-03,-0.0019261819920458612,-0.0018171806184452688,-0.002434003430731857,-0.0023891270789772046,-0.0006001608505055156,-0.0010730976965305228,-0.0012136292181152974,-0.001094945113931045,-0.0022307098438216766
2017-10-04,0.0007877043705752929,0.0008089122309022923,-0.00013842809726039018,-0.00011728191837145907,0.0008146528174990397,0.0005901268627226397,0.0006673054572539083,0.000669240997834164,-0.0002938596550322581
2017-10-05,0.0026687325755447855,0.0027480427708295174,0.0033221414852706577,0.0033308394397391083,0.0015256779100614182,0.00146669654989795,0.0013160713132045476,0.0014026553215993331,0.00029712290322669865
2017-10-06,-0.000121395668680635,4.314242078917729e-06,0.0007201785782600112,0.0009733755447876025,-0.0003958788514447642,-0.0016793943104210785,-0.0014122702306924584,-0.0014807091933954908,-0.0007080616112786764
2017-10-09,-0.00017117593346271942,-0.00033568453636756423,0.0003823275174827945,0.00018718002825801605,-0.00033373331043939913,9.885198987791277e-05,9.164633735303518e-05,0.00022696065446181635,-0.0006543344354609237
2017-10-10,0.00048102947970307675,0.0004892054537362078,0.001033978825932591,0.0010453928337474938,0.0005187627185210264,0.0018233523703818921,0.0013193166543867818,0.0012960894606732776,0.0027283723731321707
2017-10-11,-0.0024186963986327914,-0.0021455781838320975,-0.0025567060600988345,-0.00279553919901665,-0.0012054706057283981,-0.001847684473454403,-0.0019340665266115442,-0.0017995902301648492,-0.005495715935604717
2017-10-12,-0.0012320195085157026,-0.0012268204546365125,-0.0014782482752739856,-0.0014318737520034874,-0.0005786302181347569,-0.0006272832356918334,-0.0008096543564943826,-0.000772424650395398,-0.0006942497111925849
2017-10-13,-0.0029893080372858094,-0.0029376569115483475,-0.0042791962028218,-0.004090749467145494,-0.0010324798742950003,-0.00123615583374459,-0.001150078685734468,-0.0011532100334561424,-0.000867254853159305
2017-10-16,-0.0008577194520618114,-0.0009198671138626047,-0.001507516721841129,-0.0016760517830638477,0.00024129563436692258,0.0009033965528060239,0.0007360021492361923,0.0006391984093521152,0.0010832546235113316
2017-10-17,0.002513204155582649,0.0024946192268344713,0.0029681456770302983,0.0029015040899693645,0.0020983572345247836,0.002870017981510875,0.002522124951087834,0.002401347832373002,0.003315851585565799
2017-10-18,-0.0003210823911637961,-0.0003447661413912284,-0.0008639920370795418,-0.000915036826242499,-0.0005603042734608765,-0.001001029132795872,-0.0008634611303525164,-0.0008840560109337758,-0.002731452752373409
2017-10-19,0.005583104924322013,0.005476731219683506,0.006626922542266378,0.006804376215172381,0.002992836984167413,0.004417262057345717,0.004291851041853256,0.0040888829849059505,0.006383900820146726
2017-10-20,0.0014704042181341581,0.0013628628388997477,0.0018513967559314892,0.0018335738415973246,0.0005680003462260608,0.0017241420929992035,0.0009971080682613653,0.0016223065089486788,-0.0006223194509739072
2017-10-23,0.00017961158984580727,0.0002743210236511029,0.00048395645231891216,0.0005385246067308724,0.0001099637864583336,0.0011347419839529138,0.001060940072797889,0.0009762700629747378,-0.0014060511986430102
2017-10-24,0.0013838218911714772,0.001235655876649533,0.001499675366095632,0.0014688388201768987,0.0010092180466056977,0.0017906236076330462,0.001728919152089059,0.00164300429604336,0.002833612762198179
2017-10-25,0.000706964475520433,0.0006614788632222091,0.0008005853988202194,0.0007242082216682988,0.00046784169752389637,0.0015013747114411835,0.0011364603390036088,0.0013091435375709448,-0.0010948806096986452
2017-10-26,-0.0006266596735212682,-0.0007566945628610933,-0.0013365016839550492,-0.0013998773301658884,2.603145773183435e-05,-0.0007148847429520044,-0.0008405648344457228,-0.0007278035711392183,-0.000794716794495387
2017-10-27,0.0007126706885152156,0.0005403266742556312,0.0010413030206064544,0.0009293074454206351,0.0013558359478109683,0.0008183449159016032,0.0008181029491731717,0.0007139801542213053,-0.00020234926124429453
2017-10-30,-8.741378236254427e-06,-0.00014793111531707925,-0.0006329247530236781,-0.0002136714787904781,-0.00028192269636029277,0.00018105904468623812,-0.0002939518122887508,-0.0001601006648777048,0.00011600323309246541
2017-10-31,-5.02915808144877e-05,-5.1706245905336345e-05,0.0004705094528147935,0.00047237255166598935,-0.0002165882240116046,0.0006097463719318963,0.0006980598305332819,0.0007105895483634495,-0.002908952070057924
2017-11-01,-0.0010681474905319677,-0.001090175877695776,-0.001868848466523687,-0.001844041216790382,-0.0006419718529757645,-0.0008044832162757976,-0.0009084380363679756,-0.0009407468800735064,0.0003939796643703808
2017-11-02,-0.000898291811334051,-0.0010105812398760738,-0.0011251496134787597,-0.0011530985325435283,-0.0007836785090556964,-0.00033598682560131987,-6.0093787991322145e-05,-8.219372095419342e-05,-0.0005556460091016291
2017-11-03,0.0013658776518878923,0.0014431910975420958,0.0013169029682220668,0.0013538976791449553,0.0007578833846098032,-8.211127872259638e-05,-0.00019722695696100523,-0.00022526676395018264,0.0036234973508568746
2017-11-06,0.0006155193711023799,0.0006662002341568662,0.0009182262348466086,0.0009231595683576455,0.0009633355398777077,0.0007267869665250615,0.0007097125837489671,0.0008362597747444411,-7.13969071006737e-05
2017-11-07,-0.0007191678385970457,-0.0006706218500981409,-0.001102157414441085,-0.0011151152292721012,7.833403262424987e-05,-0.00015091336456618532,-0.0001621098972663937,-9.926618291533629e-05,-0.00018815604363175975
2017-11-08,0.0005522019443442439,0.0008249878722423887,0.000986392125117197,0.0008687444270205624,0.0007112365006967103,0.0009463613404165905,0.001055120280238686,0.0011270796106277459,-0.00214449728457089
2017-11-09,0.0021377661187742536,0.002123104381152041,0.002362105270350634,0.0021970604229115676,0.001667715479267473,0.002154959340820106,0.0018772070606893898,0.0018894139194054471,0.0026481091037222626
2017-11-10,-0.0014211798020856703,-0.0012773646281732942,-0.0012341416254199045,-0.0010800462444120473,-0.0007166246394680886,-0.0009983222120456547,-0.0010341714019469483,-0.0008922128288764153,0.00010269608853752388
2017-11-13,0.0009165824150034751,0.0007710618705598637,0.0009058560448518271,0.0008482726592620171,-0.0001371527199098832,0.0005133369625067719,0.00017880371208023327,0.0003863148268017369,0.0004720609359110117
2017-11-14,0.00144329849327951,0.001462761973547666,0.0016221453667688568,0.0015945207085761304,0.0011567454707379632,0.0014019044271844638,0.0012454408184945365,0.0009599346677997556,0.0007181523123038769
2017-11-15,-0.0038531886753299105,-0.003821492788657288,-0.005062652409243196,-0.005094397527231398,-0.0018879500543628192,-0.003099612470649382,-0.0032524490741375756,-0.0032270405243041145,-0.0025928835963007213
2017-11-16,-0.0024196727185041844,-0.0023442368086852294,-0.0029708571458626487,-0.0028361518332210567,-0.00046116002291751723,-0.0010602214198303095,-0.000936030624888784,-0.0013632522192542629,-0.00480417011997758
2017-11-17,5.285106159047537e-05,-3.0723403543153616e-05,-0.00031496414124010386,-0.0002495893962157769,0.00017894922620986797,-0.0002938777845541418,-0.00013305686167497388,0.0005201329633195417,0.003168988230848102
2017-11-20,0.00017131811404302866,0.00022157962492830308,-4.169687272903566e-06,1.1712932074914306e-05,6.221433197950432e-05,-0.0003096846079744253,-0.00024730296073882663,-0.00030782860075473373,0.0007516573460915055
2017-11-21,0.0003816130297733533,0.00046035356226736823,0.0012148499545856506,0.0012084531935931953,0.0007321018080093111,0.000819802765030353,0.0009104635291901086,0.0007768807497083863,-0.0019510895563004116
2017-11-22,-0.0014556716783066248,-0.001457825011226932,-0.001849465755286439,-0.001904445215817674,-0.0005748162881610286,-0.0011026494007450038,-0.0010140678322706487,-0.0010430749083606417,-0.0028035354769928578
2017-11-23,-0.003962509034708406,-0.0038301634186902467,-0.004521586698246205,-0.00447123519601067,-0.0010323322718757133,-0.0022639298201115876,-0.002372192318964239,-0.0022101030135694977,-0.0016851878032823064
2017-11-24,-0.0034528702395183464,-0.003277362128500161,-0.004887095244522799,-0.004899648722467731,-0.0019080014298628045,-0.002532839462951797,-0.002703085200682631,-0.002488056982015263,-0.0038793380013293355
2017-11-27,0.0016174534777604332,0.001590829323366405,0.0011266752574077277,0.0010916210118123715,0.0007533855034107528,0.00110338415960487,0.0010273045005060322,0.0011134037753899317,0.0036970565146356993
2017-11-28,0.002977513376161367,0.003004373343385769,0.0030967867609950073,0.0029913587431338318,0.0019478986294640954,0.002697023182408831,0.0028438504778067752,0.002774007640750087,0.0013493278718970103
2017-11-29,0.0007863444837072908,0.0006947867333422231,0.0008287045014665484,0.0008141007738369233,-0.00021226597536450065,0.0002593522530671688,0.0007916199290471937,0.0006958590412016186,-0.0016053748366252618
2017-11-30,0.005505035090448418,0.0053425301714884466,0.005502722133462035,0.005615741854717582,0.002866064185489847,0.00375676867478969,0.0037694692767926696,0.0035761229165278685,-0.00038101668975409897
2017-12-01,-0.0004900699321495061,-0.0004710306102008177,-0.0003699988260447151,-0.0004530365644523915,-0.0005653337344146969,-0.0006533666640218261,-0.0011465851016561057,-0.0003996394880894094,-0.002325457055015412
2017-12-04,-0.004098021349493219,-0.0041044255929644224,-0.004136664074928187,-0.004100739194217273,-0.0027925286504963953,-0.004107021368932595,-0.004096044309505165,-0.0039416078946705735,-0.00047174018550355523
2017-12-05,-0.003151362482461395,-0.003177404422585295,-0.0031919182980294503,-0.0031772004042114332,-0.0011272042527434856,-0.0031353898812150893,-0.002379642938279636,-0.0023944730577346585,-0.001962977337140237
2017-12-06,0.0002718911416370595,0.00024258963155188162,7.854507705817859e-05,0.0001613182947466374,0.00010844842292456747,0.00018465930853928114,-0.00014177310150220723,-0.00014208057138886954,0.0018608828925761323
2017-12-07,0.0006648449981774274,0.0005945949277090801,0.000523371524113303,0.0005110480716488119,0.000480586093850377,0.00047704598092890294,0.00019118219856295582,0.00012648153106131765,-0.00150867178675973
2017-12-08,0.004567654999919402,0.003928276640879247,0.004333718166695366,0.004284285949608391,0.0025356589846017297,0.0030811795562175615,0.00278712393379843,0.0027135958022874718,0.006039702247570888
2017-12-11,0.0014889074212622866,0.0013146008341593518,0.0012714709423509163,0.0012196546516587414,0.0011085121505622908,0.001743601135203443,0.001963473214470879,0.0020152113706877195,-0.0006155084303787195
2017-12-12,-0.00027052149760531385,-0.00020834595932694988,-0.00013593148655399734,-8.847951915547103e-05,-0.0009339113901574159,-0.000589713479549614,-0.0012381808823103135,-0.0011502736088122578,0.0011154650735401006
2017-12-13,0.001747120971079097,0.0015956330251940543,0.0016402417765088995,0.0016840312466812613,0.0015060897188496902,0.002038518880513873,0.0017718991221855607,0.001661028045882862,0.0005535499401487787
2017-12-14,0.0024593324988246845,0.002486693615509461,0.0015701410893518286,0.0015710719519896887,0.0002985742004213421,0.0003808083700285181,0.0006752447025026864,0.000605474527209493,0.0025214740416670267
2017-12-15,0.003983776408852835,0.0040198139895393226,0.0037301347885378977,0.003880000002605799,0.0023262292741983437,0.003445216115751659,0.0031570594696985754,0.003274905170988829,0.007058506110605656
2017-12-18,-0.002662012050606566,-0.002667541248450034,-0.00269232698907218,-0.0026748277697852263,-0.002192459697427873,-0.002967068802318007,-0.0025816003828229572,-0.0025980095505935275,-0.0037810462579717097
2017-12-19,-0.0010157444762568524,-0.0010206477082074228,-0.0009650215655213623,-0.0009743804028111702,-0.0015302813250510638,-0.002051336296316597,-0.0020741282800758043,-0.001960241818386721,0.0008739987496324542
2017-12-20,-0.00023144511812256408,-0.00016447568332689233,-0.00018376317610280246,-0.00025302393470505447,-0.0007340756095276513,-0.00044351794419261736,-0.00044276644100571527,-0.00045638368819067576,0.0004747699528708793
2017-12-21,0.0013509775603670615,0.0013659649769426352,0.0023133007024924712,0.0022532461048163643,0.0012922691236794126,0.0021201512403572487,0.0017935957231751676,0.0020915220466333206,0.0026977555057450253
2017-12-22,1.8266276623490896e-05,1.6927037922442878e-05,0.0011784295925383326,0.0011620365378732789,0.00043345916285097985,0.0003184113122034482,-0.0006137491346825952,-0.00044239079470265175,0.0032112393327887734
2017-12-25,0.0003141489692297661,0.0003193897668789525,0.0003005414606125356,0.00031628632471125684,0.0006170585443647791,0.0007180858017290515,0.0006992815153017418,0.0006685345626187278,-0.0001985431689554007
2017-12-26,0.0011160427837781928,0.0011420197587350689,0.001171613190709131,0.0011379499126555892,0.0003289630412517397,0.000846629184283465,0.0009274781642509833,0.0009456197930122201,0.0024890297943782613
2017-12-27,0.004280305893732406,0.004161791837196116,0.004283078295366449,0.004253137992088485,0.0024849069066543716,0.002946035806059788,0.003265818323589631,0.0033096124940241722,0.0036573982334149324
2017-12-28,-0.0017739185434553217,-0.0016906692568725568,-0.0018208013849162485,-0.0016888148550727733,-0.0006808299460764333,-0.001051316589971374,-0.0011191545201173492,-0.0011458866079945285,-0.0013304976402802593
2017-12-29,0.001048665210251487,0.001062860425458112,0.0010580555083687937,0.0010682557048826702,-0.0004603506480473918,-0.0004967334846051052,-0.00018032369296150375,-0.00022250543502444486,0.0015496604106095546
2018-01-02,0.0012692801110862906,0.0011624503550520249,0.001133076341185646,0.001093857708562851,0.001733540599332395,0.0019173364664260006,0.0014196498406489066,0.0012646856060112288,-0.0010348250960766636
2018-01-03,-0.00012571939273031685,-8.291121549630631e-05,0.0002468397851427273,3.89140692971246e-05,0.00019015408193245875,0.0002082749564387143,0.0002448302595186025,0.00026886887140431526,0.0023571453939976728
2018-01-04,-0.001504769898253877,-0.0016329398545917861,-0.002533108888287283,-0.0026217966254393765,-0.0007990703405832411,-0.000538314457313338,-0.0006811323043190987,-0.0007573231484547804,-0.0019188756709673793
2018-01-05,0.0013027746095199966,0.0013083377248901407,0.0014382569193784889,0.0014350173403849809,0.000782235283451671,0.0007520211814333599,0.0007584567948741849,0.0007193803749669936,0.0019361793547150175
2018-01-08,-0.0013867544720640446,-0.0015164126361504326,-0.0013701329162029152,-0.0015147078651175372,-0.0013178343754204347,-0.0014157006645448833,-0.0008575245792118436,-0.0007945597567211582,8.019052853880382e-05
2018-01-09,0.0015818785419916548,0.0015440463347251576,0.0017117053717867758,0.0016208652177820415,0.0003357582583227714,0.0005982777396946748,0.0006529345300074763,0.0007804333615901715,0.0025748316261098303
2018-01-10,-0.003409761748356388,-0.003156512601310557,-0.002903874281619867,-0.0028105482680904625,-0.004121147842747419,-0.0031307522376714525,-0.003691540021018347,-0.0027879251513263092,-0.0021756511155607283
2018-01-11,0.0049498288548026625,0.004752139941832434,0.003991823988539922,0.00402518897887294,0.003983890786462885,0.004390853317288945,0.0033811624722601685,0.0040056209349361716,0.0050889161378275816
2018-01-12,-0.00311163245044499,-0.0031544310865988523,-0.003266994435927373,-0.0032987348959016005,-0.0031526551459492014,-0.0037206982201829497,-0.0035821360029282268,-0.0034673204592046147,-0.0001313172170930299
2018-01-15,-0.0006330297154759634,-0.0006471520463321445,-0.0009993508156590503,-0.0009674478178367529,-0.00042836621401398656,-0.000820267153561427,-0.000789682136232317,-0.0007353491990175209,-0.0033800811486801585
2018-01-16,0.001558607893652919,0.0015786206869046193,0.00012754932510850026,0.00016764171336181022,0.00027927331691257606,-0.00023290888890104,-0.00029614833972690935,-0.0002263856073597692,0.00020082562213241673
2018-01-17,0.003628138842478368,0.00373608395929792,0.0022147593334274074,0.0021659582120272525,0.00517601050411387,0.005009386018444362,0.004875480840505153,0.004661688847641399,0.00353754409642848
2018-01-18,0.0017023964032854,0.0016793482182881903,0.00306893627165139,0.003060742198778721,0.00041795741542949294,0.0002999142527642107,0.0007062236435551039,0.000653721001426355,0.00580834582057399
2018-01-19,-0.0009299186889883959,-0.0008960878123294158,-0.0012779053372755644,-0.0012057643900418302,-0.00019243590617235018,-0.00020135536324616954,-0.00047720444831922393,-0.0005677827124224155,-0.0010767277693978228
2018-01-22,-0.0015978012535626807,-0.0016457532444791312,-0.0014929750094551109,-0.0014055524888653137,1.1811504769809744e-05,0.000356256408610367,-0.0007354790344221707,-0.000629997617169864,-0.0008281759993541415
2018-01-23,0.00041649785367159353,0.00032186612261475567,0.00013238826213246568,6.660323481733066e-05,0.00021136035832536315,2.7139017551025546e-05,-0.0005291002733676109,-0.0004896974856735126,0.00010704078576018183
2018-01-24,0.0013331916431988944,0.0013736760799367698,0.0016723819603552403,0.0016990730878019278,0.00016926115980786527,0.0007488559797554917,0.0009416539265156842,0.0008022411241850325,0.0023889301699486776
2018-01-25,-0.004988069094026715,-0.004826627786304605,-0.005029000105276182,-0.005010777103139907,-0.004323845482955946,-0.0046845114362655815,-0.004161138655559227,-0.004283894553288925,-0.005031969209254972
2018-01-26,-0.0020252127218864935,-0.0020759064908637548,-0.0020017757308933293,-0.001857103132295479,-0.001871452107017002,-0.001831768270242451,-0.0018439411735604594,-0.0016612260218591413,-0.0003028943624233671
2018-01-29,0.003414998335806718,0.0035373388883430668,0.003495540242536954,0.003461165210591144,0.003238312128478027,0.0033012263831131428,0.0028765639900663054,0.002653237928337493,0.0020162612358487486
2018-01-30,0.0007614089312322214,0.0007100463419538183,0.0008028125287766752,0.000859424368000905,0.0011897817674180189,0.0009701212620711885,0.0011880499621981233,0.0007054306437963564,-0.0008708077267387537
2018-01-31,-0.0033448022144453304,-0.003381396985833729,-0.0036634452136258266,-0.003659804052400073,-0.0021165215288651007,-0.002799465157110048,-0.0031886647068130047,-0.0031542137185985863,-0.0065852885484697365
2018-02-01,-0.002358435656238722,-0.0023779148689931917,-0.0023748189065263547,-0.002426290258233599,-0.0030936772468557194,-0.0030444203006528836,-0.0034513594831323546,-0.0033843071883526976,-0.0012584350710721504
2018-02-02,-0.00270571575467915,-0.002749718016098024,-0.002758705602732281,-0.0027267296799069474,-0.0022568009068754113,-0.00226319183473056,-0.002129126465919562,-0.002128875150580911,-0.004400339645541318
2018-02-05,0.0030996167104535566,0.0031070856319614926,0.0031496823076586633,0.003123163876416646,0.0026788166812468095,0.002720519587083192,0.0023828151482967463,0.002578524378023861,0.001675907778481589
2018-02-06,-0.0007704855844239411,-0.0007322923559073269,-0.0007560763274883087,-0.0007119738182430613,-0.0007339964689043743,-0.0007317760409888407,-0.0008115306261020638,-0.0010898432570680683,0.0004005847267676277
2018-02-07,0.0004318951637889423,0.00029531183729814003,0.00039903199507174136,0.0003135439659815997,-0.0004917525606851214,0.00039494361347536255,-0.00030587339796050994,1.6809518368576803e-05,0.003090168407944738
2018-02-08,0.0006739001651272503,0.000707451203060927,0.0007767266419738128,0.0007970323785018163,0.000772411183204369,0.0005590361021066137,0.000756863567313415,0.0006755946920178335,0.0016011523840455677
2018-02-09,0.0013547271038063524,0.0012669156485436428,0.0008203679734488656,0.0007833121484022154,0.0015284178162133788,0.0014060827137249987,0.0013787113056447087,0.0012678865448101373,0.0002897555770549065
2018-02-12,-0.0005058911594101323,-0.0004676180879319425,-0.0005241291579138885,-0.0004837332145625206,0.00013182469153649734,0.0001797606072653224,1.0936150490081786e-05,0.00010485118371983404,0.0020233652880097264
2018-02-13,0.00026142425953668,0.000388547185472099,0.00031723525240323625,0.0003236298953170902,0.0007293373017092097,0.000647637544152202,0.0009150065910616956,0.0009884001517608265,0.00033253602212313105
2018-02-14,0.000227417934201668,0.0002000872237597484,0.0002148174007567949,0.00017037946151576833,0.00041637445079234503,0.0003875250746252501,0.0005439427270204078,0.0005870706003650028,-0.0014222139012676216
2018-02-15,0.0010916747261677795,0.0010551743775497613,0.001439233199291623,0.0014155644707125603,0.000649428809838204,0.0005137802692039006,0.0005771937089973367,0.0007328630044072248,0.003350927005650872
2018-02-16,0.0005721470575332788,0.0006673746742054121,0.0006398883313252224,0.0007360779087290936,0.0008604408421242216,0.0008962819040989611,0.0009417521326793299,0.0009472497145632808,-0.001426214739654763
2018-02-19,0.003167559864208025,0.003029117476939902,0.003206956310410014,0.003122544269426708,0.002617253615590176,0.0021145851129995563,0.0025696173935292332,0.002474748610841404,0.0029653063442580674
2018-02-20,0.0008179312318585819,0.000758205979796811,0.0007843259949484871,0.0007227942022862699,0.000668447430841157,0.000681728490074196,0.0005177942604623897,0.0005836712428917146,0.0015965269478281918
2018-02-21,-0.0032249202843405156,-0.0033249229101256494,-0.003310915585648222,-0.0033353267306693857,-0.002134389817633031,-0.0017955781672728266,-0.0020135891929256022,-0.0018634332536427989,-0.004143691073315359
2018-02-22,-0.003532597978034513,-0.0035664907894880082,-0.0032629255314734484,-0.0032567740735089945,-0.0027792673649998934,-0.0027494679186806925,-0.002575822031267605,-0.0028047000069639783,-0.0027706845635687705
2018-02-23,0.0024768639299279638,0.0025092620755333694,0.0024030106406236484,0.0023306812495049734,0.0022377356214628996,0.0020185187754990785,0.002132146767957588,0.002003006210244962,0.0032694710422940254
2018-02-26,-0.003460150139602214,-0.0033454818706479816,-0.0033865003473656508,-0.0033593478810922672,-0.0025462452075825093,-0.00245746322136553,-0.002421524578110068,-0.00249627747492831,-0.0029158480411319854
2018-02-27,0.0036116064903950473,0.0035627844133543363,0.0034993107814373925,0.0034341699047870655,0.002866842775289369,0.003040356484485862,0.002874621033837732,0.0030813221429997206,0.004576155938548654
2018-02-28,-0.003390002945001358,-0.0034048430494458826,-0.0034583727613161086,-0.003435955768865573,-0.0032269316846362806,-0.003147914643890637,-0.003174974136358033,-0.0030854883691305846,-0.005081997296222607
2018-03-01,0.0031315167280074885,0.002995529166397448,0.0029045659536315327,0.002776101918045004,0.0022630704045045746,0.0020934350880610353,0.002078001961411058,0.0019000138947466993,0.0006848717370173674
2018-03-02,-0.0003508315954131591,-0.0003332398206888909,-0.000667326108117039,-0.0007759640514877209,0.00019220089918192684,0.00024370302568144098,-3.1546079904742896e-05,1.556712315298192e-05,-0.0006741854740281994
2018-03-05,0.001433429343643322,0.0014815726046213396,0.0016937392579421395,0.0016108115614565932,0.001933113511192186,0.0019797513039021553,0.001998848206040016,0.0018034376753237602,0.0016923123967447218
2018-03-06,-0.0011643644389183194,-0.001107861710567426,-0.0010016621273356563,-0.0009317023017559878,-0.0006544955715060974,-0.0005252477564420266,-0.0006384990571021154,-0.0005102663038375477,0.0013804533618322345
2018-03-07,-0.00010151938567870555,-0.00018362817484152139,0.00021714965345931425,0.00013052623065434865,-0.0005780012852893979,-0.0006056578274225011,-0.00034756070375652204,-0.00042066424166609107,-0.0010596248409899811
2018-03-08,0.0009166990154039212,0.000931691187546102,0.0010058492652700313,0.0010012216753636505,0.0009253952219681061,0.0009169155610639912,0.0009437755734580389,0.0009044683408399035,0.0008086923471926077
2018-03-09,0.0026103553872827145,0.0027858364301924787,0.002224097983767992,0.002264757613928303,0.002350823051951778,0.002173293646921426,0.0022177037170152403,0.002139653167175126,0.006388794308128887
2018-03-12,0.0020304233907471048,0.002175257927674812,0.0017810581047807972,0.0019310488346355736,0.0008119062277316402,0.0009240362654754364,0.0005208050935023856,0.000822641364425003,0.0031390439577314577
2018-03-13,0.0023422192427435817,0.0023895540901037737,0.0023957742046738506,0.0024062890635438983,0.0021394942016013108,0.0022434957572441405,0.0022419781711391362,0.002199380559907649,0.0008244449665304465
2018-03-14,0.0019605363385393204,0.0019199716720779136,0.001965686420752011,0.0018906386789563356,0.002342477173481683,0.0021981504376118455,0.0021264771489537537,0.002062016568993741,-0.00045980321251792855
2018-03-15,-0.002820941626710094,-0.002820388977606836,-0.002657013505917183,-0.002632321556768291,-0.0022942610092402393,-0.002321556685503934,-0.0021423986724777855,-0.0022242013006338324,-0.002649194579902092
2018-03-16,0.0021946214992896174,0.0021153252426111546,0.002239704108051521,0.0020907887833025995,0.0023750603384922186,0.00225231603294751,0.0021558676587329906,0.002056071501311596,0.0023362948479965784
2018-03-19,-1.0879314368716919e-05,5.202155153916088e-05,1.767619987047553e-05,0.00010821565549479217,8.249758865686019e-05,7.222505132253865e-05,2.3949569896597467e-05,-0.0001538996439285345,-0.00045643832863895284
2018-03-20,-0.0023261296461516423,-0.0021579415296973936,-0.00184258091831635,-0.001558257535026586,0.0004563014951739497,0.00041674336436847703,0.00015442095461026817,7.984250817405503e-05,-0.0012190377454419643
2018-03-21,0.0015799733457764198,0.0015838078595995508,0.0015910783529637929,0.0015823989299628138,0.0012787328809074072,0.001332850253541018,0.0011689774270042808,0.0012596651475411669,-0.00013733426275075455
2018-03-22,0.0003095988070622724,0.00029095478453688983,0.00042157015377641827,0.0003461305184082608,0.0006823505184514467,0.0006649340474895737,0.0008788973598838901,0.0007964019218642537,-0.00026698719682893834
2018-03-23,0.0028950233308049356,0.0028929997064068846,0.0028141304986915028,0.003002781681241462,0.0022157811800764815,0.002403752945262516,0.0021173339411610925,0.0021096918847236523,0.004889858736044639
2018-03-26,-6.952955878614109e-05,-5.650568800175115e-05,-0.00033785019190379906,-0.00023524662790641582,-0.0001770795906570477,-0.0004593924982124742,-0.00022627496194571606,-0.00026062612023147746,0.0015382292933519004
2018-03-27,-0.0024948082685962714,-0.001709303262710793,-0.0013335034218927566,-0.0013295996919919784,-0.001399968870360313,-0.0011665280692833013,-0.0013099578583228855,-0.0011141557783934664,-0.003334028132955469
2018-03-28,-0.0026409872546994118,-0.0026599969297436132,-0.0033856632924568197,-0.0024754827776171107,-0.0021982296149539726,-0.002027779568715693,-0.0018913343099474789,-0.0020241715104034608,-0.002514719387551656
2018-03-29,-0.0008315380506032088,-0.0009336800258049616,-0.001206306564608517,-0.0007765919710177593,0.00040782779064496566,0.0004031926967251742,4.687081461152154e-05,1.3016866071913213e-05,-0.0016550995914739186
2018-03-30,-0.0020907425022544945,-0.0019757700254634525,-0.002534879740270224,-0.0019272308383778691,-0.00178540553575679,-0.0017412679948131116,-0.001678403702733422,-0.0017441418559942523,-0.00199302075153851
2018-04-02,0.0011281413777592952,0.000962274717390077,0.0014537312066558172,0.000829480230143842,0.0008442691850814033,0.0008292102497140519,0.0007954231981301962,0.0008989888444284055,0.0018198196761782803
2018-04-03,0.00010664624811984602,5.456152177463203e-05,-8.493229350259313e-06,-0.00010564778544297493,0.0008437427720611179,0.0007871079521808433,0.0007635092182760594,0.0006421500955720028,0.0008981733763118172
2018-04-04,-0.0017668602044647042,-0.001789623580510713,-0.0024935001926853495,-0.001551424563911219,-0.0017039784048847872,-0.0017566531990004242,-0.00113576340035626,-0.0016801061189737343,-0.003121227294999418
2018-04-05,-0.004416534409160899,-0.004415415992079508,-0.0063629250966050765,-0.004374314880189578,-0.00493222770453694,-0.00469404914149496,-0.004563077943817717,-0.004495853033072761,-0.004469326334119006
2018-04-06,0.0013375006920619548,0.0012937545757589763,0.0013044055841637814,0.0012823891104045693,0.0008742591753576612,0.0008297424285663713,0.001193300029600941,0.00138968315373722,-0.0006173037061616427
2018-04-09,0.0019163051176052104,0.0019401039333311054,0.0019465469266599644,0.0017805930126721936,0.0006487831449879522,0.0006474403530623007,0.000569738790287877,0.0005357120918383362,0.002074386498455816
2018-04-10,0.0017821458693976222,0.0017825722782378595,0.0016976704709061874,0.0019030500383721005,0.000815753749436432,0.0004693306829834931,0.0005385906249879557,0.0005109916395507064,0.0001605866053293603
2018-04-11,0.001969339842985418,0.001995768867800951,0.0024301617837787504,0.002006120151690105,0.00047922902003105783,0.0005072295719503739,0.0006702797061128862,0.0006468464731563817,0.0018616325836153802
2018-04-12,0.00342445124444124,0.003583422589451546,0.0035343889023642383,0.0034281878359674334,0.002875393473409815,0.002682324126230151,0.002600342798210864,0.0024957774315519377,0.003271979918972656
2018-04-13,-0.0013418537010567722,-0.0013526522962704624,-0.0015077920483814733,-0.0011807273672108654,-0.0004868249680339831,-0.0004649888671470759,-0.00046872493619953826,-0.0004141032619667806,-0.0013103684012966132
2018-04-16,-0.000752011987128709,-0.0007236677699542504,-0.0003413679011027293,-0.0008533403906433312,0.0020146921657466788,0.0019787083168554265,0.0020340804153431424,0.001772464224212511,-0.0009860805860300026
2018-04-17,-0.0008743691020629552,-0.0008818831093305723,-0.000803285277328869,-0.0006402383314716431,-0.0008612348831863459,-0.0009594371457918305,-0.0010092737299208787,-0.001011580519806321,0.0016642093289818138
2018-04-18,-0.0006141528791360207,-0.0005991297919940575,-0.0012566391551767087,-0.0008497188084696239,-0.0006647176673517663,-0.0006161058637116357,-0.0006131907282940219,-0.0005777739575210106,-0.0019558180402740044
2018-04-19,-0.0013559915980099202,-0.0013124028558111345,-0.001926885524431321,-0.0013130439944710748,-0.0009163412469859189,-0.0007756402810397134,-0.0008117197036497936,-0.0008512146510573082,-0.0007528458555829953
2018-04-20,0.0017886618308284863,0.0018158972861699318,0.0021243238107775397,0.0014306994328698863,0.0012376613807227876,0.0008672818289101603,0.0010092387633231503,0.0012040886287356667,0.003019706132938005
2018-04-23,0.00042094835506234496,0.0003702457891212596,0.0005263459043183261,0.0002748580504048359,0.0005413261099427302,0.0004272909134968028,0.0006442236050612227,0.0005903601555963256,0.0011416191578172974
2018-04-24,-0.0005994528597830229,-0.0006171645477862642,-0.0005646740546803031,-0.000977898545653333,-0.0006802089314845716,-0.0006025622036118783,-0.0009949935796591536,-0.0011901724427422211,-0.0020730832273399002
2018-04-25,0.0004639304930416088,0.0006230829524873638,0.0006274713039260416,0.0009483098225824271,0.0007953170323120595,0.000820475095843376,0.0007318790829029531,0.0008673801069118969,-0.00044954619577175503
2018-04-26,-0.003369018707366167,-0.0032614372377804957,-0.0043414529959796555,-0.0036710529316196228,-0.0038347286763632527,-0.0037019645328714157,-0.0036757636570808883,-0.0034834670792770472,-0.0035904788210379124
2018-04-27,-0.0017166945718125604,-0.0015082679938492882,-0.0021300958669064896,-0.0014319863031050373,-0.002182967334432351,-0.002160933690177891,-0.0022657059588764294,-0.002221909683974177,-0.004083468722464123
2018-04-30,0.0017922404593317953,0.0019059229168878478,0.0011195655587949993,0.0015793924227192058,0.0027832338010147506,0.0025379783688046498,0.0021921827962865237,0.002035299493020837,-3.133253406473191e-05
2018-05-01,0.0032889933468984722,0.0033356500406525047,0.004073431833784724,0.002730552628760874,0.002657114803344296,0.0024642138360078114,0.002021585540459725,0.0019393715679232315,0.0026501974139701012
2018-05-02,0.003751460514195726,0.0037742301567476044,0.00455032216784379,0.003111255864999496,0.003289813049751178,0.0032131759077567157,0.003211958230406431,0.003090131639319038,0.005870767705872693
2018-05-03,0.001768291164362834,0.0016437132058049198,0.002289341746513296,0.0013493061934279904,0.0012598320953312037,0.0013440442808902997,0.0013048582483137228,0.0013927837618081806,0.0019028364244537688
2018-05-04,-0.0023795226156755334,-0.0023802810775347405,-0.00432164088658582,-0.0025848322239055976,-0.001794576601046538,-0.0018906978266312047,-0.001999463902267351,-0.0018037429119739379,-0.0022229639095110443
2018-05-07,-0.00037990752319028154,0.00013182028179348215,-0.00046890254617770744,0.00015339958219895422,-9.95877279885704e-06,-7.76013765708683e-05,1.5927194575882098e-05,-4.237042587007522e-06,-0.0016203956971773126
2018-05-08,0.00018191130152245272,-0.00019533271137506247,0.00023549736875949634,8.21401544268685e-05,0.0007456808922239322,0.0008089458540323502,0.0009381600573103999,0.0006158478615352347,0.0009661936286260442
2018-05-09,-0.001590363141724227,-0.0015951527265039012,-0.0013077238451935091,-0.0013060804832838446,-3.357624040944973e-05,1.0307188101466025e-05,-0.0005617027659996499,-0.00038960177321178957,-0.0010756045194780794
2018-05-10,0.0006839263508173765,0.0006831653775687396,0.00041896200529878413,0.001215833156847701,0.0008320793598990406,0.000621577727383249,0.0009624515008574974,0.0009412736479599282,-0.000199772014964128
2018-05-11,-0.0002843752040242453,-0.00022901340784864388,-0.0004596509589125386,-7.36327210483223e-05,1.4118688454800576e-05,5.740951770794034e-05,3.7267514432226534e-06,7.549039178100792e-05,0.00045684117967503823
2018-05-14,-6.5171918329332e-05,-2.5447757514118763e-05,-0.000803366785358639,-4.250355287849228e-05,-0.00034306579541321103,-0.00019667100788045566,-0.0003093960213657043,-0.00031400577384099737,-0.0003613602950400807
2018-05-15,0.0018485324123915792,0.0017817042032364228,0.0027055421357891074,0.0015760363154546653,0.0017929839204928744,0.001847000129732601,0.0016526751754259994,0.0015882760232086568,0.0010359797740340237
2018-05-16,0.0007251407319868175,0.0007272539244811416,4.859083967678757e-05,0.0010094667851556771,-0.00021167392935472762,-0.0002069757045084497,-0.00018315541521707335,-0.00010713167529785572,-4.351691946014036e-06
2018-05-17,0.002021241395245621,0.0019387936414385631,0.003167267707431476,0.0016694713428679897,0.0008596616284239911,0.0009034673216437028,0.0006740788193397851,0.0006509578131155269,0.004006110412328567
2018-05-18,0.007504329576181412,0.007055183473170468,0.008848788614356229,0.006711884278971736,0.00526657982634382,0.004943997370414621,0.004935108528570709,0.004744759423496836,0.007630299782271699
2018-05-21,-0.0037126228582654575,-0.003725448354329308,-0.003914790319832218,-0.0034792620213260905,-0.0023043169072759495,-0.0023577723592853594,-0.002034964227352054,-0.002034519744733787,-0.0037811167460339856
2018-05-22,0.0005747607119148679,0.0006410751608121323,0.0007012484225570326,0.000711710428523471,0.000923241628906224,0.0009374938679356237,0.0010017650993805471,0.0009890693020746522,0.0012316785821240295
2018-05-23,-0.0013078153478265353,-0.001314085810424248,-0.0012541033507438293,-0.0012652443398871727,-0.0008518551973667465,-0.0016447308967734164,-0.0008303663020409191,-0.0006875299001364299,-0.0011559167568484519
2018-05-24,-0.003743832208718101,-0.003812519712016016,-0.003297764834411243,-0.0033085656928459883,-0.0022018326100615715,-0.002582267188003917,-0.0019596041346117143,-0.0019408860161105324,-0.002462200673407411
2018-05-25,-0.003564893995779972,-0.003648055779183146,-0.0035164571434016523,-0.003428582225306731,-0.0025065802632594503,-0.003327316918484202,-0.0025368784087871354,-0.0026288419148520203,-0.0009290433414878008
2018-05-28,-0.0005316431739774696,-0.0004013451531311718,-0.0006835207658069109,-0.0006357265655140276,-0.001499088242785107,-0.0015574671047678956,-0.0009036819924337358,-0.0010438556251776143,0.00038130555689219747
2018-05-29,-0.00033161480714627434,-0.00027114683454498856,0.0008942359213135465,0.0007518606803500472,-1.3676995073486076e-05,-0.00020684921982583315,1.6829132484463827e-05,0.00014866191836149234,-0.0001299776867262903
2018-05-30,0.003413985424605581,0.003482629343199095,0.00387391044390184,0.0038863795537054102,0.002310447427225304,0.002112691191454852,0.002029861589545323,0.002017497383297595,0.0036215774416243907
2018-05-31,-0.006916721513471447,-0.00706383098868435,-0.007373261413880172,-0.007367642800980567,-0.0028938128736007984,-0.00426760838373097,-0.002648833049851751,-0.0027807173244720484,-0.004540734240956912
2018-06-01,-0.0004729320211881438,-0.0003667521444742361,0.0002796816006640501,0.00011298495056588642,-0.0007892415317318768,-0.0006728142533348747,-0.0007414979090234475,-0.0007248973290631122,-0.0002833152189605226
2018-06-04,-0.00045123018837900375,-0.00048143663680044746,-0.0004929746885058428,-0.0003587657633555841,-0.00044587946868823725,-0.00041925670588294217,-0.0004687091490620521,-0.00046663207674524365,-1.4275677148400945e-05
2018-06-05,-0.0017741211398600853,-0.0016970807862805026,-0.0022567729659480618,-0.002212151746012081,-0.0022291100097836525,-0.002957113175544701,-0.002205409111126322,-0.0022293522924766718,-0.0012443276760603084
2018-06-06,0.000803559904454465,0.0008311359888355518,0.0005175025488084462,0.00038033728599073946,0.0008471805594667536,0.000663313629990947,0.0008163622723265096,0.0008291625693690463,0.0018277516053879506
2018-06-07,-0.001449302884341197,-0.0013975182841228229,-0.0008772328864986578,-0.0008218037958734881,-0.0007053107579948481,-0.0007054003173964096,-0.0006478658718399588,-0.0007147639947289175,-0.001226567789063937
2018-06-08,-0.003006572252912676,-0.003048657489254536,-0.0028088648350073075,-0.002843594570273056,-0.0016061040651762504,-0.0024944147055546706,-0.001579403995293438,-0.001634448627502727,-0.003722383888896119
2018-06-11,0.0024835397549001215,0.002478734536021099,0.0011887540881274639,0.0011447798378061425,0.0005954133676997486,0.0003925456639350955,0.0005563372008807743,0.0005476437498970199,0.0007106187051826307
2018-06-12,-0.006099196811948815,-0.006153832249169877,-0.006231145211344713,-0.00630366816057204,-0.0034999390693588595,-0.003493196369796614,-0.003517207260420263,-0.0035094777801947252,-0.004152594777645957
2018-06-13,-0.0021160693582590318,-0.002173330031474352,-0.001514696821727446,-0.0015168174543533919,-0.0013141150861382123,-0.001548812672096056,-0.0010763216537806874,-0.0010479888879268984,-0.0025911139862463406
2018-06-14,-9.545838358548941e-05,-0.00011715547800295045,-0.00018141372624713714,-0.00016779043590331444,0.0002450813821481823,-0.00017398666337864466,0.00031972317305961617,0.00029925264808228214,0.0003827982291868537
2018-06-15,0.0034261209071078103,0.003117405685427066,0.0033152570694678918,0.003241958010449464,0.0018614365016000889,0.00537169079987132,0.0016225964183591568,0.0015588820539742532,0.0073675409569824435
2018-06-18,-0.00133694889071434,-0.0014284077042231447,-0.0008801749706491835,-0.0009579687820813199,-0.0009931628551821392,-0.0011317850412926322,-0.0008285842061563908,-0.0008923202883209802,-0.0020650822469732155
2018-06-19,0.0027822553061624955,0.0028897960114602217,0.0017912440279246322,0.0018637685368454449,0.0018524284763921095,0.0029156156706833247,0.0017523729018860124,0.0016950601676348764,0.0028539093474719834
2018-06-20,9.427048668353422e-06,0.00013589520335122174,0.00018271731626384735,-0.00014922815783380283,-0.0002743693224873667,-0.00034983477545513786,0.0002545829407787359,0.0002470231668239009,0.0008849379423709891
2018-06-21,-0.002801449192965322,-0.002792286949107159,-0.0025999027160620303,-0.0025698030294102336,-0.0026070518387258934,-0.003033782673078411,-0.0013963927670335163,-0.0014301541643251259,-0.001451757859705305
2018-06-22,0.0029060589617078136,0.0028770396488062566,0.0031494515573398107,0.002927173947671946,0.0015599959029655164,0.0019044431929688965,0.0018829732549807687,0.0017952502987776953,0.001926075091587487
2018-06-25,0.004408152704155954,0.0044442870388698985,0.004250310204062968,0.004164783410338435,0.0028576892159939415,0.004365689570035913,0.0032805206564994194,0.0032137336539068695,0.0049301964061008174
2018-06-26,0.007099550162524615,0.007089975662337933,0.007252961791080814,0.007225377225660967,0.003954364720241799,0.005617414522490538,0.003813729941849253,0.0037594025213072424,0.007346017183598397
2018-06-27,-0.004922046769625932,-0.004863196990679053,-0.005051433263683736,-0.004899219148876255,-0.003299045074664053,-0.00538732444218426,-0.0031789713144440013,-0.003039931470414814,-0.002274936153458529
2018-06-28,0.003331207537837333,0.0034788436382540144,0.0034816611806556264,0.003275747737318868,0.0019332679108696738,0.003968025274160292,0.0026164669164581156,0.0025782392768807227,0.0032102769584689828
2018-06-29,-0.0039449947103377125,-0.003960766686561423,-0.0037250117643661262,-0.003762815026990385,-0.0021412060825165558,-0.0027118746653184145,-0.0023430394869434767,-0.002350294714974055,-0.004132810398239761
2018-07-02,0.0006848202242029089,0.0007336036330263251,0.0007251614591112787,0.0007623097008548907,0.00025791632817595556,0.0005412680121452684,7.370185975452692e-05,0.00010999380582643603,4.908330317054954e-05
2018-07-03,0.004249421973892886,0.00424411954791637,0.004262652562052827,0.004318526771255771,0.002132753045431146,0.0027791675606496646,0.0020169924696951114,0.0021718926492682034,0.0046399980712827915
2018-07-04,-0.0017075485936605128,-0.001781500114368617,-0.0017360112063167232,-0.0017904627601457168,-0.0014640069723407256,-0.001635234338886793,-0.0013874533471190942,-0.00137749862983505,-0.002554602486034674
2018-07-05,-0.0005450591563705975,-0.0005464472299033796,-0.0005728755122267337,-0.0005539891399056751,-0.0007417389927053541,-0.0005569251174291079,-0.0006238900658269708,-0.0006016281176961513,-0.0006830729904645505
2018-07-06,0.0016142751893035712,0.0014538711053240227,0.0015169104247263476,0.0014416881710708207,0.0010185132942766018,0.0010984168150611762,0.0011438450054590543,0.0011084764533311198,0.001400536656936291
2018-07-09,0.0028541111864375246,0.0029529030902593068,0.0029506534718461985,0.0029584965802416097,0.0018706572561331125,0.0025460619017960706,0.0019348365391427258,0.0019238404334038783,0.001781884519699517
2018-07-10,0.0004567205059740065,0.0005184997159215499,0.0005404637830341841,0.0005737669155541081,0.0005888832735942984,0.0010110454458949203,0.0005346046338763344,0.0005768883148300485,0.0005588115041013086
2018-07-11,0.0035863835279308365,0.0035499448991203053,0.0033654332009664945,0.003396147713385478,0.0024928165497684063,0.0027671657167520625,0.0021061375320527986,0.0019269874971443723,0.0020326961051115866
2018-07-12,0.0017521775467794765,0.0017195739450976966,0.0017275426159266694,0.0017990817881243792,0.001139238760257566,0.00154784769924321,0.001231559360898915,0.0010862659739445668,-0.0014940050610889877
2018-07-13,0.00045317522597709825,0.0003245050340734412,0.00018976337982912206,0.00029520319848996834,0.000878816654670489,0.0007633235077677547,0.0006927165415080427,0.00042382915053029713,-0.000917896032919252
2018-07-16,-0.0007085165763316414,-0.0006653417572669573,-0.0006991374886731183,-0.0006537124719051546,-0.0012796516138035008,-0.0010106687363299338,-0.0008831805884812471,-0.0006288065700170709,-0.0001822550522169175
2018-07-17,-0.0009324041201909106,-0.0012087700624303643,-0.0009404733045422775,-0.001217968408127934,0.00022144975117743826,-0.0007833648780446456,-0.00028829337610702943,-0.0003623891876208818,-0.0033533744584491876
2018-07-18,-0.0030502096161465486,-0.0030530919299014414,-0.0031186270316584386,-0.0029275989153929594,-0.001424411945440296,-0.001660211096188302,-0.0010852180397904476,-0.0010602548289783131,-0.00011641239763626743
2018-07-19,0.0019049302625242515,0.001602717131996112,0.0015933409500703544,0.001300459821693023,0.00016906536463312527,0.0005792874627037481,0.00011503725510375595,-0.00015275895403421558,-0.00436545488550899
2018-07-20,-0.004930272248293788,-0.004788492411754719,-0.004836147820234449,-0.004690349611234046,-0.003626089430696311,-0.004031772591859384,-0.0030021498367139854,-0.0030026576599019306,-0.003346240869337991
2018-07-23,-0.004349021329222658,-0.004363489013396116,-0.004163436178888036,-0.0039254226661583624,-0.0013956770956740083,-0.0018524273935722757,-0.0012336696826417137,-0.001156155619321031,0.0006242618353271556
2018-07-24,0.0010333049773496583,0.0009334831764387097,0.0009157804428032712,0.0008713649122851219,0.000894388622521447,0.00013497830553221846,0.00035543388507486284,0.0003189033812907027,0.0011510310250952838
2018-07-25,0.004455991379092472,0.004392809260428399,0.0045136569588954956,0.004532652988909813,0.0037601856530788957,0.004602429993200818,0.0036703123679031613,0.0036592408207283267,0.0040031021669373335
2018-07-26,0.005561905691515268,0.005497900995182992,0.005159512483396522,0.005057282709376665,0.0031835811028511074,0.003944388901359064,0.0025512147280046804,0.002497180799871268,0.0032758463670155002
2018-07-27,0.0044302826211009005,0.004532083291535649,0.0045593443446829696,0.004572814713219797,0.0032235954305752657,0.003798024098951025,0.0030296942931260507,0.003295510065754792,0.002674888589534019
2018-07-30,0.0037377761434549406,0.0038034314979418227,0.0038906678219849944,0.003824182428710632,0.00019069684294525935,0.0012229056155685925,-2.6334048440324054e-05,0.0001015873350149743,0.0024420057090599467
2018-07-31,-0.005510181275445891,-0.005242482600218867,-0.005476036260907313,-0.005207328087036278,-0.0035079291435741178,-0.004180263862074707,-0.00320574907442428,-0.002855953425747293,-0.004524168453692523
2018-08-01,0.005137020022349059,0.004903947765431349,0.005281932569872527,0.004927420842671282,0.0042161619097620395,0.00488165937716456,0.0037071731469051628,0.0034847649623974686,0.00205541358347916
2018-08-02,0.0009910368049836915,0.0010778304036660469,0.001144881298361211,0.001224397946048672,-0.0005372009124315902,-0.0009996020634714942,-0.0007275224240417266,-0.0007481048975840343,0.0008241586881148066
2018-08-03,-0.0020692663869600336,-0.002124484862414344,-0.0023241178279950203,-0.0022770341838512786,-0.0013643313037705607,-0.0025324704917562,-0.0017120283563927252,-0.001779486565405053,-0.0025923721403819933
2018-08-06,-0.002944797082289674,-0.003178579813149174,-0.0034476959691402964,-0.0034023431338359167,-0.0020904287670805433,-0.0024269940388763622,-0.0028291519926069153,-0.0025790793872380036,0.001992426577780204
2018-08-07,0.005351416860282399,0.00534287690984292,0.005277613115384883,0.005337950238484268,0.0021948352782317215,0.003006153958684976,0.0023032062959911226,0.0024631131913948057,0.006123653767229786
2018-08-08,-0.0021041229857858834,-0.0018999184810664094,-0.0018908720287246217,-0.0017033882256778377,-0.0006222237292984323,-0.0001619329147787285,-0.0006432270654154193,-0.000724669158445046,0.0027090343622770963
2018-08-09,-0.005764084620743182,-0.005855873753696117,-0.0062253803256946405,-0.00626362752743681,-0.0036634668285158156,-0.004082209972132267,-0.003943135148691712,-0.003807798649014149,-0.004963601201677603
2018-08-10,9.870287407864886e-05,8.957556303879066e-05,2.844277221347724e-05,2.7870107359717622e-05,0.0001522719447799581,0.00018096329387007337,0.00017135826404834908,0.00019077141424350685,6.631568704484891e-05
2018-08-13,7.002043362502874e-05,6.877410407324369e-05,0.00015466868238211973,0.00014937623026378688,-0.0004977254559054289,-0.000126785460394907,-6.232074342193972e-05,-7.664643783478198e-05,0.00010724406262418995
2018-08-14,-0.002368098729388035,-0.0023731719363888626,-0.0025183404508114515,-0.0025125053630098426,-0.002099865610859064,-0.001989814985572269,-0.0018097586110987773,-0.0017833068793369211,-0.0019896292201311283
2018-08-15,-0.0031019865877021102,-0.0027387950428691132,-0.0029340298948530297,-0.002881807800986791,-0.0020496080519262216,-0.0024835753041745345,-0.0016773928038585906,-0.0015989467464377904,-0.002130460993623906
2018-08-16,0.0008205078396514853,0.0008085040847642944,0.0008308557005531902,0.0008032676914342396,-0.0001950926590297275,-0.001586474384202563,0.00010290195952489256,9.16426654644642e-05,-0.0011058783013555562
2018-08-17,0.0013155993969791169,0.0013152564975138503,0.0013600282858143853,0.0014685770981706092,0.0005095166572148813,0.0012176298201078684,0.0009680427177674034,0.0010778665886921335,0.0020024317437994377
2018-08-20,0.0013368906286268523,0.0014728149847997862,0.0014252687082247917,0.0013240387380988317,0.0016078934607930417,0.0023712467416032723,0.001540341845659876,0.0016448110796205562,0.0003446483636815323
2018-08-21,-3.0466578219257023e-05,2.5511171828807022e-05,0.0005769309953274071,0.0006786426947280599,-4.402119914048708e-05,2.705817534343069e-05,0.000642924743134321,0.0005088464283997673,-0.001857297242441991
2018-08-22,-0.0005548553187504357,-0.0007314879288000675,-0.00104992357842848,-0.001060352248245744,0.00014414137963836282,-0.0003901068553335829,-0.0005246574241298818,-0.00040852635805366244,0.0008077616509840624
2018-08-23,-0.0013446511768780978,-0.0014440207452827147,-0.0015692615405260568,-0.0015981215195435272,-0.0019293975434065969,-0.0021820436964911094,-0.0019425323060987543,-0.0019143648418969983,-7.550272710765693e-05
2018-08-24,0.0025712420095236332,0.002459027358918897,0.0024105078438210192,0.0023833841425791036,0.0006694620770266724,8.284953454973376e-05,0.0007668535198896986,0.0006840275350852298,-0.0005376347058482223
2018-08-27,-0.002284660292367735,-0.0024433420708066533,-0.002640573402123869,-0.0025505411704875858,-0.002351776567466324,-0.0023252817662152703,-0.001755139279189133,-0.0022018607172923366,-0.004133315028782225
2018-08-28,0.000937482436974113,0.000939881375260132,0.0008683452990940754,0.0011074503858450324,0.00033436429255040423,0.0007607135459437586,0.0003463152873504072,0.00023764798449921187,-0.00020751033506416494
2018-08-29,-0.0016106643519885333,-0.0016160098537589818,-0.0013277942053725456,-0.0013023965588275788,-0.0016528636635859684,-0.0019882357449546584,-0.0015963101344348418,-0.0015601114376192493,-0.00266349022282808
2018-08-30,0.0026998263428092972,0.0027129837417432245,0.0028198987358249994,0.0027721963035400865,0.0019763129426244586,0.0021481184704859047,0.0018742788472869698,0.001857997399048461,0.002872191597518281
2018-08-31,-0.0005602804187564425,-0.0005567340783289021,-0.0007529646029649228,-0.0006982565842189592,0.00017201038172021121,0.0003106053715116186,0.0003128203972311283,0.00027347826994406077,7.039088939109206e-05
2018-09-03,-0.0010311983128512558,-0.0009584464295864237,-0.0009650299165389065,-0.0010482741835921017,-0.0013300495402921442,-0.0021533796196975263,-0.0011388408445981435,-0.0010427125813996518,0.00106904248677675
2018-09-04,0.007139161832658614,0.0071695888446918765,0.007241180727801888,0.007200778710398703,0.005014840545465082,0.0062793685073838645,0.004760485358248356,0.004677200728829156,0.003294521157853003
2018-09-05,-0.003175124341589286,-0.003182608362773953,-0.0035633831643473446,-0.003540198297075303,-0.0032911871221724676,-0.002729251890997264,-0.002139511968739738,-0.0015554322913681196,-0.0002987137308673171
2018-09-06,0.001552612247608831,0.0018507864614343283,0.0018276249773641062,0.0018485162589765292,0.0017037358741709419,0.0020138211662195094,0.0012750082562473786,0.000945740605362122,0.002311912424720619
2018-09-07,0.0031151654625405367,0.0031216072983422105,0.0027447072405979434,0.0027126225160845063,0.0014014509261432995,0.002103993670955484,0.0014707282887138629,0.0014885434892490945,0.002804182814702294
2018-09-10,-0.0026787723744063907,-0.0023766407704167714,-0.002800504037338891,-0.00272545002730773,0.0002659998547971387,0.0003329632781849945,-0.0006536419364255863,-0.00037055280015874104,0.002525876356383794
2018-09-11,0.00018987474762366396,0.00019283794722824155,0.0003053004337798537,0.00032498865319707804,0.0005056616709622208,0.00042888744213720464,0.0003750207375989856,0.00048299268255669325,-0.00040234332156441344
2018-09-12,-0.0010051026911087613,-0.0011111750688113098,-0.0011662494250702649,-0.0012401781931613565,-0.0013478096731492917,-0.0012105031102985775,-0.0011417469254094703,-0.0010827773570220023,0.000255415705757267
2018-09-13,0.0008811917007154335,0.0009283075622623649,0.0018183984295601086,0.0018405747536831552,0.0011190156718905442,0.0008423938143171661,0.0010488870461986544,0.000999243595356969,-0.0003718156022685104
2018-09-14,0.0012721871985259536,0.0012881961063586633,0.0017349886971846917,0.0017551407773497285,0.0014653889493871919,0.0012020578122748926,0.0013847432512665847,0.0013434406044268155,0.0008336460572158089
2018-09-17,-0.002999685977562061,-0.003010177432250738,-0.003508325527571854,-0.0034782945139854027,-0.0014905089187067233,-0.0010761419037680353,-0.001267246192449778,-0.0012484217797564812,-0.002893463291808618
2018-09-18,0.0037320017710484876,0.0037470196454869598,0.004519175430982791,0.004484484834065716,0.002039467481917079,0.0026076390779001812,0.0020113207295850977,0.0019093054128322962,0.004064501059277248
2018-09-19,-0.0005149692633379388,-0.0005607425499897234,-0.0003197981210254497,-0.00032429092528774017,-0.0003942784785350151,-0.0006681037303066795,9.918054593027748e-05,-0.00022856430548245932,0.0006775482406229383
2018-09-20,-0.0011012056980862495,-0.0011373773215819227,-0.00147265513846484,-0.0014874947334014843,0.00028541925593827955,-0.00011935822853992306,0.00014544476172106968,0.00011744262438262432,0.00024421582547007326
2018-09-21,0.0013403834232288414,0.001364483539890049,0.0013419476016505172,0.0013432321738058306,0.0007435467319836242,0.0012064366689510386,0.0007361067733613336,0.0006837049718133592,0.0013901216213672019
2018-09-24,-0.004529336636588166,-0.004545341474242459,-0.004349498596831758,-0.004768503088642961,-0.0024554532739496926,-0.0033907671951710627,-0.0023558207950548082,-0.002390390700072409,-0.0016747300420056899
2018-09-25,-0.0004834372456712366,-0.0005212661117529604,-0.0006252644673491181,-0.0004456514838337977,-8.238135432470095e-05,1.8429617435700152e-05,9.097028952820274e-05,7.494295365528814e-05,0.0019267199789370082
2018-09-26,0.0012442021249190471,0.0012848843284192224,0.0013358322177114967,0.0013453162657786066,0.0014653040299121844,0.0019318609813669951,0.0012690529281595975,0.0012627060625163278,0.004405790609774085
2018-09-27,0.004295596138766067,0.004183885659424291,0.004078921886439213,0.00397116555279986,0.003961515391073256,0.005612398862753887,0.003765589687622306,0.0035828569782108133,0.005978199033948917
2018-09-28,-0.007705725053072654,-0.007851269522024973,-0.007246156065978782,-0.007425601720182695,-0.00486317990683538,-0.007052113040136532,-0.004674506210545548,-0.0044636486441156364,-0.004214849734089254
2018-10-01,0.00015315471731791597,0.0001934491401693883,-1.8618047424423523e-05,2.6284573807489053e-05,0.00039775102131844875,0.0006476125241792197,0.0001158290817704355,6.588168654420024e-05,0.0009411208625436096
2018-10-02,0.0017236937109632589,0.001790997179722531,0.0017258927568599702,0.001869642879348321,0.0014565817300520312,0.002005312680424254,0.0015412247529915657,0.0015878157006101734,0.000735127504567501
2018-10-03,-0.003502586746214953,-0.0036523774900018013,-0.0032259164711366806,-0.003349662704005163,-0.00285088917970322,-0.004058931558207246,-0.0029541897730371858,-0.0029736148106257465,-0.001315374245696832
2018-10-04,-0.004498939800882007,-0.004443746403462012,-0.0035151927766591262,-0.003492598845641015,-0.0030249104878876665,-0.0036845298660987957,-0.0028144099138289747,-0.0030389570529707477,-0.006313984739469536
2018-10-05,0.0022600075316416834,0.002221472742282238,0.0013925289248226669,0.0017546971867925532,0.001999292989296242,0.0024735469254062448,0.001825210005000466,0.0015270268523912556,0.0025556339954107
2018-10-08,-0.0003566510641621612,-0.00034915395938417415,-0.0004908965336966054,-0.00048704609616045946,0.0003123303422838397,0.00034424882934902534,0.0002948784045573305,0.0001103496647925084,0.0002165265219007395
2018-10-09,-0.0006065838671961421,-0.0005142770501012084,-0.00047661547503696777,-0.0004348371867066714,-0.0004198854685105724,-0.0007210565748011488,-0.0004648101866034926,-0.00036218455997549803,-0.0012535982453470984
2018-10-10,-0.0029768529617516526,-0.002026883813154079,-0.0019416857480887284,-0.001937312711398076,-0.0016476624686599939,-0.0016724078435941259,-0.0015073389209755428,-0.0014886618653908723,-0.0013844665438925707
2018-10-11,-0.004924679283147881,-0.00485208974934026,-0.0044430986062879985,-0.0044062605559579415,-0.0020809168545927736,-0.0030535653110371763,-0.001992636699506889,-0.001959978186083622,-0.0035810731421346276
2018-10-12,0.0016910454507756967,0.0017451037321805085,0.0015521952875443557,0.0015930072728220779,0.0008713749312267982,0.0014853822432270292,0.0007870299992447372,0.0008117619669134601,0.0018632948695687102
2018-10-15,-0.0018390938798659162,-0.0018957329567819148,-0.0017507030508767674,-0.0017868557811692165,-0.001495314872651643,-0.0021701896101700147,-0.001427780330105377,-0.0014307195730265398,-0.0021330053712332875
2018-10-16,0.004007729422578654,0.004040645074450788,0.0039636004780625456,0.004028098579905048,0.0017259673206597714,0.0017314069379692487,0.0016782559061194746,0.0018037154654813037,0.0029815856640724725
2018-10-17,-0.0033918824096002,-0.0033793172192279064,-0.003361195211852741,-0.003343378416793996,-0.0024388025210155817,-0.003536860445230383,-0.0025478075577918258,-0.002665291520730473,0.0006411442146716517
2018-10-18,0.0016224692939033059,0.0017965360783580575,0.0017695038156648746,0.0017699966578899051,0.001650375220647371,0.0019143187786381244,0.001512368973915379,0.001451520987310495,0.002944907639621075
2018-10-19,0.00045856444505076865,0.0003798512889561234,0.0005850945658403273,0.0004989340718237756,-0.0003363589264451239,6.522004024867023e-05,-0.0003454546697639893,-3.6806362354591116e-05,-0.0001230037607019563
2018-10-22,0.002333734582685709,0.002445136875166787,-0.00030709223819846976,-9.476577800993091e-05,0.0008088489345798866,0.002163409634798219,0.0007657413951891456,0.001314460303892817,0.0026122018167271666
2018-10-23,0.0007423786050193559,0.0006872732304767926,0.0005402883519116664,0.00046241275833369677,0.00024154717223545674,0.00029476194322408666,0.0002401047545210755,-0.00032075101439033027,-0.0004909393524231698
2018-10-24,-0.006517167023070702,-0.006533050972413412,-0.006048436238265897,-0.005999757736549816,-0.005942793554701731,-0.007820395056248208,-0.005663234293892039,-0.005442749051964957,-0.005915922157860964
2018-10-25,-0.002099636824340778,-0.002095300826362112,-0.002074320469742985,-0.0022536709586929993,-0.0007811599478046993,-0.0013472009283971298,-0.001354950492969742,-0.0016122394903304027,0.0003596138240540281
2018-10-26,0.003189148339150627,0.0033602302791413408,0.0033066035211195555,0.0035297185269060893,0.0016873359476923255,0.002590525045692127,0.001641978705882785,0.0014193845550614093,0.008785517314344515
2018-10-29,0.004521024113048222,0.004365110779565029,0.004675108983051013,0.004466372867667268,0.0035365900966719543,0.004843135000670795,0.003112682692651525,0.003260975826416823,-0.0007697114597902122
2018-10-30,0.0002773728417018173,0.00022986151783199738,0.00038494738133887374,0.0003326195013928501,-0.0005841764096709001,-0.0005959778814550454,-0.0005661697461546433,-0.0006980935023286339,-0.001960119098128321
2018-10-31,-0.0011721403486282256,-0.0011626952457102213,-0.0010773986567664817,-0.001054438995828244,-7.351400987520851e-05,-9.455720731965656e-06,-8.903605555288241e-05,-0.00029693059212210215,0.0009404196551372479
2018-11-01,0.0022708687683179463,0.002208578942381356,0.002443259857020319,0.0024285806425849987,0.0020139002670380712,0.0019862257066138866,0.0022606957864128585,0.002137570757396512,0.003933694814387767
2018-11-02,0.002228542574678638,0.002206534020270823,0.002180409166416375,0.0021267894616832095,0.0007672331363957063,0.0014016472916467126,0.0006659787314962085,0.0007394677857872622,0.0015133126492581361
2018-11-05,-0.003227381518229766,-0.0032198403175714985,-0.002716056666084654,-0.0023982422478662224,-0.0026587342300185,-0.0029319321635425943,-0.0017368826530658188,-0.0021255914380985397,-0.0009800960154432437
2018-11-06,0.002115275127092975,0.002135060861969018,0.0018439510221621713,0.0021552256119421465,0.0011070452268222564,0.0012111972490589373,0.0010503918178284,0.0010069996312702667,0.0027056605655608745
2018-11-07,-0.00036382644572874323,-0.00034343499398759025,-0.0006230614808122592,-0.000593842164543501,-0.0010712374764164645,-0.0009313242012554124,-0.0012526814205563452,-0.0011448886328006003,-0.0022611725634443802
2018-11-08,0.002192974267376968,0.002206522061822147,0.0022463859837618116,0.002234411422187055,0.0013194302448684692,0.0011926644258670738,0.0013761129186005139,0.0013429148520440748,0.0016248720950764461
2018-11-09,0.002026243785602899,0.002002443101752238,0.00196042356545556,0.0019403635256931562,0.0010417998678957652,0.0011429881757489824,0.0003223034499526545,0.0003422940030717303,0.001949580942493201
2018-11-12,0.0013249278832703215,0.0012782198016216828,0.001320398683618107,0.0012642306157035765,0.0006766182029998014,0.0005640116440266407,0.000618386668839177,0.0004095144327560529,0.0024539804147292177
2018-11-13,-0.00045898263590571364,-0.0005227979279417427,-0.00023499157815898286,-0.00028686907728003863,-0.0008535945094532149,-0.0009960166843826501,-0.0007080698616542813,-0.0006956831061054602,-0.0014811324085901578
2018-11-14,0.0030992978363424406,0.0030672647464666802,0.0030174088200094484,0.003001701990618111,0.0022978984554211657,0.0033927832930684687,0.0020874614561072757,0.002044928584149064,0.0024408955783914443
2018-11-15,0.001030542031835724,0.0009199282800480546,0.0008890813874649073,0.0009006254358110422,0.00025019275999427215,0.000892256984777573,0.0003986026388809183,0.0005371300485697006,-0.0002666532288211343
2018-11-16,0.0008609581252889686,0.0009463570886669714,0.0007882455934440369,0.0008180690854275863,0.0007942439325561157,0.000974683765308404,0.0010772012163082767,0.0009648667453439064,0.00021449963724351484
2018-11-19,-0.002999791604655355,-0.002887417509472079,-0.002876739933456496,-0.002800944845966269,-0.0013315384890134618,-0.0018165239842566905,-0.0010711972096220101,-0.0009911836138617458,-0.007383637092383322
2018-11-20,0.0007567540259949546,0.0007296405213368384,0.0011517645087784079,0.0011049545632109137,0.0005473626771723694,0.0008620275647170939,0.00047557640276618685,0.0004514428323099118,-2.1447520940465203e-05
2018-11-21,0.0005745068748490567,0.0004897927020695025,8.996363499935711e-06,0.00027298464930125554,-0.00022114349966684266,-0.00021729870306907983,-0.0005551747770839999,-0.0005854152468586227,0.0015045408662202053
2018-11-22,-0.0015460415082821921,-0.0016737189931140817,-0.002180745305706777,-0.0022762497642061508,-0.0017079868820828459,-0.0018695212737593891,-0.0015102113674289042,-0.0014872660781465319,0.0018551925582903639
2018-11-23,0.00018840262319019807,-1.5763531124535213e-05,0.0001425988055472338,-0.00016673214963602856,0.0006448121827369313,0.0009290922188394113,0.00043912075613961044,0.0003179024227430993,0.002645196570042696
2018-11-26,0.0005523404951561783,0.0005141727198196833,0.0006564702438340841,0.0006193272182752896,0.0007752839609969087,0.0012762884706056798,0.000517089305938967,0.00047415164212494254,-0.0005763362480013523
2018-11-27,-0.0037142647780266103,-0.003480359952250933,-0.0025569317153324445,-0.0023089200575857616,-0.001797059598681927,-0.0020192940870344955,-0.0016402462535447526,-0.0013944957733559304,-0.005693937568257534
2018-11-28,0.004644586275504459,0.004660289809218732,0.0031765906525835774,0.0032088438462583024,0.0018332994185306095,0.0023918623546330675,0.0017750869540498204,0.0016445086935106268,0.0016758905632210386
2018-11-29,0.003580947030610293,0.0036552718979583343,0.002680807571104671,0.002703718260183452,0.003278014283726094,0.0038659786007202435,0.002481289254935737,0.0024387257301345944,-0.0032559634245434843
2018-11-30,-0.000592583645322442,-0.0005637946446467312,-0.0002912514351610662,-0.0002850761584077821,-0.0004849065487636528,-0.00045446904736323734,-0.0003688165687379952,-0.000371576526172257,-0.002866311551062206
2018-12-03,-0.0014735308475822828,-0.0014325866506197382,-0.0023001901174027894,-0.0022510257591278338,-0.0009519549598525634,-0.0013212219166421901,-0.0008794463018593213,-0.0008642013026688433,-0.0020206999373180157
2018-12-04,0.0005181704134678,0.0004432222167429778,0.0005788981266252602,0.00044716805123923287,-0.00011568210678980506,-0.0005151758107146964,-0.00011270708146837727,-0.0003574480863411944,0.001388831966980364
2018-12-05,-0.0012849885144508022,-0.0012457183352917456,-0.001114283361782764,-0.0010760661980092623,-0.0004123002970081169,-0.0006459675408283516,-0.00038137425381801204,-0.0003420624354020241,-0.0016947881433702072
2018-12-06,0.0016436779105415411,0.00159042362271955,0.0007334843786030998,0.0007408829773982717,0.0020177065647666304,0.0018176769012219207,0.0018415399699776014,0.0016773681855231093,0.0027220907029443797
2018-12-07,0.006683176639563193,0.006674019819188359,0.006120051621690603,0.006022570438110497,0.003992656667711092,0.0046941253622165835,0.003847102274713743,0.0037622534016696907,0.005834727067365764
2018-12-10,-0.002418348799028469,-0.0024244423397160597,-0.002365187499923871,-0.0024142706747721787,-0.001719458103062066,-0.0022794736424760487,-0.0015711779833326167,-0.0016514609591504747,-0.004769219280837178
2018-12-11,-0.0034626100110417557,-0.0034702320057410363,-0.003205905392306252,-0.003346184193399715,-0.0014146636469402063,-0.0013393057790361818,-0.0012782033542082516,-0.0012176502807883516,-0.004714509866065919
2018-12-12,-0.0010128279277298313,-0.001010213692316242,-0.0012983847854248776,-0.0011283760039110247,-0.0006753237182843819,-0.0011626575558959518,-0.0005958486804484853,-0.0006012926779240813,-0.0013412644288214315
2018-12-13,0.001494180020052971,0.0011451484335387452,0.0009338458666747762,0.0010633714676733241,0.0006085046407389161,0.0004430415482290506,-0.0002078228472344179,-0.00019156851344537262,0.0006744112917573819
2018-12-14,-0.0003309045932111676,-0.0003929264160938972,-0.0005546671775312761,-0.0005444959440559227,-0.00016375073249741412,-0.0005553032023373206,-0.00036160237760551883,-0.0004147916037618993,0.0037865479576115746
2018-12-17,-0.002586028996852452,-0.0026155737647044486,-0.002441167724579474,-0.0026446253399220465,0.00048474007912435724,-0.0016114668250389874,0.0005452353726997927,8.25140087026277e-05,0.002890759729024417
2018-12-18,0.0028549465265443885,0.0026344651659158114,0.0031799739188123066,0.003182524368049,0.002032467602382404,0.0025909151584360135,0.001987369158729768,0.0019580911118368682,0.0028641510101674594
2018-12-19,-0.0016283156653258413,-0.001428480073464189,-0.0015288965046595937,-0.0011069218041070972,-0.0017282735783128444,-0.0028795578075290207,-0.0019533410619483327,-0.0018339802678147832,0.0036810419216199985
2018-12-20,-0.00013418517078411796,-7.087193427546268e-05,-0.0003552066705005963,-0.0003266382268153345,-0.0005457271335653768,-0.00040606221635119955,-0.0004664836191162758,-0.00043340228760702093,0.0006998513678777574
2018-12-21,0.0021062143810013367,0.0021409255105677705,0.0019754259888249415,0.001920958152854313,0.001816808843265072,0.0020360251109938776,0.002057456126996371,0.0020563737836396534,0.008227366943112102
2018-12-24,0.0035632150371522897,0.00357053263994489,0.0035693707129214047,0.0035342924760732863,0.0020477285488158525,0.0024837649266578055,0.0019752559106955836,0.0020353727342965477,0.0038307487803068696
2018-12-25,0.005750547489471902,0.005726834702213912,0.005889846935089871,0.00590608043851204,0.0028756513964811603,0.005718113931553637,0.0026987239565468,0.0025473739509955795,0.0053125561278837274
2018-12-26,-0.0008533556598344649,-0.0011551782384022768,-0.0006206643809253398,-0.0004571828996247085,-0.00025488574692722477,-0.0004903076457043465,-0.00026851594204946316,-0.00040219766515925404,7.910101457730967e-05
2018-12-27,0.0011205665165843204,0.0011034779582019816,0.0009759427784601371,0.0010237622491449105,0.00014765523578308404,0.00045541947869365274,0.0003748091759903094,0.00026304162736590087,-0.0023501765266991104
2018-12-28,-0.002038638274458493,-0.0020565554346165804,-0.0020415325057387967,-0.0019854417584815875,-0.002109845606063754,-0.0022041209614163115,-0.002145997969436042,-0.0021365801582554633,-0.002740238289267727
2018-12-31,0.004187380433738674,0.004209130845751696,0.00420760588126412,0.004165434087336495,0.002353656142271454,0.001859720961505884,0.0019140390343537206,0.0019812922255129095,0.0038480498473578706
